player_id,team,position,draft_tier,career_min,is_rookie,mpg,total_min,pts_rate,pts,reb_rate,reb,ast_rate,ast,stl_rate,stl,blk_rate,blk,fg3m_rate,fg3m,tov_rate,tov,fg_pct_rate,fg_pct,ft_pct_rate,ft_pct
201942,SAC,G,lottery,36796.53,0,34.58115881660148,2835.6550229613213,0.6150828888806722,1744.1628833920383,0.117079494905015,331.9970578131802,0.14356139422987593,407.09058865127815,0.0318583085389712,90.33917263158524,0.013109338782228898,37.17356236552902,0.028097661935455133,79.67527620074247,0.05279180872860593,149.69935759248472,0.465658375188027,0.465658375188027,0.8464214697267985,0.8464214697267985
1629029,LAL,F,lottery,13943.14,0,34.2063952550287,2804.924410912354,0.7911335396579762,2219.069777678154,0.23861821910008393,669.3060676422579,0.23967541150641375,672.2714124298036,0.03507075092481516,98.37080537804106,0.015482154634429035,43.42627346762983,0.09134911081643053,256.22735084414376,0.10450420223955387,293.1263879046461,0.48175135936932273,0.48175135936932273,0.7856027881597432,0.7856027881597432
1628369,BOS,F,lottery,17561.03,0,34.17907482034913,2802.684135268629,0.7551158016484895,2116.351077570874,0.22830006870865605,639.8529806504882,0.1424555053006,399.25778468766765,0.029710200992985245,83.26830897868201,0.018069840098746938,50.64405417159895,0.08853903167823761,248.1469394366431,0.0741514663383546,207.8231383134122,0.4629547970588615,0.4629547970588615,0.8308722970373916,0.8308722970373916
1626164,PHX,G,lottery,20353.57,0,34.119701572090854,2797.81552891145,0.7353027625171387,2057.241487421939,0.1259019537911957,352.2504414372992,0.18111840677311128,506.73589104151154,0.027942659915105292,78.17840782957309,0.011262944141415073,31.51164002011333,0.06400521002610704,179.07477054228113,0.07482778107609243,209.35432788867774,0.46741271738307466,0.46741271738307466,0.8667846266833561,0.8667846266833561
1629027,WAS,G,lottery,13881.54,0,34.1138466160224,2797.335422513837,0.7479010241869585,2092.130027492557,0.09322336102838819,260.7770100105062,0.2684222807916171,750.8671542503461,0.03344108455596866,93.54593039569154,0.005820539726330828,16.28200195461422,0.08413954532223343,235.366530564092,0.1121127847468967,313.61706408916314,0.42559151900974185,0.42559151900974185,0.8690615330356534,0.8690615330356534
1628970,CHA,F,lottery,11041.41,0,34.112525567708325,2797.2270965520825,0.5680815391972284,1589.053074493501,0.19272126740271456,539.0851512607327,0.0962626373933493,269.26845770224435,0.026614222551093608,74.44602447358653,0.016935540935886277,47.37255400062811,0.06301989784443682,176.28096587240285,0.055412500406583166,155.00134762499772,0.4581842152809006,0.4581842152809006,0.8238965222295658,0.8238965222295658
201142,HOU,F,undrafted,30078.0,0,33.93599989184198,2782.7519911310424,0.7191938856739527,2001.3382173684631,0.1786462711738571,497.12826681718695,0.1430726452388539,398.13568841480594,0.02424296410287926,67.46215662820565,0.030786678598367288,85.67169116991802,0.06211941993019719,172.8629394986616,0.08707245994456428,242.30106128341419,0.4990952488053309,0.4990952488053309,0.8676000859470996,0.8676000859470996
1628368,SAS,G,lottery,15419.9,0,33.91673911548769,2781.1726074699905,0.7267065895195401,2021.0964604396836,0.12655600069627504,351.9740824474332,0.16752705498870565,465.921656344707,0.04402254446500811,122.43429477721021,0.011338029557179836,31.533017227113668,0.0745196906246943,207.25212228253804,0.07554508726861558,210.10392734040357,0.4581376745699245,0.4581376745699245,0.7778395780169672,0.7778395780169672
203081,POR,G,lottery,30517.37,0,33.84324170184611,2775.145819551381,0.666505244595966,1849.6492432495659,0.12306090793315816,341.5119642009012,0.19105347577730436,530.2012546141473,0.02851602539827611,79.13612867424695,0.009174791051285556,25.46138303123253,0.09485824767136633,263.24546947516177,0.0761198032237407,211.24355370143775,0.42976634560312715,0.42976634560312715,0.8805554501786663,0.8805554501786663
1627734,SAC,F,lottery,17469.65,0,33.78070328128008,2770.017669064967,0.5409944783758202,1498.564263967607,0.3677794532986226,1018.7555839562384,0.20099894171371335,556.7706200103454,0.026800357855135088,74.23746479598827,0.016116024572627733,44.641672821264,0.018372436979239033,50.8919750562747,0.08491920554717644,235.22769980863848,0.5517198024564057,0.5517198024564057,0.7252555396589332,0.7252555396589332
203076,WAS,F,lottery,25408.65,0,33.74380492926343,2766.9920041996015,0.675760325692098,1869.8234179453536,0.3483817058871525,963.9693945991683,0.09891452338653743,273.69569530976355,0.03223337234577196,89.18948354913958,0.056423176002343686,156.12247685003183,0.016463445132362652,45.554221042826306,0.06395442931222028,176.96139454006214,0.5493334869853845,0.5493334869853845,0.7872214122101466,0.7872214122101466
202681,DAL,G,lottery,25073.97,0,33.7023762904666,2763.5948558182613,0.6971674696336955,1926.6884327235148,0.1380179926255514,381.4258144303366,0.15170314758806192,419.2460382858064,0.03403529144373814,94.05975635019,0.015241656345634453,42.121763070945136,0.08447850687575652,233.46436702904833,0.05543250050938638,153.19297325288335,0.47294853664321723,0.47294853664321723,0.8778125915015337,0.8778125915015337
1627832,HOU,G,undrafted,15082.11,0,33.611032064773866,2756.104629311457,0.46303134636619003,1276.162837236173,0.1087076786253984,299.6097363011626,0.1960557081725321,540.3500448972517,0.037215305857467226,102.5692767550072,0.016884475097044976,46.535379978459666,0.08194314223936311,225.84387366623585,0.050981237290759304,140.5096241050876,0.41431995336200705,0.41431995336200705,0.8608925014600275,0.8608925014600275
1628378,CLE,G,lottery,16011.89,0,33.61000386715612,2756.0203171068015,0.7446675737887006,2052.3189628522873,0.1348797180678438,371.7312433606148,0.16082813991944486,443.24562118048544,0.044357165880361794,122.24925037555371,0.013372486434059822,36.85484430250395,0.09539346018065847,262.9063143770134,0.07681221773371232,211.6960326761425,0.45393873420347847,0.45393873420347847,0.8548694013343245,0.8548694013343245
1630162,MIN,G,lottery,10392.24,0,33.495306835732734,2746.6151605300843,0.7437603841385081,2042.8235468765056,0.1568501559995193,430.80701639978844,0.1465639594251513,402.5547929444367,0.03682088486960783,101.13280060699766,0.015657310069967914,43.004605211294226,0.07432260322821557,204.1355887966791,0.0877401955344197,240.98855124271114,0.449406559913364,0.449406559913364,0.8110033769951253,0.8110033769951253
1627749,NOP,G,late_first,13733.23,0,33.399281133677164,2738.741052961527,0.592675981678458,1623.186042127067,0.15277580434283752,418.4133672529471,0.18579153224044723,508.834896639538,0.0381836520114527,104.5751353157625,0.009529797609293511,26.099647938986756,0.06676527909260588,182.85281076335366,0.07298179661433714,199.8782425065737,0.4471368162924627,0.4471368162924627,0.8094366519249269,0.8094366519249269
203944,MIN,F,lottery,20511.91,0,33.346490318648875,2734.412206129208,0.6245121316748604,1707.6735957275093,0.25790705406583714,705.2241966844506,0.12844560078165262,351.22321860095025,0.022235643507090508,60.80141501692595,0.011154913320922444,30.502131143043627,0.050969183563718594,139.37075767307232,0.08836788433580776,241.63422155764678,0.46509987711600187,0.46509987711600187,0.7834718623952214,0.7834718623952214
1630178,PHI,G,late_first,8227.94,0,33.31712058020168,2732.003887576538,0.6532651203234828,1784.72284834191,0.10324912730978413,282.07701719921516,0.15287622429419828,417.6584390897725,0.027158125540362833,74.19610455556293,0.010594714638400546,28.944801579874348,0.08015162674763582,218.97455587012468,0.050874662895804584,138.989776810484,0.4464329879092254,0.4464329879092254,0.8505241869854786,0.8505241869854786
1628969,NYK,G,lottery,15479.03,0,33.296260076946055,2730.2933263095765,0.5530293544264424,1509.9323556438092,0.1267982122676486,346.19631274234604,0.10540358514089858,287.78270507929864,0.030532324169225453,83.36220091595683,0.012126996182454185,33.110256745136375,0.07734845665323985,211.1839750006863,0.05432588745341343,148.32560795989983,0.44225086811863284,0.44225086811863284,0.829644398574151,0.829644398574151
1630567,TOR,F,lottery,7388.67,0,33.26518672463459,2727.745311420036,0.5758044366248178,1570.6478522982022,0.22823695693743512,622.5722891788654,0.16057570164157858,438.0096172807986,0.034236070229227485,93.38728004922235,0.030074372087372882,82.03522745523298,0.0445528019356137,121.52869659049578,0.06979827839577135,190.3919266392557,0.4753860712375878,0.4753860712375878,0.7654987599328914,0.7654987599328914
2544,LAL,F,undrafted,34490.57,0,33.178099453301,2720.604155170682,0.7355723756552555,2001.201261636458,0.20969189687511883,570.4886459440704,0.21612789162927104,587.9984400148737,0.03308244305910026,90.00423204978567,0.016645016433841576,45.28450087279368,0.06143188193453788,167.1318332510585,0.09508368881563543,258.68507888077386,0.49493259550242247,0.49493259550242247,0.7745568556127925,0.7745568556127925
201935,CLE,G,lottery,35482.6,0,33.020033587169515,2707.6427541479,0.48170392730950734,1304.2821484241745,0.16032046960500243,434.0905578675735,0.2437878358352715,660.0903672487707,0.032239495054383345,87.29303518138812,0.019388459962484405,52.49702313150757,0.07542140413943839,204.2142184258108,0.07879304087169353,213.34340619352034,0.42368379000400364,0.42368379000400364,0.8669922439279856,0.8669922439279856
203507,MIL,F,late_first,25945.09,0,32.82063626736654,2691.292173924056,0.8288659264310226,2230.7203810361234,0.333604487378412,897.8271460674666,0.18921210275623537,509.22505135957056,0.03213891372520998,86.49520698707805,0.029508578624433592,79.41620671556082,0.015442031627759777,41.55901886927764,0.09997649776758291,269.06596601823173,0.567688472683272,0.567688472683272,0.6700936553073933,0.6700936553073933
1628983,OKC,G,lottery,12692.74,0,32.68386619067482,2680.077027635335,0.816703216723405,2188.82752953628,0.1607218630621044,430.7469730314981,0.17752800161688706,475.7887188954276,0.04877361042197827,130.71703284677932,0.024436370580704362,65.4913554321297,0.04475480973376012,119.94633744364079,0.07112081069043195,190.60925091822824,0.49886055450441835,0.49886055450441835,0.8560045322669139,0.8560045322669139
202331,PHI,F,lottery,29181.25,0,32.67121488732601,2679.0396207607328,0.627427947919629,1680.9043316492875,0.16127334796418288,432.0576889687782,0.12539393309784164,335.93531497213837,0.04589733031262343,122.96076639466075,0.013987242423557533,37.472376637896005,0.08964201684174503,240.15451480393583,0.06655408874777798,178.30104067892327,0.45160995707115975,0.45160995707115975,0.8686449181523876,0.8686449181523876
1631094,ORL,F,lottery,5228.4,0,32.64583532571281,2676.95849670845,0.6521247020996054,1745.7107621990056,0.19327217290094828,517.3815854244982,0.14483420224853874,387.7151483232159,0.02821099429610796,75.51966088155983,0.018367621783045098,49.16936119644979,0.04817911357900147,128.97348745918944,0.08654703918319773,231.68283190642032,0.44715491710066096,0.44715491710066096,0.7396124301456344,0.7396124301456344
1628389,MIA,C,lottery,14679.44,0,32.64183386905057,2676.630377262147,0.5675776438521937,1519.1955629896574,0.29959507505823063,801.9052787789931,0.1145733629768239,306.67054376884903,0.0336614687504058,90.09930980059664,0.026977055686562793,72.20760673974651,0.008541574905789603,22.86263886249651,0.06829215781573306,182.79286413837164,0.5163409116051119,0.5163409116051119,0.7647373443543241,0.7647373443543241
1628973,NYK,G,second_round,11939.949999999999,0,32.563673432658156,2670.221221477969,0.6947076901612502,1855.0232169925118,0.10260030277899894,273.965505810548,0.18521651659358385,494.56907317641395,0.026759317088377,71.45329636164232,0.006099400252932793,16.286747993669234,0.07289161205991311,194.63672939011943,0.07019918484592268,187.44735310603735,0.46262212910267775,0.46262212910267775,0.8387599736056357,0.8387599736056357
202710,GSW,F,late_first,27043.0,0,32.44593603632529,2660.566754978674,0.5910365915463219,1572.4923064440538,0.15852885800610897,421.77660931578833,0.1488395731404229,395.99762012262596,0.04443682629613231,118.22714274025175,0.010247035396982221,27.262921714300596,0.028707288870717752,76.37765839500094,0.0519733820150194,138.27865233296714,0.4775124211211313,0.4775124211211313,0.8429924829057989,0.8429924829057989
1627759,BOS,G,lottery,16306.23,0,32.364914642410945,2653.9230006776975,0.6728511104842974,1785.6950381458073,0.1681848069180761,446.3495274444197,0.10956951014523317,290.7890431474226,0.03318556821416306,88.07194277412604,0.014148533232720419,37.549117772169495,0.06173834587172698,163.84881613277122,0.07296502098219412,193.6435474295758,0.4731433270546528,0.4731433270546528,0.7557374462255192,0.7557374462255192
203999,DEN,C,second_round,21074.14,0,32.25846618308513,2645.1942270129807,0.7625427709089585,2017.073735458859,0.3531632376040985,934.185357303575,0.25126159036454254,664.6357083023884,0.034931170817939096,92.39973139041679,0.023113065604993592,61.138547706901335,0.03346049242621952,88.50950139884743,0.09394141632274225,248.4932921343408,0.5662200732049703,0.5662200732049703,0.8125548765739575,0.8125548765739575
202696,BOS,C,late_first,28225.75,0,32.23376050235355,2643.1683611929907,0.5188114763299319,1371.3060796591021,0.30246921485950523,799.477058951529,0.09793797617299399,258.8665599797307,0.02267499265721986,59.93382318184691,0.023036390549067327,60.88905865537998,0.03889366577904324,102.80250683798162,0.0500760748110845,132.35949659339184,0.4845677885185079,0.4845677885185079,0.8074659169652086,0.8074659169652086
1629632,CHA,G,lottery,10115.619999999999,0,32.02479613964806,2626.033283451141,0.5290714049058121,1389.3591186049177,0.12065132142562812,316.83438575606124,0.1396900618626833,366.83075181875523,0.024428234671734998,64.14935730393125,0.006574391968819479,17.26457212857383,0.07635249515474814,200.50419355091057,0.05533989265240911,145.32440000783956,0.4376373277613569,0.4376373277613569,0.8460352228165324,0.8460352228165324
202699,DET,F,late_first,28422.95,0,32.02361217863701,2625.936198648235,0.4933719261857591,1295.5632003679898,0.18180921810153652,477.41940706075667,0.0900626107240434,236.49866964503028,0.030512673258931765,80.12433322815492,0.018841286317558874,49.47601577037355,0.0460519362825604,120.92944650221739,0.04199758261422167,110.28297244240446,0.47321908327001155,0.47321908327001155,0.8610196129679456,0.8610196129679456
1630595,DET,G,lottery,4563.04,0,31.931359088510803,2618.3714452578856,0.6635769853843431,1737.4910302606731,0.14745806129785516,386.0999770753909,0.20286568242366182,531.1777100808706,0.029176397632971696,76.39464643766286,0.012825499099078718,33.58192061220846,0.05935882461958282,155.42345140798642,0.09984922054447375,261.4423479049071,0.4318343037240627,0.4318343037240627,0.8370043035753345,0.8370043035753345
1628384,NYK,F,late_first,12148.939999999999,0,31.929979252153696,2618.2582986766033,0.4357417079988864,1140.8843430476015,0.1334693843759644,349.45732326162613,0.06903179899046996,180.74308057937316,0.03955644310598189,103.56898542836599,0.01872388317437456,49.023962504757414,0.05973727801756012,156.4076239098282,0.04662000121192291,122.06320505743047,0.46723270117036864,0.46723270117036864,0.7888061974412685,0.7888061974412685
202695,LAC,F,late_first,22102.22,0,31.84975007776673,2611.679506376872,0.6412361865184873,1674.7034070775908,0.17891335960488902,467.2643546971243,0.11176525351165005,291.8950221213921,0.042967747083157815,112.21798449226787,0.020599596172230464,53.799543162653755,0.061791291303423125,161.3790491697136,0.05522593560193852,144.23244423207169,0.48268980568731606,0.48268980568731606,0.8613397122614747,0.8613397122614747
1629639,MIA,G,lottery,9036.78,0,31.79329990017107,2607.050591814028,0.6070797308124232,1582.6875714928285,0.14841513492102776,386.9257653300242,0.14179637839552056,369.6703322131277,0.023931300239032862,62.390110451049814,0.007193904358250988,18.754872614631754,0.08898060471801693,231.9769381900761,0.06754033765734145,176.0810772608913,0.4375717928854155,0.4375717928854155,0.8775531064046193,0.8775531064046193
203924,POR,F,second_round,18530.13,0,31.7816817268473,2606.0979016014785,0.5753572870105683,1499.4374183493617,0.1127902398890129,293.9424074958839,0.08054102134559228,209.89778672158792,0.025249799722810842,65.80345007347493,0.019358538465063923,50.45024647187459,0.06267668477935119,163.34157668280446,0.05893439883415986,153.58881313384862,0.44318579800291236,0.44318579800291236,0.8263575825183714,0.8263575825183714
203954,PHI,C,lottery,13833.41,0,31.62231689131869,2593.0299850881324,0.807066663172765,2092.7480575720037,0.3130881347611474,811.8469214109692,0.15660827818516093,406.08996124714594,0.0328915021426824,85.28865131056601,0.04184663054686927,108.50956778293701,0.04245433764958064,110.08537052241863,0.09911737220079353,257.0143181597985,0.5194208086649995,0.5194208086649995,0.8471504152556933,0.8471504152556933
1629014,CHI,G,late_first,8127.73,0,31.548152790359726,2586.9485288094975,0.6135447635526317,1587.2087234312514,0.09884764620270625,255.71377292037266,0.14706695763660516,380.4546496945044,0.021936439902046384,56.74844093191685,0.0057698023516673715,14.926181705167485,0.09834164715516913,254.40477942876748,0.06914691103914303,178.87949978443226,0.4272483224298857,0.4272483224298857,0.8830101410847818,0.8830101410847818
1629636,LAC,G,lottery,10391.24,0,31.529526471642605,2585.4211706746937,0.567391997141867,1466.9472814819783,0.09218077976825004,238.32613954213514,0.20417051779305342,527.8667791297746,0.03462300049535061,89.51503847295987,0.005714969268168351,14.775602535677715,0.07025092238794056,181.62822200120632,0.08265252181947073,213.6915797217117,0.43920674094843415,0.43920674094843415,0.8540405516152924,0.8540405516152924
1627742,TOR,F,lottery,15720.51,0,31.526314547805022,2585.1577929200116,0.6533084936247326,1688.9055434748113,0.16219604056567657,419.3023582491291,0.15857733848378305,409.9474423618662,0.024479821736103375,63.28420193038033,0.016718364489351,43.219610244522926,0.04902314728237037,126.73257123048526,0.07687209368768773,198.72649205480317,0.47221458705390124,0.47221458705390124,0.823381769945409,0.823381769945409
203078,LAC,G,lottery,25856.72,0,31.36564064688546,2571.982533044608,0.5570639542603995,1432.7587601465077,0.12639283545213234,325.08016508486565,0.1525554844639665,392.3700413614799,0.030974083314487585,79.6648012619305,0.014520045903420088,37.34530444260238,0.058482890078104664,150.416971762853,0.07263087341475188,186.8053377825158,0.4766003024438572,0.4766003024438572,0.8192740593591639,0.8192740593591639
1628374,UTA,F,lottery,12481.220000000001,0,31.248121173406865,2562.345936219363,0.648725696525355,1662.259652212819,0.23016425999266701,589.7604562551472,0.060274702098259775,154.44463797830863,0.02546131541253061,65.24069807809724,0.01571494735079533,40.26713148221166,0.08865716498266851,227.1703264100703,0.04488517915824022,115.01135641259486,0.47597509082882317,0.47597509082882317,0.8683713823687597,0.8683713823687597
203468,ATL,G,lottery,23432.09,0,31.13368048608405,2552.961799858892,0.5671604960562036,1447.9390808205073,0.12682472513947213,323.778678558676,0.14525822566575017,370.8387012399426,0.029855355090979415,76.21958106849314,0.015755903348549354,40.2242193711153,0.09234704418280006,235.75847612856984,0.05543213055035928,141.5161117798583,0.4433982330467679,0.4433982330467679,0.805666025944505,0.805666025944505
1629628,TOR,F,lottery,10945.83,0,30.905002059450187,2534.2101688749153,0.6232598416568859,1579.4714285782497,0.16564358088106879,419.775647077659,0.10039870611360839,254.4314219749905,0.020463004892719062,51.857555084865794,0.011571775080260369,29.325310080329167,0.05107731824372685,129.4406592921128,0.0654641565693608,165.89993127489373,0.4680162164605104,0.4680162164605104,0.7390339992330245,0.7390339992330245
201939,GSW,G,lottery,29828.5,0,30.877321217449225,2531.9403398308364,0.7578955912525587,1918.9464208722961,0.1473033918025299,372.9633998987324,0.16497345361425764,417.7029422071502,0.0289696318116886,73.34937941406105,0.011440309350222553,28.966180743972387,0.12286616927911846,311.08981039828427,0.08473166593218585,214.53552303477156,0.44592885814070765,0.44592885814070765,0.8856986522926329,0.8856986522926329
203497,MIN,C,late_first,23041.27,0,30.85500358961992,2530.1102943488336,0.40368823894374517,1021.3757690591214,0.38345827440118585,970.1917275156801,0.043140854004238754,109.15111882312458,0.021717048629530004,54.946528300448094,0.05165410604123003,130.69058544030239,0.0004962553497521185,1.255580769033516,0.049517285032488416,125.28419260890436,0.6460486339544748,0.6460486339544748,0.6318507464740414,0.6318507464740414
1630532,ORL,F,lottery,7375.17,0,30.783402589855143,2524.2390123681216,0.6112227171272467,1542.872227818241,0.15837044033222514,399.7648438925205,0.11843636439525837,298.96169148955795,0.03254955038162638,82.16284490834299,0.012107707675031117,30.56274806366247,0.04743365534868538,119.73388333037545,0.06387043479307529,161.22424324159488,0.468615285158433,0.468615285158433,0.8355387266759993,0.8355387266759993
1630163,CHA,G,lottery,5869.7300000000005,0,30.771821168374476,2523.289335806707,0.7249536255589075,1829.2677523272,0.15603575810480746,393.7233644303757,0.22968072013112129,579.5509117472633,0.04527442985575805,114.24048603976308,0.008503748350971115,21.457417528389286,0.10477782117319044,264.38475879537367,0.10688016007659994,269.6895681305984,0.4233804839390557,0.4233804839390557,0.844074736381779,0.844074736381779
1627783,IND,F,late_first,17089.68,0,30.764702477889855,2522.7056031869683,0.6034126139636508,1522.2323822797969,0.20606975848570694,519.8533343792782,0.13594882496486854,342.95886248555826,0.026682176400917343,67.31127591181728,0.013594949682601738,34.2960557393443,0.03501199874129747,88.32496540344621,0.055429217781622964,139.83159827797098,0.4928293873720636,0.4928293873720636,0.7574820050368578,0.7574820050368578
1626157,NYK,C,lottery,19454.45,0,30.70801565051222,2518.057283342002,0.6367796118165197,1603.44753941828,0.24773431790561326,623.8092035359924,0.11484405618899014,289.1839121352247,0.023568005020655577,59.34558669610264,0.021704319791925202,54.65272053204122,0.05941528171190574,149.61108285648112,0.08000529710191909,201.4579210734281,0.489800798169487,0.489800798169487,0.8543149835158987,0.8543149835158987
1630169,IND,G,lottery,8546.619999999999,0,30.69268696297362,2516.800330963837,0.613635202251929,1544.397280118716,0.12144369201397394,305.6495242542399,0.25864179822111916,650.9497633639946,0.03710635183466015,93.38927857833325,0.017261666046395237,43.44416681855476,0.0824907570523578,207.61276465083156,0.07106924930258403,178.86711016609493,0.46269658343827463,0.46269658343827463,0.8479917772275415,0.8479917772275415
203897,SAC,G,lottery,18858.92,0,30.680492755343238,2515.8004059381456,0.5731011390425222,1441.808078246791,0.13496255685293113,339.5388553170542,0.12246730701619238,308.10330070548827,0.025418700269551557,63.94837645655786,0.009441379612808063,23.752626662518654,0.06970416653613254,175.36177046718234,0.06153331659578497,154.80554287039624,0.4481384803810347,0.4481384803810347,0.8392590686760469,0.8392590686760469
1630224,PHX,G,lottery,7341.25,0,30.67558473153043,2515.397947985495,0.6139182110797465,1544.2486083809206,0.14588486931462138,366.9585009161308,0.11446839815593224,287.93357383061857,0.027769638477288538,69.85169164207063,0.010326847218773763,25.976130303263243,0.0779429427483298,196.05751824909973,0.07416754100101243,186.56088044107673,0.426112070287915,0.426112070287915,0.8060625708324995,0.8060625708324995
1627750,DEN,G,lottery,14377.960000000001,0,30.664915707244212,2514.5230879940254,0.6194545058805841,1557.6326569986597,0.12629158934842927,317.56311723608576,0.18854292537786482,474.09553894057575,0.03226811295326424,81.138915026982,0.01611402652755006,40.51909174407282,0.07843542001458174,197.2276745431745,0.06866755967087201,172.6661641886151,0.46306491345617357,0.46306491345617357,0.8406845487788507,0.8406845487788507
1631099,SAC,F,lottery,4970.34,0,30.631599510100187,2511.7911598282153,0.4603116792646403,1156.2068067426042,0.17134335126177147,430.37871499465825,0.05907134438838672,148.37488063391783,0.029577744647557722,74.2931175333918,0.019992968954748617,50.21816267925753,0.06786754604305503,170.46910219018,0.03507417281066619,88.09899720411848,0.44280471197138455,0.44280471197138455,0.8009956287555853,0.8009956287555853
1626156,WAS,G,lottery,17264.69,0,30.555793744792116,2505.5750870729535,0.5429981183036219,1360.5225575490472,0.10388124356585335,260.2822558927597,0.18623977324144445,466.63773605587926,0.03054502286897473,76.53284833457671,0.012968634989989286,32.493888744259756,0.08639788123744695,216.47637880443483,0.06577728419271557,164.80992456858573,0.44386208636256025,0.44386208636256025,0.8302856848991119,0.8302856848991119
1628398,MIL,F,late_first,14919.32,0,30.48659680731498,2499.9009381998285,0.6188118800773875,1546.968399574661,0.20425819785981747,510.62526046476387,0.11370962113719639,284.2627885632243,0.02123095380044106,53.07528132459982,0.020130289493216578,50.32372959032627,0.061875545624946196,154.6827345594293,0.08080559533208466,202.00598358247413,0.4478896462860093,0.4478896462860093,0.7743272780580955,0.7743272780580955
1629645,MIL,G,late_first,5927.4400000000005,0,30.443181546715305,2496.340886830655,0.5443360518177407,1358.8483423285963,0.14807064148957466,369.6347964896688,0.16373875035062047,408.7477372588111,0.035612118827927246,88.89998829682656,0.010653574885494288,26.594954577571606,0.06569264962589072,163.99124722535154,0.08922381450467193,222.73305622700659,0.4355951966172575,0.4355951966172575,0.7652023630417573,0.7652023630417573
1630170,SAS,G,lottery,6418.82,0,30.386162967365006,2491.6653633239307,0.5834697069663437,1453.8112593968021,0.11888456897124997,296.22056273935846,0.12434762229928996,309.8326634948272,0.03443250351076075,85.7942763702922,0.012063598254522006,30.05844992784751,0.07503728681064008,186.9678085038755,0.052023761563164905,129.62580475676083,0.44462364235992047,0.44462364235992047,0.8105824899005301,0.8105824899005301
1628404,NYK,G,late_first,13231.48,0,30.296825544062305,2484.339694613109,0.3042789132578961,755.9321824403302,0.23551766643619818,585.1058875100966,0.129584920787706,321.93296253619343,0.031555998978532576,78.39582086553919,0.010367552783724964,25.756522916604563,0.033839030959547246,84.06764784004514,0.04922980915175602,122.30356903393518,0.45842282762438596,0.45842282762438596,0.7692621357586612,0.7692621357586612
1630217,ORL,G,late_first,7069.64,0,30.259562140008693,2481.284095480713,0.6627260513090412,1644.4116107738587,0.14279289901033815,354.3097492619357,0.15529850200253834,385.33970307087804,0.032385514319721906,80.35766160548884,0.013551740304828136,33.625717684455005,0.08592826670055258,213.21244151630606,0.07306070781532227,181.2843723067226,0.45213501680878815,0.45213501680878815,0.8687900775255928,0.8687900775255928
1630596,CLE,C,lottery,6578.55,0,30.23234537262687,2479.052320555403,0.5195910093038184,1288.0932973543552,0.29774563176985097,738.1269993742836,0.09519066811888825,235.98264669534916,0.029788327091613748,73.84682140192845,0.04147683894091815,102.82325382578586,0.017046678949056777,42.259609006422146,0.059450178677427294,147.38010340770947,0.5698490997367657,0.5698490997367657,0.7081859379418544,0.7081859379418544
1628991,UTA,F,lottery,9433.04,0,30.21074125633917,2477.2807830198117,0.6920554380850331,1714.4156375524096,0.19008837348814223,470.9022747176674,0.07257586581410119,179.7907976922974,0.0364951228920028,90.40866661430496,0.052238419050231494,129.40923164847453,0.06041083438697147,149.65459911303685,0.0650252425911393,161.08578388223077,0.4597245057716942,0.4597245057716942,0.7899078690501721,0.7899078690501721
1629627,NOP,F,lottery,5857.2,0,30.193237708260156,2475.845492077333,0.7468891286177001,1849.1820821697,0.18983437009609777,470.0005694437637,0.15225824361192675,376.9678860782012,0.03302538834920428,81.76575886848069,0.02234159333626823,55.314333147424676,0.014545467968403027,36.01233129972588,0.08409287524451715,208.20096608995934,0.5520413405369128,0.5520413405369128,0.7045434378052264,0.7045434378052264
203932,DEN,F,lottery,19627.65,0,30.076533979073762,2466.2757862840485,0.4425657154631278,1091.4891078861879,0.20685493925660536,510.1613279618235,0.10708480374398868,264.1006585527787,0.026000716610549892,64.12493780263266,0.02017889947976845,49.76673118081271,0.0252648602453939,62.31011306706544,0.04970587648677145,122.58839961535007,0.5359257548361448,0.5359257548361448,0.6591423137031813,0.6591423137031813
1629028,LAL,C,lottery,11065.76,0,30.05780483973021,2464.739996857877,0.5296353524799385,1305.4134370072243,0.3297026067532456,812.6312019330284,0.05887554297179338,145.11290559930382,0.027330236370583467,67.36192670615694,0.025903596240596936,63.8456297166566,0.005709724323783024,14.072985911860314,0.05885730857319126,145.06796254775054,0.5712506813376229,0.5712506813376229,0.7731176772370917,0.7731176772370917
1628960,PHX,G,late_first,8684.33,0,30.024014637498883,2461.9692002749084,0.3897207147946674,959.480396533593,0.11917732128271342,293.4108943693078,0.09187284021364607,226.18810294777467,0.029459825438124587,72.52918287413799,0.01406469979498071,34.626857706355324,0.08387682146496334,206.50215106369706,0.04078260207784181,100.40551022271401,0.4630502633660677,0.4630502633660677,0.8647953810121289,0.8647953810121289
1631095,HOU,F,lottery,4874.219999999999,0,30.006022776507464,2460.493867673612,0.47111808291850454,1159.1831539711286,0.2375955933284414,584.6025003709034,0.0558907420491874,137.51882807175326,0.024094419763105994,59.28417207227618,0.02537364581572469,62.4316999301128,0.058317000909811546,143.48862311970777,0.04198720189167932,103.30925277525085,0.44493854680907663,0.44493854680907663,0.7928194061692934,0.7928194061692934
1628386,CLE,C,late_first,13725.18,0,29.952124848004107,2456.074237536337,0.5022485940844178,1233.5598327695836,0.3233056595855826,794.0627013578423,0.0705833530547502,173.3579550367037,0.023666323508235103,58.12624746577682,0.03524944198002004,86.57524633465906,0.0032618030086043514,8.011230337351662,0.05020865876254397,123.31619328793731,0.6134420334810895,0.6134420334810895,0.7309137600708496,0.7309137600708496
1629008,BKN,F,lottery,7442.96,0,29.8663703790643,2449.0423710832724,0.5362009452026061,1313.1788342160821,0.20309405962438298,497.3859573354264,0.05062470122546219,123.98203832458817,0.021950798605579216,53.75843586417911,0.019077114913047265,46.72066274007733,0.07975546729501234,195.32451873103142,0.03852547857348069,94.35052939271495,0.4736864354230586,0.4736864354230586,0.7990961148244912,0.7990961148244912
1629023,DAL,F,lottery,10081.52,0,29.864553713912105,2448.8934045407927,0.4331660310163482,1060.7774364270476,0.18229250062585955,446.4149024799158,0.0680463199898463,166.6381842264069,0.031370152432252836,76.82215939078328,0.026555117442726806,65.03065196229984,0.056944252132473984,139.45040347372353,0.044013166417703975,107.78355295327158,0.438945349190217,0.438945349190217,0.7145864027342493,0.7145864027342493
1631114,OKC,G,lottery,4499.219999999999,0,29.766305072396353,2440.837015936501,0.583221035146014,1423.5474910571938,0.13249575247326154,323.40053709109696,0.14274066788016146,348.40670584139644,0.036579276340709274,89.28405170857347,0.015942082882768882,38.91202601138997,0.050862409367040735,124.14685150278844,0.06085117138125425,148.52779157046123,0.48911731805308656,0.48911731805308656,0.8014559716358534,0.8014559716358534
203484,MEM,G,lottery,24754.79,0,29.575814239812726,2425.2167676646436,0.31759365849798904,770.2334658932816,0.09538821947180236,231.33710930069014,0.07637013026879344,185.214120476611,0.038591893236400845,93.59370657284308,0.014259340177659592,34.58199089469418,0.055170699834986486,133.80090632360222,0.035410331682488236,85.87773014493705,0.4422049008184398,0.4422049008184398,0.8337139017744143,0.8337139017744143
201950,POR,G,late_first,30496.14,0,29.41043238611174,2411.6554556611627,0.4067926240934508,981.0436512176911,0.1619370772997452,390.536435943754,0.1543349838034787,372.2028056890366,0.03145585246657677,75.8606782134925,0.0195615051504494,47.17561061702523,0.061201007281740216,147.59574310296733,0.0634900633430994,153.11615764165845,0.4647531136621666,0.4647531136621666,0.8237760401047682,0.8237760401047682
1628401,BOS,G,late_first,11506.19,0,29.18117473623277,2392.856328371087,0.4519282958983096,1081.3994828102311,0.13209413020134617,316.08227539296547,0.15409444933582941,368.72587826009726,0.030420868765527468,72.79276834013874,0.029666834162708842,70.9884718689734,0.07681515936531391,183.80764020212496,0.04830971891409255,115.59821662541475,0.44700975428142004,0.44700975428142004,0.8658009354807489,0.8658009354807489
1630578,HOU,C,late_first,5705.07,0,29.140134388389384,2389.4910198479297,0.6194086567985119,1480.0714230361125,0.29398696748257175,702.4792187519305,0.14249388002432592,340.4878467014151,0.035325389396899484,84.4097007365226,0.030353629091329732,72.52972413352727,0.01817801367847941,43.436200443399386,0.07834236709009751,187.19838263541797,0.523279201124205,0.523279201124205,0.7020047868778398,0.7020047868778398
1641706,CHA,F,lottery,2382.8,0,29.116093728524223,2387.5196857389865,0.5420241297868988,1294.0932800117644,0.14797696331210675,353.2979129435306,0.08059188057533598,192.41470138434008,0.030102711095265997,71.87081533406098,0.016657829895120334,39.7708967962912,0.07006220894673565,167.2749030866895,0.06073238892674805,144.9997741245674,0.4313886661556667,0.4313886661556667,0.8095335870914071,0.8095335870914071
1628415,PHX,G,second_round,12114.72,0,29.034387380946598,2380.819765237621,0.4347084671075223,1034.9625106057374,0.11155691230271149,265.59690175917547,0.06830889758060495,162.63117350149656,0.030523820811167078,72.67171589779802,0.006772094807730873,16.12313717030873,0.06352751497494684,151.2475632887824,0.04053338554100525,96.5026854480221,0.41957194755743266,0.41957194755743266,0.8300228498900947,0.8300228498900947
203471,CLE,G,late_first,20918.47,0,28.629979282775047,2347.6583011875537,0.4386961903703694,1029.908753022353,0.09608734801854463,225.58026021483374,0.1788806786483259,419.9507101508055,0.026956927474369924,63.28565455971539,0.006356706577605594,14.923374965129296,0.0557028197372036,130.77118715559993,0.06157904686992307,144.56656056339233,0.4247823602866624,0.4247823602866624,0.8338166592928203,0.8338166592928203
1630529,NOP,F,second_round,6607.42,0,28.34475764139711,2324.270126594563,0.35516249878898254,825.4935860219098,0.12895907876156756,299.73573431866686,0.08671895125058872,201.55826780135357,0.047085904361824256,109.44036089187675,0.022066743055426902,51.28907167496678,0.04710211300657468,109.47803416066274,0.04321150607573418,100.4352126969884,0.47156434486717763,0.47156434486717763,0.802899589831658,0.802899589831658
1630559,LAL,G,undrafted,5889.76,0,28.26661179628099,2317.862167295041,0.4799634430097463,1112.4891062369607,0.12156767031872229,281.7771037979627,0.15718129424644336,364.3245753403008,0.025936954105965707,60.11828465708569,0.010648087543592335,24.680799271338262,0.05865725647797037,135.9594356276095,0.06507587990630137,150.83692003825152,0.46216979572730715,0.46216979572730715,0.8380862161503254,0.8380862161503254
204001,GSW,F,lottery,14194.18,0,28.241993114882867,2315.843435420395,0.6312500199553546,1461.8762148226012,0.2429726422162687,562.6865984632942,0.06855038021922683,158.75194802626854,0.026162649860441475,60.588600932505706,0.05087821554799675,117.82598148273215,0.06372689547288489,147.58151254060218,0.05207599292985257,120.59984636959798,0.4957310854078116,0.4957310854078116,0.8427451689883025,0.8427451689883025
1626162,PHI,F,late_first,15664.84,0,28.145699289210373,2307.947341715251,0.5116536845850963,1180.8697612169865,0.1690502468907653,390.15906792784864,0.05150143096382034,118.86259068748065,0.03511754148171997,81.04943651031066,0.018986204610743736,43.81916046062784,0.054311237090438946,125.3474752681453,0.040815291656156966,94.19954387916013,0.43497842627825145,0.43497842627825145,0.7582071104115758,0.7582071104115758
1629673,NOP,G,late_first,9348.68,0,28.126428543456676,2306.3671405634473,0.6084253824305803,1403.2523095226393,0.10024963243648341,231.21245810506886,0.15157875237297316,349.59625368062893,0.0337990016894602,77.95290688041945,0.010060865942181623,23.204050614661604,0.08329644600022768,192.1121859806427,0.07949697183733319,183.34920361992303,0.4233450209196682,0.4233450209196682,0.8751436098418787,0.8751436098418787
1630166,POR,F,lottery,7518.35,0,28.085338825861054,2302.9977837206065,0.47965100008921835,1104.6351901648422,0.2363114827614141,544.2248210672669,0.12243710279630071,281.9723763850526,0.029880105233216263,68.81381612943555,0.016492492231378237,37.9821730568934,0.04023831203444716,92.66874343599002,0.06622579712570596,152.51786400563134,0.4852834147153305,0.4852834147153305,0.7531718278418621,0.7531718278418621
1629622,CLE,G,undrafted,6611.2699999999995,0,28.056592853953042,2300.6406140241493,0.3733774412466263,859.0073056924041,0.13631407144882993,313.60968903816786,0.11310304793617193,260.2094656518774,0.027471527020483708,63.202110792586645,0.011575873322992373,26.631924309674943,0.07520400450696742,173.0173871059844,0.045469818279980215,104.60971064722017,0.4186706323075541,0.4186706323075541,0.8118495036641569,0.8118495036641569
1630191,DET,F,late_first,6106.77,0,28.031563433265166,2298.5882015277434,0.3769508428103857,866.4547598398916,0.22346005872396094,513.6426544955933,0.05645134058001265,129.7583854176414,0.019841561771527256,45.607579787916464,0.02681010890277383,61.62540000558984,0.04404521850023421,101.24181957834985,0.04666998640601717,107.27508011833123,0.4809865548841773,0.4809865548841773,0.754526352531212,0.754526352531212
1631110,NYK,F,lottery,3651.04,0,27.95219175049762,2292.079723540805,0.4337322593004995,994.1489169882177,0.20971898660400817,480.69263683657283,0.10798670908664684,247.51414630940283,0.03208248494164045,73.53561321553727,0.020647305098774046,47.32526936266067,0.035474440918504616,81.31024673325068,0.06365471823615385,145.90168897679135,0.4517872732041207,0.4517872732041207,0.754856859687555,0.754856859687555
201572,LAC,C,undrafted,25448.37,0,27.6824915251738,2269.9643050642517,0.4032246037697088,915.3054574809153,0.18119571399049927,411.3078029890646,0.05213808821226399,118.35159917613048,0.020611873140368983,46.78821628915019,0.06386125155632238,144.9627615095807,0.05908860049611734,134.1290139623882,0.03709449953666741,84.20318986245744,0.484924953832987,0.484924953832987,0.8097410280044431,0.8097410280044431
1630552,ATL,F,late_first,3050.8199999999997,0,27.671259280924804,2269.043261035834,0.4758071472893323,1079.627001109544,0.25318847424896224,574.4956012665525,0.09486297259397669,215.24818868618982,0.033442629833363186,75.88277385470867,0.02595561111248836,58.89440448085851,0.03533938725146747,80.18659849207793,0.054158724987708705,122.88848995965347,0.4887020389880675,0.4887020389880675,0.709800832284934,0.709800832284934
1629631,SAC,F,lottery,8079.82,0,27.66859880130124,2268.825101706702,0.5246717259003546,1190.3883818785027,0.13552910784034686,307.49184188009355,0.056713915872731634,128.67395594813567,0.023208871585326394,52.65687043507594,0.010913731284526003,24.761347491614323,0.06390560170647501,144.99063329132113,0.044544885339103966,101.06455401000593,0.44709650700816717,0.44709650700816717,0.8381124654739659,0.8381124654739659
203903,NYK,G,second_round,19861.08,0,27.620336959940605,2264.8676307151295,0.5548695411103344,1256.7060629305543,0.11035447234917858,249.93827232830236,0.14989013050561295,339.48130474582916,0.023711796368902555,53.70408006203594,0.00605524410964191,13.714326380006415,0.06249578924494041,141.54469011686027,0.08192826587189118,185.55667741386938,0.41950767728561744,0.41950767728561744,0.843168065272274,0.843168065272274
1641705,SAS,F,lottery,2106.57,0,27.5794897480422,2261.5181593394605,0.6781626272128066,1533.677096427119,0.2821634091154025,638.1176736156121,0.1125229219152451,254.47263125326293,0.037438860664363055,84.66866325743686,0.0700469913166464,158.41254286968936,0.05483124422275122,124.00185450892877,0.0902882787569455,204.1885819843355,0.4827336833311914,0.4827336833311914,0.7847520010081666,0.7847520010081666
1630183,MIN,F,late_first,7835.13,0,27.30997336615817,2239.41781602497,0.37019320177608817,829.0172514286984,0.12109641192517955,271.1854623219457,0.05946880134002176,133.17549321849432,0.030429140190496456,68.14355866891921,0.02214644611824767,49.59514599884086,0.04632795092698273,103.74763868581564,0.04173484011780831,93.46174450877358,0.4703034760338144,0.4703034760338144,0.7508252125136392,0.7508252125136392
1629630,MEM,G,lottery,8282.78,0,27.29947283869663,2238.5567727731236,0.7256017857915331,1624.3007919199097,0.15849049771992427,354.7899770911198,0.21581179579115073,483.10695711261076,0.028441108357606357,63.667035739094004,0.01374106412836122,30.760152169652827,0.052065926856150344,116.55253319454542,0.09054879134383888,202.6986101291709,0.45073456900843584,0.45073456900843584,0.7903985398028104,0.7903985398028104
1629640,SAS,F,late_first,8761.7,0,27.28749929213235,2237.5749419548524,0.5550130891232137,1241.883380679058,0.17696581697198782,395.9742776390887,0.0943658294018727,211.1506152464168,0.025095754488053398,56.15363139191931,0.01107245524503652,24.775448402210294,0.061843844588341634,138.38023696502344,0.05152902405245861,115.30005300317026,0.44525835382856016,0.44525835382856016,0.7902766623662221,0.7902766623662221
202691,DAL,G,lottery,25840.39,0,27.25799759461715,2235.1558027586066,0.554809941760275,1240.0866607536432,0.11623429956749522,259.8017691578691,0.07673911056770984,171.52386828395095,0.023129714687722958,51.69851600041494,0.013662422477677821,30.5376428807212,0.10708095549310981,239.34261903536049,0.04977666487251846,111.25860133178013,0.42237203763243303,0.42237203763243303,0.8819011504577347,0.8819011504577347
1630530,NOP,F,late_first,5001.92,0,27.20811418359268,2231.0653630546,0.4834794384513128,1078.6742288778123,0.15860690858786025,353.86238009154215,0.07173818810572262,160.05258669097321,0.03122586185130294,69.66693880796997,0.016763076473817768,37.39951929897026,0.08646405775906191,192.90696441539535,0.0322109176345482,71.86466264664509,0.44426541383686574,0.44426541383686574,0.8391047085895018,0.8391047085895018
203992,LAC,G,late_first,12953.03,0,27.042270619928527,2217.466190834139,0.5072996035517758,1124.9197194996252,0.11316879094967543,250.94796778848175,0.10189399509931972,225.94648918176094,0.034302880219517724,76.06547713501371,0.011091659255037311,24.595379398297812,0.09309259795263433,206.42968857688203,0.04604786923321706,102.10959318461039,0.4231833066958188,0.4231833066958188,0.8679775973385883,0.8679775973385883
1631105,DET,C,lottery,3447.85,0,27.037852369405282,2217.1038942912332,0.4872001903960694,1080.1734394265557,0.36535159499339737,810.0224440453748,0.07150257426239341,158.52863584900055,0.023175524538769827,51.38254570714862,0.03229043861220294,71.59125719548715,0.003977949011106944,8.819526243817165,0.06613458303282832,146.6272415894106,0.6008992287220232,0.6008992287220232,0.7351600001753972,0.7351600001753972
1629651,BKN,C,second_round,6142.13,0,26.98109893594597,2212.4501127475696,0.4049715053818036,895.9792527415244,0.32000680778108087,707.9990979552422,0.06545092202690143,144.80689981785048,0.02933636329994109,64.90524029055833,0.06098744025232134,134.93166906243403,0.0033834536329930324,7.485722371791608,0.046222052331025464,102.26398489120135,0.6195705738979445,0.6195705738979445,0.5808969899796053,0.5808969899796053
1630703,POR,G,lottery,1765.1399999999999,0,26.673957627425043,2187.2645254488534,0.5035539174501831,1101.4056202895858,0.11874017969162687,259.7161827849178,0.17683508960251088,386.7851183421414,0.031019729699086108,67.84835435982328,0.009655225566601248,21.118532367033716,0.05263434614813748,115.12523815001661,0.09455514741325208,206.81711963559317,0.4162174769032033,0.4162174769032033,0.8016345571795018,0.8016345571795018
1631096,OKC,C,lottery,2412.44,0,26.61857635952056,2182.723261480686,0.5289886426182324,1154.6358153019091,0.2526504247089998,551.4659590353085,0.07001795982421405,152.8298296297321,0.026997848545836735,58.928832030930344,0.0661795007404153,144.45153569928274,0.04144494500498111,90.46284553316002,0.06372615102260035,139.09655220166096,0.5011507057722072,0.5011507057722072,0.7530102018155206,0.7530102018155206
1629018,MIL,G,second_round,9804.369999999999,0,26.60937871998999,2181.9690550391792,0.47627636862771,1039.2202979920962,0.09819853255183839,214.2661592783689,0.06362560122285399,138.82909297653038,0.03910188047445619,85.31909318910411,0.006345026938598831,13.844652433412627,0.08341725186792207,182.01386223221513,0.03366811926589358,73.4627943795482,0.4228519922114683,0.4228519922114683,0.8188448982077638,0.8188448982077638
1630581,CHI,G,lottery,6079.06,0,26.43758529971191,2167.8819945763767,0.502803797958919,1090.019300399759,0.2385020690712815,517.0443412088425,0.1810950389499023,392.59267424660084,0.028861154548703433,62.56757728882027,0.019672836770356875,42.64838861669674,0.04576212079410747,99.20687770317478,0.08129596740913904,176.24006397794045,0.46840828400322565,0.46840828400322565,0.7778647815401826,0.7778647815401826
1641731,WAS,G,lottery,1715.49,0,26.420822840216367,2166.507472897742,0.3724597637493584,806.9368615167125,0.1497524263978183,324.4397508754424,0.08629379886152479,186.9561600982281,0.033375651031607,72.3085973728038,0.0178675762399988,38.71023744652754,0.04168339914551854,90.30739574454526,0.056142390220878705,121.63290795987483,0.4308223825026941,0.4308223825026941,0.7358464859915181,0.7358464859915181
203084,SAS,F,lottery,28804.600000000002,0,26.42054761640484,2166.484904545197,0.42243068561925223,915.1897036107878,0.11234513199309067,243.39403256216858,0.05343255026259292,115.76081355526007,0.02199308721447098,47.647691454497355,0.006314067049730036,13.67933094952635,0.06154019944545658,133.32591312128238,0.032298664375392645,69.9745688062599,0.4541977550687077,0.4541977550687077,0.822064460113534,0.822064460113534
1630180,NOP,G,late_first,6742.3099999999995,0,26.38626028401863,2163.6733432895276,0.4858909130815169,1051.3092163810868,0.1608964856782439,348.1274370909816,0.0674587210808724,145.95863657508693,0.03107304065310746,67.23190975608043,0.007984195367687488,17.275190684681146,0.07219105515487707,156.19786166255156,0.035031820418442376,75.79741600628955,0.4249409420715957,0.4249409420715957,0.8381022405239447,0.8381022405239447
203935,LAL,G,lottery,18045.94,0,26.334082055776644,2159.394728573685,0.4304035040580144,929.411057822519,0.09975959432986076,215.42034212055057,0.1547222344035972,334.1063773642698,0.054086154217296484,116.7933563056534,0.009520663460424891,20.558870488965606,0.06166751982913349,133.16451724324403,0.08399645349827994,181.38149890307037,0.4112025092379714,0.4112025092379714,0.7984090317204622,0.7984090317204622
1628381,LAC,F,late_first,12518.66,0,26.323820571796734,2158.553286887332,0.5289010449863661,1141.6610890934653,0.27880788793684425,601.8216829161901,0.04515330150972856,97.4658073876393,0.022035045096405026,47.56381901955566,0.02994307761682708,64.63372860932459,0.047153527218271526,101.78340116533127,0.04748342298227807,102.49549875105781,0.5031552364042237,0.5031552364042237,0.7911343696905577,0.7911343696905577
1631101,POR,G,lottery,2837.28,0,26.319275607501005,2158.1805998150826,0.5017120879579815,1082.785294923634,0.15074031732346188,325.32482845746483,0.09658132492103534,208.43994174901545,0.02770358564936104,59.789341093766524,0.013809974521970341,29.80441909725696,0.06140331953149852,132.51945297712663,0.06605354219395165,142.55547331205344,0.43162764565458384,0.43162764565458384,0.7999496966782953,0.7999496966782953
1630193,TOR,G,late_first,7375.84,0,26.197276841331764,2148.1767009892046,0.5548206580637969,1191.8528108801468,0.1264711455337233,271.6823681829593,0.15675541697147816,336.7383344919771,0.02964381317774764,63.68014879691424,0.006848464957611864,14.711712859482828,0.08280645765016911,177.88290301554258,0.051987501666631054,111.67833982289427,0.4313955985871912,0.4313955985871912,0.8415004377486862,0.8415004377486862
1630174,IND,G,lottery,5053.5599999999995,0,26.142346999324346,2143.6724539445963,0.43546982854450245,933.5046759748262,0.15141712910984803,324.5887287281537,0.06617766700453132,141.863241823932,0.032017866279501705,68.63581797744936,0.017944995335612828,38.46819218711749,0.06575500123892813,140.95718486498305,0.03915294568301447,83.93109115146713,0.46000618116980385,0.46000618116980385,0.8119405262636287,0.8119405262636287
203952,MIA,F,lottery,24046.78,0,26.047249532406493,2135.8744616573326,0.47908144961840127,1023.2578332937173,0.16548524868703302,353.4557164516465,0.06324002715038782,135.07275894502968,0.028888921085120128,61.703108770542116,0.021177321454962737,45.23210006196282,0.0520649076385517,111.20410657373036,0.04339313946626445,92.68229839712913,0.44910569128434985,0.44910569128434985,0.7402596533562973,0.7402596533562973
1630591,ORL,G,lottery,4576.84,0,25.950590282431627,2127.9484031593934,0.4702966469394782,1000.7669988660797,0.11952826236242525,254.34997502653982,0.12177379049183397,259.1283430237646,0.048128870675715425,102.41575350025359,0.018754075636974416,39.907705304430195,0.06902267146514922,146.8766835260597,0.06769450654709296,144.05041710954956,0.4419493303032974,0.4419493303032974,0.7819630982881305,0.7819630982881305
1629652,OKC,G,undrafted,8547.46,0,25.903171576846344,2124.0600693014003,0.401263095334508,852.3069180843095,0.13514700564411852,287.06035817432314,0.06475877851698587,137.55153558466304,0.031228562753723973,66.33134316685808,0.0151446758808123,32.16820130094542,0.06849217280682712,145.48148931867271,0.03651634980653912,77.56292050071166,0.42135758469427864,0.42135758469427864,0.8106743288965198,0.8106743288965198
1629684,CHA,F,late_first,8230.05,0,25.805206703945686,2116.0269497235463,0.36929017924814,781.4279715573033,0.1607796019905864,340.21397077790635,0.0726052565088487,153.6346794643148,0.022984437364000136,48.63568888645711,0.018066568177010633,38.2293451515723,0.05800299409671387,122.73589867330232,0.04498941066083048,95.19880541049712,0.4439324692993345,0.4439324692993345,0.7847493633534017,0.7847493633534017
1630245,MIN,G,second_round,6419.76,0,25.76535308325027,2112.758952826522,0.4040466491731764,853.6531754001853,0.1065834496634791,225.18513749965044,0.11162953361193446,235.84629653846372,0.03172013127600256,67.01699133820698,0.013566957522961214,28.66371096925344,0.05222807560560426,110.34533432464087,0.049624658471105844,104.84494146578739,0.47095997312039195,0.47095997312039195,0.7962583647729508,0.7962583647729508
1626145,DEN,G,late_first,12250.36,0,25.567070844758472,2096.499809270195,0.3994022743288872,837.346791952594,0.10285275718994248,215.6307858316281,0.20627411664708245,432.4536462079863,0.035965870224142354,75.40244006515103,0.007232818073487787,15.163601711553165,0.05928810498950641,124.29750080249147,0.040634147883962114,85.18948328858346,0.45684524178573277,0.45684524178573277,0.8173333840231067,0.8173333840231067
1631097,LAC,G,lottery,3760.35,0,25.509036022129614,2091.7409538146285,0.5331907601894844,1115.296949283899,0.152430004174035,318.84408232096376,0.08308177439215059,173.78555001164884,0.0258440405143164,54.05903795584009,0.010336242097725674,21.620740904355618,0.05766406607409767,120.61828857066283,0.06409923340284213,134.07899161684747,0.43516698393028524,0.43516698393028524,0.8168826197626248,0.8168826197626248
1630171,CHI,F,lottery,7694.0599999999995,0,25.5016618081464,2091.136268268005,0.35668006818176895,745.8666267432019,0.12157973009679739,254.23978309164815,0.07065158130257997,147.74208407231063,0.03125580468549925,65.36014677174853,0.01637639586651599,34.24527533998583,0.04591568174592893,96.01594738116319,0.03562834941414963,74.50373363845341,0.46868731689492327,0.46868731689492327,0.740337302523724,0.740337302523724
1627747,DET,G,late_first,12954.42,0,25.475798284901828,2089.01545936195,0.45599736521601625,952.5855453645751,0.13302129876164615,277.8835495374834,0.15728903403509562,328.57922368742265,0.03430659188946572,71.66700081511517,0.014907894118829269,31.14282128076544,0.0585164280493341,122.24172282170018,0.057379192132103414,119.8660194096636,0.4256925835705572,0.4256925835705572,0.7707345785408775,0.7707345785408775
1629012,CHI,G,lottery,10399.09,0,25.447647417268772,2086.707088216039,0.6367412331482538,1328.6924445698828,0.10081119573633884,210.36343671455282,0.1785907663471675,372.6666180265689,0.030600310417000363,63.853884648765764,0.007982227879729157,16.65657149638652,0.06046063821216327,126.16364231538661,0.07438587406806622,155.22153068097944,0.46473835041967027,0.46473835041967027,0.835642224488512,0.835642224488512
1630228,ATL,F,lottery,4528.53,0,25.39508393048836,2082.3968823000455,0.5673509891803108,1181.449931038926,0.18605794484614935,387.44648427477523,0.08604910902657216,179.18839636163057,0.030143434021280138,62.77059302773088,0.01960566464545239,40.826774933110286,0.03417918869229026,71.17463597237021,0.06288735855469715,130.95643939038644,0.49827756347416746,0.49827756347416746,0.7260739624196256,0.7260739624196256
1630172,CHI,F,lottery,5902.27,0,25.38540519978392,2081.6032263822817,0.38588525480544134,803.2599914163555,0.1569897309518495,326.7903304582563,0.061231085046843776,127.45882418839788,0.03160704387731156,65.79332451141808,0.025268966247192402,52.59996166750068,0.051524890013329355,107.25437729073859,0.04714771665880743,98.1428391135312,0.4415906984002563,0.4415906984002563,0.7755279968426929,0.7755279968426929
1626167,MIL,C,lottery,16281.029999999999,0,25.38298197249377,2081.404521744489,0.5712835011061614,1189.0720624003873,0.25020524556332163,520.778329479688,0.05290387512588516,110.11436490482318,0.02053210024389088,42.735606288545604,0.06214427355680787,129.34737198166638,0.056851932894341296,118.33187019619623,0.0515633008795231,107.32408760671098,0.503930454407865,0.503930454407865,0.7713568467711963,0.7713568467711963
1629060,LAL,F,lottery,7476.18,0,25.320501097473205,2076.2810899928027,0.49308626381521165,1023.7856852947262,0.1697905021229559,352.5328088182762,0.04801548393963173,99.69364133071048,0.02269915260012741,47.1298213025055,0.015206471568695392,31.572909363595432,0.053526611826729395,111.13629194722336,0.03515875695346698,72.99946221013644,0.4775908646875473,0.4775908646875473,0.7387733818009242,0.7387733818009242
1630200,CHI,G,second_round,5538.63,0,25.223104444795855,2068.29456447326,0.3795522193390711,785.0257921927632,0.12539765812642711,259.35929470056533,0.20300837247400064,419.8811133305385,0.03593898965864134,74.33241696362859,0.006677658849220431,13.811365501249382,0.03358445456731361,69.4625448323739,0.055598853231667224,114.99480593000386,0.4706998671611858,0.4706998671611858,0.8188865012252456,0.8188865012252456
1627827,HOU,F,undrafted,14703.12,0,25.188626959471108,2065.467410676631,0.30202824806939677,623.8295034910961,0.16442175439179849,339.607775302537,0.05861809452384663,121.0737639149675,0.029028565876689425,59.95755679698171,0.01842902986797862,38.0645606026961,0.057017787555876324,117.7683820255461,0.03317006309999867,68.51168434313472,0.41833901438544224,0.41833901438544224,0.7460162616402344,0.7460162616402344
1628978,MIN,G,late_first,9006.33,0,25.075413624953903,2056.18391724622,0.4804055547705156,987.8021754748823,0.14385165505158384,295.78545958631764,0.12022791415387699,247.21070348726104,0.047046161572701375,96.7355607939557,0.012639533291873057,25.989205076247554,0.09659627921650336,198.61971579079952,0.05190454229975954,106.7252851087917,0.42830719428233355,0.42830719428233355,0.7962098931199247,0.7962098931199247
1629661,DEN,F,lottery,7221.6,0,24.937021694662842,2044.835778962353,0.46817386236313735,957.3386645351394,0.1567950388141593,320.6201053309838,0.07487027326031355,153.09741354337748,0.03239497716413838,66.24240836389855,0.012640146685422984,25.84702419368531,0.08307896858130925,169.88284743435037,0.037653975574183055,76.99619647426402,0.4415991600319304,0.4415991600319304,0.816386069910981,0.816386069910981
1628370,SAC,G,lottery,9889.01,0,24.766108598106975,2030.820905044772,0.5697437413599102,1157.0475004721275,0.11422119757981548,231.9627958443386,0.17793412219406834,361.3523350725049,0.02963122356321072,60.175708254223565,0.015551028578603222,31.58135393237611,0.07930041262602847,161.044935739615,0.07652548366514217,155.40955199583294,0.43771193056160607,0.43771193056160607,0.8354509518272866,0.8354509518272866
1628971,DEN,G,second_round,10453.53,0,24.760182096794576,2030.3349319371553,0.3851695788765738,782.0232507126312,0.15042253696861818,305.4081313579936,0.10385049185270813,210.85128130740824,0.033402040794698745,67.81733022346675,0.013362241148114228,27.129824971984355,0.03566345789183192,72.40876435145617,0.04820221592925027,97.8666427979344,0.4636455632680576,0.4636455632680576,0.8018017014244337,0.8018017014244337
1627826,IND,C,second_round,10806.8,0,24.752347639570484,2029.6925064447796,0.42035146653051103,853.1842216900518,0.34054990899917115,691.2115983660693,0.04956926992883182,100.6103757244885,0.017381279165423893,35.27865207448565,0.04202624309925145,85.3003506925773,0.002689570557096253,5.459001205292775,0.0494175854130029,100.30250279936683,0.609934874236138,0.609934874236138,0.7059876880595222,0.7059876880595222
201144,MIN,G,undrafted,28382.4,0,24.74775275694398,2029.3157260694065,0.3620693912072289,734.7531095052058,0.10116391342574968,205.2935204255978,0.18754576700382913,380.5895743386193,0.03517141783699947,71.37391132478106,0.008149477213066962,16.537862267721067,0.0760603656019835,154.35049604669365,0.04972430993833199,100.90632412580639,0.42862971140050843,0.42862971140050843,0.8535739362038984,0.8535739362038984
1641709,DET,G,lottery,1582.5600000000002,0,24.682769132424966,2023.9870688588471,0.38531181690318816,779.8661348905606,0.22237192460280042,450.07789987332256,0.0872347412428391,176.56198823075388,0.03820559765535276,77.32763561245787,0.027486150798944075,55.63161378976708,0.02017519667045882,40.83433717269272,0.05900582786824865,119.42703259264626,0.48373461067384077,0.48373461067384077,0.6799994079418519,0.6799994079418519
200768,PHI,G,undrafted,30428.77,0,24.39863791211812,2000.6883087936858,0.28324689105426853,566.6887434344338,0.11717045103119535,234.42155151419558,0.15499449412158295,310.0956723164427,0.03382596430198546,67.67521131265487,0.012368348100471648,24.745209443704216,0.05550378554712419,111.04577483792332,0.051673828742879686,103.38322503648651,0.4131880648912677,0.4131880648912677,0.8086879851347547,0.8086879851347547
1630557,ATL,F,late_first,5961.69,0,24.37010419615238,1998.3485440844952,0.47586788922665,950.9499036126379,0.119158544955165,238.12030482638085,0.06962195066632626,139.12892375037563,0.021540161775919858,43.04475092425394,0.008881609529157964,17.748551471719797,0.08040058497492215,160.6683919281774,0.040333177503395164,80.59974654221124,0.46476111980617774,0.46476111980617774,0.8065261091673144,0.8065261091673144
203994,UTA,C,late_first,13284.02,0,24.369806001554714,1998.3240921274867,0.40817175643462167,815.659454609297,0.38457442275454784,768.504334206434,0.12673733835914036,253.26227661518325,0.034925035821434636,69.79154050038832,0.03490829236760871,69.75808165322255,0.013330721226266802,26.639101391884225,0.07765499644627458,155.17985027266485,0.511243897349416,0.511243897349416,0.6559844524066708,0.6559844524066708
1628976,ORL,C,lottery,8687.81,0,24.179798541074064,1982.7434803680733,0.4356325463053879,863.7475910231507,0.27114342105364936,537.6078503388186,0.07104321568013862,140.86047271417772,0.023498441521627656,46.59138172581766,0.021767175316491083,43.15872494480155,0.04409425765205382,87.42760188127974,0.05147967494353262,102.07098986575697,0.505126435298591,0.505126435298591,0.7180391305162976,0.7180391305162976
1641718,UTA,G,late_first,2022.75,0,24.117896949497663,1977.6675498588083,0.4811614949926024,951.5774748884213,0.1138046450477011,225.06775353403842,0.1424654038202329,281.7492061128057,0.028704528573585148,56.768014693974294,0.008008176673203353,15.837511140130538,0.06853621556370458,135.54184951046676,0.07460083373293591,147.5356480660397,0.41435189347317647,0.41435189347317647,0.8176739257581067,0.8176739257581067
1626181,MIA,G,second_round,12980.36,0,24.113240273532533,1977.2857024296677,0.5105309464116017,1009.4655409875469,0.10772413383416302,213.00138963691055,0.057763600740750314,114.21514186554136,0.02635601353147283,52.11336872882408,0.011311401714789565,22.365872885091832,0.0806155524971849,159.39997934615198,0.040803686848458885,80.68054661187522,0.45969151655528623,0.45969151655528623,0.8284432516116861,0.8284432516116861
203501,DEN,G,late_first,20109.73,0,23.98463356311461,1966.739952175398,0.4831220259762133,950.1753902633391,0.11698372728383298,230.07657020350547,0.0652476611447023,128.3251819592884,0.02206940653757755,43.40478355825469,0.006136675137649385,12.069244166736507,0.09423397172038135,185.3337170346406,0.03329037154889411,65.47350374797323,0.41097339306545,0.41097339306545,0.8293010067805319,0.8293010067805319
1631170,MIA,G,late_first,2113.5,0,23.948305987812837,1963.7610910006526,0.42139635103497436,827.5217580521353,0.1320365002249156,259.28814173358813,0.09480507265030413,186.1745129001574,0.034970594501939546,68.67389281207022,0.009841855751213342,19.32705338747376,0.039402463270014856,77.37702425923752,0.054990474994032854,107.98815516892607,0.45164675734545146,0.45164675734545146,0.7877838527434222,0.7877838527434222
201143,GSW,C,undrafted,26631.36,0,23.917489743127458,1961.2341589364516,0.3178699111479045,623.4173278413651,0.2275742141934078,446.326322569232,0.09304258626733933,182.4782984232975,0.023273302816191364,45.64439647438642,0.03174831202596397,62.265874033893475,0.06014804864291385,117.96440759185393,0.03666466518855905,71.9079937937702,0.47514275052088323,0.47514275052088323,0.7956390132854706,0.7956390132854706
1630182,CHA,G,late_first,4527.57,0,23.87582079958918,1957.8173055663128,0.33483071258414077,655.537363532331,0.12067140930036946,236.25257341533904,0.08332249299100286,163.1302187207132,0.03198443864991143,62.619687497620625,0.00717488067994378,14.047105560567326,0.04834376856988781,94.64826672241915,0.043644208451451866,85.44738659399599,0.46326139972831154,0.46326139972831154,0.732962529591485,0.732962529591485
1627741,ATL,G,lottery,18316.86,0,23.869833810057987,1957.326372424755,0.45615716359512937,892.84844627522,0.1398603315973379,273.75231549154074,0.10409362608615565,203.74519953975388,0.03272081493046484,64.0453139906285,0.015266462556476497,29.881449775426493,0.10160145192201459,198.86720132360495,0.051057953520751514,99.9370789482043,0.4342097412166457,0.4342097412166457,0.8551749265625388,0.8551749265625388
1628997,DAL,F,undrafted,6341.58,0,23.856086473454567,1956.1990908232744,0.34169472644378596,668.4229132084415,0.1641702522856868,321.1496982614881,0.0685596919666821,134.1164070923473,0.03030980090095451,59.29200496548168,0.016681968315885826,32.63325125267853,0.047325658707081796,92.578410535406,0.04212128861884309,82.39762650048559,0.4364826261543875,0.4364826261543875,0.7704936185237229,0.7704936185237229
203110,GSW,F,second_round,23297.89,0,23.823310103901687,1953.5114285199384,0.30845870917381496,602.5776135975555,0.24217112943328573,473.0840690055049,0.20016045933284973,391.0157448445223,0.03499831533739683,68.36960899054935,0.02978766516890332,58.19054433637793,0.02886217022903713,56.38257939431196,0.08779979444329003,171.51790186666847,0.4831981895125185,0.4831981895125185,0.7167634514952019,0.7167634514952019
1627751,TOR,C,lottery,11633.47,0,23.78522604283638,1950.3885355125833,0.4189017113299595,817.0210952845547,0.3325413304048359,648.584798405694,0.09431437862264011,183.94968279959033,0.029650994413466993,57.830959570573675,0.04774658701079768,93.12439591571382,0.0004075708288881648,0.7949214720728375,0.06322501194057803,123.31333844654958,0.6057232683005035,0.6057232683005035,0.5792413578771066,0.5792413578771066
1627936,OKC,G,undrafted,8247.06,0,23.759266918408848,1948.2598873095255,0.3308113779936882,644.5065380106919,0.1322988973363171,257.7526348156277,0.1322652936673971,257.68716613540437,0.0545137380668092,106.2069291828627,0.028450677987769055,55.429314690330536,0.05497070273210051,107.09721511016757,0.05058161826309499,98.54613789719089,0.4432108380483937,0.4432108380483937,0.7726299679329985,0.7726299679329985
1629001,GSW,G,second_round,8027.08,0,23.749732876584932,1947.4780958799645,0.3952071361342467,769.6572409568967,0.14630196388717628,284.9198700544974,0.10699350321692963,208.36750391643298,0.0537711875190746,104.71820988285191,0.014973975814087003,29.161489906170797,0.07566369836021508,147.35339520978766,0.044693213655363766,87.03905462830426,0.40870313518961704,0.40870313518961704,0.8106663307574143,0.8106663307574143
1630168,ATL,F,lottery,4846.66,0,23.74619190810585,1947.1877364646796,0.4090806982808043,796.5569189167899,0.2660069948313556,517.9655581494391,0.05583742203685846,108.72594342597344,0.02436817468201299,47.44941090084479,0.038508730246264875,74.98372728235344,0.021689532959275438,42.233592587947605,0.04098377297492285,79.80310013082233,0.5954006244013375,0.5954006244013375,0.7595807029645649,0.7595807029645649
1641764,GSW,G,late_first,1968.4,0,23.708963862495743,1944.135036724651,0.38041905091567535,739.5860055227033,0.18140666387581658,352.67905113630707,0.11735712626259179,228.15810097642338,0.03383948417396634,65.78852680729729,0.013651087470798632,26.53955744137252,0.04299716151037259,83.59228817202397,0.05518186665263344,107.28100035125232,0.43501954798564835,0.43501954798564835,0.704771454239719,0.704771454239719
203991,HOU,C,late_first,16227.42,0,23.669233477985195,1940.877145194786,0.4235017462883965,821.9648603212295,0.4077339321403454,791.3614702115982,0.04632613991399055,89.9133461841602,0.025030702751482864,48.58151889851734,0.04793216031874486,93.03043448246432,0.0011827139475368907,2.2955024700774564,0.040180083066960866,77.98460491669236,0.5845128962583555,0.5845128962583555,0.6077125843407243,0.6077125843407243
1627752,MIL,F,lottery,12236.26,0,23.339557356530225,1913.8437032354784,0.3390582235758235,648.9044462207968,0.11887931794520412,227.51643409435732,0.06262423142836418,119.85299098913613,0.02749177218204749,52.61495508139588,0.014971507616617148,28.653125580004733,0.06166188711263349,118.0112143801305,0.03935831037596449,75.32565448302724,0.4341697587033284,0.4341697587033284,0.7820654469065011,0.7820654469065011
1630700,ATL,G,lottery,2400.41,0,23.286027547118337,1909.4542588637037,0.33609148604620404,641.7513193987553,0.18188404366618252,347.29926179774407,0.1309032093254971,249.95369054549732,0.04976505804332462,95.02410202342561,0.01674921510514358,31.981860115140684,0.03590353565170515,68.55615905841321,0.05437589602397415,103.82828624250737,0.4461525904455735,0.4461525904455735,0.6859059447252235,0.6859059447252235
1628989,DET,G,late_first,11887.949999999999,0,23.259766291364734,1907.3008358919083,0.42908460674631216,818.393429115592,0.1311545683300002,250.15121780685178,0.10235804163902587,195.22757837837278,0.03108682192671054,59.29192144603791,0.013440894263005482,25.63582886296511,0.0808124332128275,154.1336214172849,0.04154503181219766,79.23887390256051,0.44656462430058963,0.44656462430058963,0.7952165466081407,0.7952165466081407
203114,DAL,F,second_round,22980.1,0,23.086976561018787,1893.1320780035405,0.5175229231373317,979.7392468934434,0.16719967354699766,316.5310654235413,0.1852961948044948,350.7901703163821,0.03251165563365693,61.54885818908046,0.010870591193372532,20.57946489503633,0.06170818466688477,116.82174386824578,0.07841499260911228,148.449937904721,0.4573747118754927,0.4573747118754927,0.8571689740244604,0.8571689740244604
1629614,IND,G,second_round,3770.35,0,23.042434247278063,1889.4796082768012,0.3788992549280002,715.9224157777296,0.09621695842555386,181.79998091550078,0.15787551929047708,298.3025743454672,0.03551954694358269,67.11345964513008,0.006382401527242652,12.059417537559703,0.04036636876377914,76.27143063934231,0.060230792407870416,113.80485404502433,0.4639621544214393,0.4639621544214393,0.7885261764683874,0.7885261764683874
1626220,PHX,F,undrafted,13880.369999999999,0,22.86739223400293,1875.1261631882403,0.30125970873210023,564.8999617580299,0.17686938635842647,331.65241382773473,0.10666670311844871,200.01352575843583,0.0310184126836302,58.16343716364494,0.020221626737579827,37.918101357862795,0.07275391283148877,136.42276542464123,0.04196569649553991,78.69097545520394,0.41525926874872987,0.41525926874872987,0.7469597387207474,0.7469597387207474
1629130,DET,F,undrafted,9227.16,0,22.669298858974315,1858.882506435894,0.4154579470320632,772.2875098976724,0.10705940521822845,199.01085550959652,0.08828757443932382,164.11622766091583,0.02353510186265321,43.74898913967287,0.007344699071030912,13.652932618175322,0.08863303916578229,164.75840599752013,0.04533180957168916,84.2665077978962,0.4193695476178208,0.4193695476178208,0.873737137716411,0.873737137716411
1630583,MEM,F,late_first,3659.6900000000005,0,22.573473708100703,1851.0248440642576,0.420742611392066,778.8050266431875,0.2109520348714028,390.4774574528762,0.07217270120338566,133.5934629906932,0.028072879092360656,51.96359664437164,0.02827981485130781,52.346639875308114,0.05543991967699183,102.62066867503877,0.04205949088808823,77.85316256254559,0.4474075809061089,0.4474075809061089,0.6976398754027836,0.6976398754027836
1641717,OKC,G,lottery,1691.6599999999999,0,22.4393028450727,1840.0228332959614,0.3697393580870456,680.3288612483557,0.1247111647256076,229.47139066205185,0.09220538353252666,169.66001105266048,0.03872710174454323,71.25875147733541,0.015623970670526288,28.74846278051478,0.05305208081459868,97.61704005272418,0.047550778523042604,87.4945182233976,0.4433396376492501,0.4433396376492501,0.7626156023923328,0.7626156023923328
1628392,OKC,C,second_round,5786.57,0,22.275406842267692,1826.5833610659508,0.31579883678221266,576.8329007103716,0.3253734901423645,594.3218032259991,0.08931824331011184,163.14721706989047,0.0368765415965174,67.35807729385509,0.04511870960607395,82.41308423922115,0.004585901421732348,8.376531232424995,0.050790275044200084,92.77267129969907,0.582046718528288,0.582046718528288,0.6831162522354992,0.6831162522354992
203500,HOU,C,lottery,18944.25,0,22.26370815140239,1825.624068414996,0.3139502146612594,573.1550681696497,0.38364434512087126,700.3903501639718,0.08995251458215085,164.21947563562549,0.03269674583192806,59.69196614961557,0.038434028276312496,70.16608706737861,0.0001362536179626577,0.2487478843612497,0.07734023034988512,141.1941859835102,0.5826589176587303,0.5826589176587303,0.513476740688075,0.513476740688075
1629655,DAL,F,second_round,6263.78,0,22.233431007564405,1823.1413426202812,0.44123804763167385,804.4393265743614,0.29784228782831657,543.0085885204134,0.062305111458242274,113.59102455608608,0.029523366983182083,53.82527092038986,0.06859405806229552,125.05666311146697,0.00411128829181938,7.495459656246626,0.04731296547580199,86.25822340090065,0.6396759821044813,0.6396759821044813,0.6656306596241817,0.6656306596241817
1641711,TOR,G,lottery,1267.8,0,21.882808800286067,1794.3903216234576,0.4185344121409034,751.0140984120004,0.12119467910748696,217.47055922273526,0.08309239113203351,149.10018244787173,0.02984441236016437,53.55252469361844,0.009190485857471125,16.491318873663452,0.06173396244112589,110.77482471982233,0.048306629834266014,86.6809490448539,0.4168141135147064,0.4168141135147064,0.8131604925915371,0.8131604925915371
1626171,MIL,F,late_first,13663.6,0,21.843741188039832,1791.1867774192663,0.5144871279280118,921.5425406970692,0.3108745152677501,556.8343211842179,0.05665730012877607,101.48380683493858,0.0288384744347445,51.6550940884579,0.01717704654415967,30.767298645014105,0.0518747511037532,92.91736825895822,0.044900488734487036,80.4251617208759,0.48616560901186695,0.48616560901186695,0.7769045717798879,0.7769045717798879
1629611,BKN,G,second_round,7686.91,0,21.819407869870442,1789.1914453293762,0.34933684426568284,625.0304932985202,0.13940087986455224,249.41486172504494,0.07299303060728664,130.59850593122258,0.02434103399690682,43.550769797737196,0.010241149016859913,18.323376211309107,0.04382355504439259,78.40872978934824,0.0348827081313477,62.411842978528774,0.47279953497020916,0.47279953497020916,0.793783769870233,0.793783769870233
1629638,ATL,G,late_first,5868.5599999999995,0,21.68934707826909,1778.5264604180654,0.3662662691141135,651.4142511780549,0.1024370506432178,182.18700509614825,0.11502289544055883,204.57126309493432,0.0331179903981821,58.90122223903828,0.01862691528416134,33.128461708846636,0.06154797136411432,109.4646956561307,0.0452612538216219,80.49833755345283,0.4290665588318584,0.4290665588318584,0.7636020082077194,0.7636020082077194
1641726,DAL,C,lottery,1294.15,0,21.556733644412734,1767.6521588418443,0.378079625939985,668.3132670069315,0.2922328255109795,516.565984898935,0.04967604306402569,87.80996476484543,0.027871810565777613,49.26766611742772,0.05370795095215276,94.93697544754471,0.004249027765181172,7.510803102101435,0.04622545560749277,81.71052639803243,0.5842294835691829,0.5842294835691829,0.6076738017361007,0.6076738017361007
1630208,CHI,C,second_round,3405.84,0,21.513099828165913,1764.074185909605,0.3673139627132198,647.9690797465543,0.3176798489282506,560.4108208779899,0.03887592592696876,68.58001738109951,0.017194303945474276,30.33202773489484,0.04561474889507889,80.46780102255734,0.003809948657456189,6.7210320762594185,0.04884698905363867,86.16971244893303,0.6151885836648665,0.6151885836648665,0.7148442207690778,0.7148442207690778
1629011,NYK,C,second_round,7829.54,0,21.507333535000157,1763.6013498700129,0.2315563736235689,408.3731330935312,0.3311661240972516,584.0450234891331,0.03501852430468311,61.758716734194984,0.03932028894516929,69.34531466097951,0.04936412246014188,87.05863300585484,0.0015199184750774798,2.680530274339015,0.042871344317557646,75.60796070918677,0.609656831344017,0.609656831344017,0.5261745617594565,0.5261745617594565
1631117,UTA,C,late_first,3196.6,0,21.41309978898553,1755.8741826968135,0.36915876552451327,648.1963457007193,0.3298234547270107,579.1284890030294,0.044366765349646245,77.90245784721141,0.022903702489652577,40.21601988974969,0.07426797468131437,130.4052193441005,0.0036694737309077245,6.443134188185027,0.04762272835321054,83.61951922498592,0.6191669557643574,0.6191669557643574,0.6015354015697941,0.6015354015697941
1630534,BKN,G,lottery,2851.4,0,21.408518975064734,1755.4985559553081,0.3379885022944329,593.3383277073743,0.13173351003606787,231.25798663924124,0.06787995323383852,119.16315988031738,0.028413907738901116,49.88057400468826,0.017387579944154907,30.523871483521418,0.047330649273711514,83.08888645242772,0.04164043896467829,73.09973047183789,0.426554532881164,0.426554532881164,0.7393138955151882,0.7393138955151882
1641708,HOU,G,lottery,1388.8,0,21.342779180924534,1750.1078928358118,0.42837723657801463,749.7063828463772,0.24206349811651912,423.6372386211668,0.11061497666558298,193.58814372828593,0.04292682142322407,75.12656898713786,0.02158398198839238,37.774297236711504,0.01773222089295208,31.033299742263523,0.06953733935734077,121.69784645608442,0.48611415964696864,0.48611415964696864,0.6896808650151067,0.6896808650151067
201566,SAC,G,undrafted,33597.340000000004,0,21.29733696261009,1746.3816309340273,0.4604174205928455,804.0645258853715,0.2038392708316069,355.98115824330455,0.21320431824886696,372.3361050256337,0.040087174527772045,70.00750523134754,0.01459172487004746,25.48272027669409,0.030294584133553133,52.90590524762263,0.09242296924394651,161.40577576400875,0.45597041211349987,0.45597041211349987,0.6901831662817454,0.6901831662817454
1629675,MIN,C,undrafted,6272.099999999999,0,21.277692192811088,1744.7707598105092,0.5120969711056199,893.4918213726128,0.22850616699538417,398.6908786099235,0.05960523905123458,103.9974782281096,0.031022834585861647,54.127734671849566,0.03639390261531383,63.49901711859079,0.07042517905831933,122.87579317537497,0.05853507433540061,102.13028612374156,0.4779729752582613,0.4779729752582613,0.7464562412807554,0.7464562412807554
1628379,LAL,G,lottery,9287.33,0,21.27086499608185,1744.2109296787119,0.41081353609601085,716.5454597186222,0.11133690948516586,194.19505440067576,0.11842340771927881,206.55540207376444,0.023207997364069036,40.47964265836395,0.005837263056968883,10.181418023374896,0.09349693520794397,163.07837628115823,0.05118431795952668,89.27624681315682,0.4392555004644917,0.4392555004644917,0.8770631897430005,0.8770631897430005
1630202,BOS,G,late_first,4737.82,0,21.269944840053824,1744.1354768844135,0.4236177310008161,738.8467132758017,0.1349224804073013,235.32308470761637,0.13963161735842697,243.53645752958198,0.02673832049668657,46.63525337057672,0.0068928146838402975,12.022002625675684,0.08438779804291738,147.18375238280927,0.04649576051599747,81.09490544067273,0.43770205134277,0.43770205134277,0.8298761290733813,0.8298761290733813
1628380,CHI,F,lottery,6159.81,0,21.077719187479975,1728.372973373358,0.47732091989382464,824.9885775701962,0.24519322095960291,423.78533636093965,0.12318112161971248,212.9029214373277,0.02583659250121107,44.65526820315399,0.03116901818830237,53.87168864324445,0.03807505071072461,65.80788860823648,0.0757996639702652,131.01009059698868,0.48579035287487493,0.48579035287487493,0.7728703348355958,0.7728703348355958
1627884,LAC,F,undrafted,8213.369999999999,0,20.956572547185292,1718.438948869194,0.35517849824286984,610.3525651814161,0.15728759430003822,270.2891282191219,0.04846590371749439,83.28569664028662,0.030373853107562927,52.195612207267736,0.02938130436846967,50.489977795358875,0.0438917941217533,75.4253685545688,0.03605059906829901,61.95075356903249,0.47121895036867967,0.47121895036867967,0.7426412685199398,0.7426412685199398
203937,MIN,F,late_first,14323.01,0,20.92477169081008,1715.8312786464264,0.2971444791874569,509.84979166694063,0.17114750500449508,293.66024234900846,0.1675353301295442,287.462359714627,0.03759391838479425,64.50482105151092,0.026163513266060787,44.89217442118782,0.015394705512139832,26.414717243280077,0.05088028169467415,87.30197879806312,0.4627064633184578,0.4627064633184578,0.7185269861120432,0.7185269861120432
201587,LAC,G,undrafted,28896.43,0,20.91228892215408,1714.8076916166344,0.21483943149960424,368.4083095980664,0.16536501084861227,283.56919252746854,0.07540141919221127,129.298933589614,0.031926453248447915,54.74772759647737,0.02435389693646934,41.762249787496415,0.048378571815874835,82.9599470592899,0.03395773673709123,58.2309881466568,0.4215111838722646,0.4215111838722646,0.738462612659386,0.738462612659386
203914,MIL,G,late_first,15955.94,0,20.758761471751992,1702.2184406836634,0.2911364881923626,495.5778989569212,0.09182087439237452,156.29918563039828,0.06757245792634353,115.02308396454293,0.034151346869376306,58.13305241523665,0.010613506601967988,18.066506658187716,0.05967779295798282,101.58463967238002,0.031320384814209824,53.314136600056536,0.4265410389438817,0.4265410389438817,0.7852396899412947,0.7852396899412947
1629680,POR,G,late_first,6958.49,0,20.756201438754143,1702.0085179778398,0.2700274145736928,459.58895969195856,0.11959312833898442,203.54852312456845,0.061076673898382956,103.95301922480259,0.06496194860460046,110.56578986946863,0.029630519794053553,50.431397081590134,0.053053392057260604,90.29732518907542,0.032917654673560025,56.02612864625221,0.41224678599893255,0.41224678599893255,0.6751316551484331,0.6751316551484331
1630533,BKN,F,lottery,2945.41,0,20.54738998250836,1684.8859785656855,0.41773081760562214,703.8287973984925,0.17003968793554802,286.49748600228963,0.07552564348570885,127.25209773122165,0.03194001268058639,53.8152795207302,0.012826427656879942,21.611068114164134,0.05395477700181058,90.90764724698896,0.05964709434426488,100.4985529228365,0.41217266711637374,0.41217266711637374,0.7965633134441359,0.7965633134441359
202685,DEN,C,lottery,22034.15,0,20.501759484118445,1681.1442776977124,0.49182825152335946,826.8342506585669,0.37487505025873963,630.2190455941225,0.08240598336859373,138.5363473881642,0.0199651310745877,33.56426585952789,0.03019619757129742,50.76416475521622,0.021532199154669404,36.19873339511999,0.061897260306794384,104.05822496993312,0.5500617963506318,0.5500617963506318,0.7850271874320783,0.7850271874320783
1630173,SAC,F,late_first,5226.13,0,20.38991484538763,1671.9730173217856,0.36992221279033355,618.4999582934056,0.2912349347652187,486.9369526289162,0.05917158494251521,98.9332934160495,0.029053473762477626,48.57662419032905,0.03308742984934407,55.32128992063072,0.01882417476874801,31.473512286696234,0.051916173545717426,86.80244133103463,0.5008821040332045,0.5008821040332045,0.6559938702362867,0.6559938702362867
203482,SAS,F,lottery,17108.92,0,20.38635580105066,1671.6811756861541,0.4113257886115844,687.605577896248,0.23249485599283215,388.6572742070807,0.17099110759041702,285.842615768626,0.03631802408376175,60.71215719894091,0.01887952820315289,31.560551903046527,0.037456176798713506,62.61478566758184,0.07898549988679644,132.03857331291846,0.5079361656242023,0.5079361656242023,0.8241691804933151,0.8241691804933151
1629656,PHI,G,late_first,3932.01,0,20.254574732309894,1660.8751280494114,0.35220726592980317,584.9722879010949,0.1058877343266733,175.86630430867555,0.07291534765713073,121.10328737680435,0.031360989684255464,52.08668775759406,0.008570642101156297,14.23476629722364,0.07693715700825476,127.7830104978428,0.03555929930870111,59.0595557926863,0.3916339326306399,0.3916339326306399,0.7815732531272899,0.7815732531272899
1641739,POR,F,second_round,1739.5,0,20.224153959408927,1658.380624671532,0.32781872841493637,543.6482276077894,0.1925486387015911,319.31893172959775,0.059085860579825546,97.98684637762614,0.03274074491510489,54.29661700452293,0.020636655790106165,34.22343012032765,0.0341571006322139,56.64547388341927,0.04828799329467049,80.07987248415039,0.44058668674954704,0.44058668674954704,0.7507147845814335,0.7507147845814335
1631128,DEN,G,late_first,2836.62,0,20.128219687192257,1650.5140143497651,0.3702961337026823,611.1789581358115,0.16949904561084794,279.76055019961456,0.07985379048027028,131.79980028663596,0.03143630831239286,51.88606742902443,0.01858758004858547,30.679061363038404,0.04337786071939753,71.5957670298778,0.0412243166065853,68.04131229116079,0.4568426746882364,0.4568426746882364,0.703469733610468,0.703469733610468
1630544,CHA,G,late_first,3537.3,0,20.07429932724353,1646.0925448339694,0.4066746852405777,669.424167547216,0.13988699155658543,230.2669339205477,0.14557900106164906,239.63650833195703,0.04007359457901766,65.96484528121994,0.007912037858417337,13.023946533184905,0.051139640157555184,84.18058040884347,0.06355285960228374,104.61388839419921,0.4314398965992311,0.4314398965992311,0.7840432883470883,0.7840432883470883
1630167,IND,F,lottery,4693.76,0,19.78303394550498,1622.2087835314082,0.4759558668805253,772.0997878268938,0.18332119511896802,297.385252929465,0.06965361573009715,112.99270724208506,0.026067177057406982,42.286403584394016,0.020807780202255845,33.75456380989038,0.059937592530325434,97.23128906642044,0.04122452012562669,66.87477864465893,0.49914740198746377,0.49914740198746377,0.7794836774771219,0.7794836774771219
1631133,PHI,F,second_round,2320.0,0,19.714600147073202,1616.5972120600027,0.38906978465096265,628.9691291635319,0.24630710721036472,398.1793828268398,0.05501510899861038,88.93727182833071,0.025690175799761256,41.530666575225396,0.018863806622724317,30.495177195135145,0.03066500696726622,49.57296477108313,0.0427059532848089,69.03832501858678,0.46070886038302183,0.46070886038302183,0.7578612929437788,0.7578612929437788
1641722,NOP,G,lottery,1160.44,0,19.53929480607918,1602.2221740984928,0.445084459002263,713.1241895600573,0.12983145272262542,208.01883244761058,0.08130879662278137,130.27475689828495,0.028210019864985624,45.19871935943894,0.009089280292415295,14.563046431104219,0.07195071010871197,115.2810231783109,0.04805269101307767,76.99108706625641,0.40894002352059466,0.40894002352059466,0.8111806402471956,0.8111806402471956
1630541,GSW,G,lottery,2580.13,0,19.31989527595672,1584.2314126284512,0.44425058033468856,703.7957244446329,0.15863224597233727,251.3101871251798,0.06919264862213742,109.61716747015282,0.03614464779213255,57.261486430687974,0.01604215012826321,25.414478159296117,0.05958362760363239,94.39425452803012,0.04350490647028417,68.92183943368693,0.4451046649423904,0.4451046649423904,0.7672227836748138,0.7672227836748138
1626192,CHA,G,second_round,10835.02,0,19.071408394670375,1563.8554883629706,0.26506541586679133,414.52400537849485,0.15380950135560323,240.53583285733188,0.08495599516256222,132.8588993043109,0.026793737021496077,41.90153269482075,0.011032816933411774,17.253731313419923,0.05121465691767952,80.09232230533969,0.03649696366956484,57.075976943232924,0.4239157610017276,0.4239157610017276,0.749819314321814,0.749819314321814
1628963,DAL,F,lottery,6203.41,0,18.966677040641457,1555.2675173325995,0.49285361250812004,766.5192143339068,0.28270299573954416,439.6787863263293,0.054489201069658,84.74528446904382,0.021584349401994565,33.56943750767947,0.02919280599617566,45.40262290564434,0.01755890085285105,27.308788136502915,0.053879834400633625,83.79755628256504,0.5541307410617171,0.5541307410617171,0.7527136803644765,0.7527136803644765
1641707,MEM,F,lottery,856.4,0,18.959108507213656,1554.6468975915197,0.37203108945127283,578.3769790230144,0.20376727861148192,316.7861675240072,0.05451872062217913,84.7573598759296,0.03019205931359286,46.93799134377629,0.026777555655475908,41.62964382486987,0.049620223219073965,77.14192608533203,0.043731962065452296,67.98775915064545,0.4283982764501308,0.4283982764501308,0.7572901646095612,0.7572901646095612
1631323,MIA,F,undrafted,2410.02,0,18.944155181809236,1553.4207249083574,0.400193308316663,621.6685791087444,0.1480087392928621,229.91984308508992,0.05990383654772487,93.05586119475852,0.025972455435984542,40.34615055101712,0.015310272893164919,23.783295216245023,0.07285541463815075,113.17511102069508,0.044534027457361194,69.18008121590272,0.4333780825188342,0.4333780825188342,0.810090170577316,0.810090170577316
1641710,ORL,G,lottery,1164.03,0,18.882831263984166,1548.3921636467016,0.3514109414580559,544.1219479733636,0.1320809230383902,204.51306619986647,0.09593479443864794,148.54468392985964,0.033147329952687266,51.325065944552556,0.014893315712340687,23.060693339704613,0.03739260791142332,57.89842106836153,0.058333301089421516,90.32282628650388,0.43300489131230596,0.43300489131230596,0.7017794688547598,0.7017794688547598
1629599,PHX,G,undrafted,4207.7,0,18.823266534593863,1543.5078558366968,0.3083919178047635,476.0053478081973,0.10600111293572624,163.61355054372635,0.06764530428572844,104.41105857548563,0.026629357873233346,41.10262307322246,0.009447431588870025,14.58218487490065,0.04807678609200903,74.20689701639638,0.032494231123466166,50.15510100844332,0.4227973088083213,0.4227973088083213,0.7982632772663955,0.7982632772663955
1627739,LAC,G,lottery,7713.89,0,18.80246850060112,1541.8024170492918,0.3124500457967223,481.73623581654834,0.1575941689248825,242.97907056125825,0.1846184691212281,284.6452019230495,0.051154481580443806,78.87010334363174,0.01917785040907081,29.568456114515126,0.030388074009259212,46.852405956948616,0.06168588661843181,95.10744908612672,0.45648965153739257,0.45648965153739257,0.7282470472946351,0.7282470472946351
1631212,DEN,G,late_first,1674.07,0,18.77919905428407,1539.8943224512939,0.37745886210590796,581.2467587158135,0.16782958537795725,258.43982566287104,0.06924438944841005,106.62904217321291,0.029633091107421294,45.63182875299997,0.04438261544784011,68.34453754366808,0.03813698999248254,58.72693436480567,0.04403555825644046,67.81010614506586,0.463399421472399,0.463399421472399,0.6797204169663719,0.6797204169663719
1631109,PHX,C,late_first,1336.6200000000001,0,18.450287642360834,1512.9235866735885,0.4455679927470307,674.1103256937892,0.34172117675344665,516.9980283761438,0.04779833196936992,72.31522384011399,0.02966903877756611,44.886988560513096,0.04616733751503975,69.84765386042406,0.003523632830365165,5.3309872198368735,0.04560022267571501,68.98965244365705,0.6048697658006433,0.6048697658006433,0.6989819912414503,0.6989819912414503
1642851,CHA,G,lottery,0.0,1,18.422682926829268,1510.6599999999999,0.42645286278260613,644.2252816911717,0.12708606229099292,191.98383086051135,0.12231772073273514,184.78048800211366,0.033671183810504435,50.865710535176625,0.011662917290884868,17.618702634648134,0.04609396839649178,69.63231429784427,0.06955922817002344,105.0803436273276,0.41694746727061816,0.41694746727061816,0.7616427104722793,0.7616427104722793
1642260,OKC,G,lottery,0.0,1,18.422682926829268,1510.6599999999999,0.42645286278260613,644.2252816911717,0.12708606229099292,191.98383086051135,0.12231772073273514,184.78048800211366,0.033671183810504435,50.865710535176625,0.011662917290884868,17.618702634648134,0.04609396839649178,69.63231429784427,0.06955922817002344,105.0803436273276,0.41694746727061816,0.41694746727061816,0.7616427104722793,0.7616427104722793
1642263,HOU,G,lottery,0.0,1,18.422682926829268,1510.6599999999999,0.42645286278260613,644.2252816911717,0.12708606229099292,191.98383086051135,0.12231772073273514,184.78048800211366,0.033671183810504435,50.865710535176625,0.011662917290884868,17.618702634648134,0.04609396839649178,69.63231429784427,0.06955922817002344,105.0803436273276,0.41694746727061816,0.41694746727061816,0.7616427104722793,0.7616427104722793
1642856,BKN,G,lottery,0.0,1,18.422682926829268,1510.6599999999999,0.42645286278260613,644.2252816911717,0.12708606229099292,191.98383086051135,0.12231772073273514,184.78048800211366,0.033671183810504435,50.865710535176625,0.011662917290884868,17.618702634648134,0.04609396839649178,69.63231429784427,0.06955922817002344,105.0803436273276,0.41694746727061816,0.41694746727061816,0.7616427104722793,0.7616427104722793
1642848,WAS,G,lottery,0.0,1,18.422682926829268,1510.6599999999999,0.42645286278260613,644.2252816911717,0.12708606229099292,191.98383086051135,0.12231772073273514,184.78048800211366,0.033671183810504435,50.865710535176625,0.011662917290884868,17.618702634648134,0.04609396839649178,69.63231429784427,0.06955922817002344,105.0803436273276,0.41694746727061816,0.41694746727061816,0.7616427104722793,0.7616427104722793
1642265,CHI,G,lottery,0.0,1,18.422682926829268,1510.6599999999999,0.42645286278260613,644.2252816911717,0.12708606229099292,191.98383086051135,0.12231772073273514,184.78048800211366,0.033671183810504435,50.865710535176625,0.011662917290884868,17.618702634648134,0.04609396839649178,69.63231429784427,0.06955922817002344,105.0803436273276,0.41694746727061816,0.41694746727061816,0.7616427104722793,0.7616427104722793
1642264,SAS,G,lottery,0.0,1,18.422682926829268,1510.6599999999999,0.42645286278260613,644.2252816911717,0.12708606229099292,191.98383086051135,0.12231772073273514,184.78048800211366,0.033671183810504435,50.865710535176625,0.011662917290884868,17.618702634648134,0.04609396839649178,69.63231429784427,0.06955922817002344,105.0803436273276,0.41694746727061816,0.41694746727061816,0.7616427104722793,0.7616427104722793
1642907,MEM,G,lottery,0.0,1,18.422682926829268,1510.6599999999999,0.42645286278260613,644.2252816911717,0.12708606229099292,191.98383086051135,0.12231772073273514,184.78048800211366,0.033671183810504435,50.865710535176625,0.011662917290884868,17.618702634648134,0.04609396839649178,69.63231429784427,0.06955922817002344,105.0803436273276,0.41694746727061816,0.41694746727061816,0.7616427104722793,0.7616427104722793
1642845,PHI,G,lottery,0.0,1,18.422682926829268,1510.6599999999999,0.42645286278260613,644.2252816911717,0.12708606229099292,191.98383086051135,0.12231772073273514,184.78048800211366,0.033671183810504435,50.865710535176625,0.011662917290884868,17.618702634648134,0.04609396839649178,69.63231429784427,0.06955922817002344,105.0803436273276,0.41694746727061816,0.41694746727061816,0.7616427104722793,0.7616427104722793
1642269,SAC,G,lottery,0.0,1,18.422682926829268,1510.6599999999999,0.42645286278260613,644.2252816911717,0.12708606229099292,191.98383086051135,0.12231772073273514,184.78048800211366,0.033671183810504435,50.865710535176625,0.011662917290884868,17.618702634648134,0.04609396839649178,69.63231429784427,0.06955922817002344,105.0803436273276,0.41694746727061816,0.41694746727061816,0.7616427104722793,0.7616427104722793
1642847,NOP,G,lottery,0.0,1,18.422682926829268,1510.6599999999999,0.42645286278260613,644.2252816911717,0.12708606229099292,191.98383086051135,0.12231772073273514,184.78048800211366,0.033671183810504435,50.865710535176625,0.011662917290884868,17.618702634648134,0.04609396839649178,69.63231429784427,0.06955922817002344,105.0803436273276,0.41694746727061816,0.41694746727061816,0.7616427104722793,0.7616427104722793
1642267,WAS,G,lottery,0.0,1,18.422682926829268,1510.6599999999999,0.42645286278260613,644.2252816911717,0.12708606229099292,191.98383086051135,0.12231772073273514,184.78048800211366,0.033671183810504435,50.865710535176625,0.011662917290884868,17.618702634648134,0.04609396839649178,69.63231429784427,0.06955922817002344,105.0803436273276,0.41694746727061816,0.41694746727061816,0.7616427104722793,0.7616427104722793
1642844,SAS,G,lottery,0.0,1,18.422682926829268,1510.6599999999999,0.42645286278260613,644.2252816911717,0.12708606229099292,191.98383086051135,0.12231772073273514,184.78048800211366,0.033671183810504435,50.865710535176625,0.011662917290884868,17.618702634648134,0.04609396839649178,69.63231429784427,0.06955922817002344,105.0803436273276,0.41694746727061816,0.41694746727061816,0.7616427104722793,0.7616427104722793
1630573,BOS,F,undrafted,3187.53,0,18.344515169121347,1504.2502438679505,0.39351540701845594,591.9456469733082,0.16410273159300753,246.8515740181784,0.055977765465320364,84.2045673523911,0.021928308121218928,32.98566283895513,0.01576370966383405,23.71256410608594,0.09524356076130502,143.27014950204506,0.029618870747290346,44.55419354470481,0.4353101422423354,0.4353101422423354,0.8592351640155436,0.8592351640155436
1630230,DAL,F,undrafted,4484.28,0,18.16410340424894,1489.456479148413,0.37192787765752927,553.9703871529252,0.17601343995923757,262.1643585644866,0.09629323703868008,143.42458580543598,0.034035105604969175,50.69380856182181,0.011801367618396376,17.577623462032758,0.04620124777710709,68.81474784635337,0.050889334058199225,75.79744833253284,0.44718223179316274,0.44718223179316274,0.7704235518419382,0.7704235518419382
1630188,CHI,F,lottery,3405.75,0,18.111774477694247,1485.1655071709283,0.5014189264826713,744.6900942547389,0.3009152952795418,446.9090171293304,0.058140246265087195,86.34788833133089,0.01996223348506546,29.64722061811173,0.0353363017988103,52.48025658257509,0.052709148125877854,78.28180870891697,0.0475386722033206,70.60279621307716,0.533116912551662,0.533116912551662,0.728914348601971,0.728914348601971
1641713,MEM,F,second_round,1233.1200000000001,0,17.997343589079982,1475.7821743045586,0.46746374490533205,689.8746618649425,0.17280361868964264,255.02050011749668,0.05798590686377594,85.57456771044488,0.02700893674706118,39.85930739823224,0.01995302764642211,29.44632252399579,0.06320707075239888,93.27986830639729,0.051246238260285015,75.62828492469288,0.4279130798212916,0.4279130798212916,0.768420980957857,0.768420980957857
1630558,MIA,G,lottery,4624.08,0,17.797890036877387,1459.4269830239457,0.3555415403119803,518.8869175172,0.09300336381812611,135.7316186681662,0.13815230220415728,201.62319760362567,0.02403872647330427,35.082766052672305,0.0073626507983389055,10.745251241678593,0.05151474981587825,75.18201590502056,0.04535073906839633,66.18609229649584,0.4315906108297669,0.4315906108297669,0.746585006546433,0.746585006546433
1629723,UTA,G,undrafted,4715.36,0,17.751358653393652,1455.6114095782796,0.21889519979858885,318.62635032874306,0.24127048312293303,351.19606802820505,0.08610536752138641,125.33595539006109,0.04200395011930235,61.14142904101344,0.027556220773091195,40.11114936216954,0.03764081027681211,54.79039290469907,0.03897564862737016,56.73339883771401,0.4483286265885665,0.4483286265885665,0.7682697325132091,0.7682697325132091
1630198,OKC,G,second_round,3831.9300000000003,0,17.695126115990767,1451.0003415112428,0.42301893482009867,613.8006188896853,0.12503033177149359,181.41905409970119,0.07518274510780167,109.09018882717294,0.031138404012009947,45.18183485554149,0.012419485780648566,18.020678109115092,0.10107462810544786,146.6593198991267,0.0361409855706587,52.440582405578674,0.4367992978780217,0.4367992978780217,0.8539317639281504,0.8539317639281504
1641724,ORL,G,lottery,66.60000000000001,0,17.68576554134708,1450.2327743904607,0.41640766010336094,603.8880361891371,0.1273652978588827,184.70932927495485,0.11681029882813398,169.40212374690353,0.03389393973697338,49.15410225977399,0.012708777980826234,18.430686350246027,0.04918315310440741,71.32702057987555,0.06994746585457855,101.44010746786746,0.40911688605873225,0.40911688605873225,0.7617487650011258,0.7617487650011258
1629020,LAL,F,second_round,5596.22,0,17.655285587811758,1447.733418200564,0.29995711077910425,434.25793330179783,0.26268117155462983,380.29231039171304,0.07082423796115371,102.5346161149512,0.052063943684349155,75.37471115514447,0.0138612864445901,20.06744760508357,0.018228723693354938,26.390332462014356,0.04759416426645622,68.9036621198758,0.4955585848192173,0.4955585848192173,0.6747538266558563,0.6747538266558563
1626204,CLE,F,late_first,12124.2,0,17.654456050315407,1447.6653961258633,0.2875071448726004,416.214144771009,0.2393706739926122,346.5286415864298,0.09107478333404276,131.84581229235417,0.043392914816399286,62.818421216738514,0.018374209632268067,26.599707465797003,0.028290168279398537,40.95469766866282,0.04126015155683711,59.73089364774175,0.5507730532434738,0.5507730532434738,0.7246271540336118,0.7246271540336118
1631222,LAL,F,late_first,1220.1,0,17.483396993762675,1433.6385534885394,0.41513442781245036,595.1527205923338,0.1704233256382492,244.32545004872588,0.06851940330174565,98.23205823541248,0.03292366161951618,47.20063061974932,0.017576703745994238,25.19864013350377,0.05773822338115216,82.77574304915315,0.05057526871772486,72.50665508677324,0.4199436882271911,0.4199436882271911,0.7761186521693751,0.7761186521693751
1630540,NYK,G,second_round,2460.76,0,17.388657433459784,1425.8699095437023,0.38729721768291786,552.2354487440697,0.09814813995060848,139.94647943325674,0.09426739007701797,134.41303496203852,0.03609952542182067,51.47322704778202,0.007991209050991228,11.394424526681677,0.06413748878732323,91.4517153355408,0.03646139096512013,51.98920023727341,0.41582700050910826,0.41582700050910826,0.8079327250447491,0.8079327250447491
1630577,SAS,F,undrafted,1788.27,0,17.357463311468596,1423.311991540425,0.38709976894386966,550.9637430603375,0.16312011101355264,232.17081006699482,0.06502679242710038,92.55341343290208,0.03051021777364097,43.425558821733,0.02296848022811999,32.691313336142336,0.06399128678011218,91.07956582823593,0.039339916427627505,55.992974797640386,0.42387585503138875,0.42387585503138875,0.7898224401574915,0.7898224401574915
1629216,ATL,G,undrafted,4303.13,0,17.294483963541484,1418.1476850104018,0.26992430624199854,382.792530025129,0.09435100221676154,133.80365537211168,0.10727539169183811,152.1323483863643,0.04000277095520305,56.729837024122546,0.006703495536095671,9.506546675991638,0.058744065208627155,83.30776008371468,0.039843562450684315,56.50405585200534,0.3701257155460705,0.3701257155460705,0.7279769584071095,0.7279769584071095
1630165,SAC,G,lottery,5478.4,0,17.283387767338816,1417.237796921783,0.34207374276598135,484.7998375824481,0.12035622192619479,170.5733868085095,0.18774664425418,266.08164048225177,0.03752609982791741,53.183407047184566,0.015950663473015478,22.60588315993721,0.030776570237092838,43.617718599625974,0.056178800654032496,79.61871967262904,0.42356936743664886,0.42356936743664886,0.7399652513774907,0.7399652513774907
1629013,NYK,G,late_first,7626.46,0,17.17668808311731,1408.4884228156193,0.4100624603094664,577.5682279771728,0.09666267625085435,136.14826041770266,0.0871424285779665,122.73910178810279,0.03161892162545455,44.534885051367155,0.011529829722474055,16.239631681140132,0.07569049190873645,106.6091815706746,0.04096437023104782,57.69784121836365,0.4066528198150965,0.4066528198150965,0.8280990268225384,0.8280990268225384
1629021,ORL,F,late_first,5486.45,0,17.13914563117343,1405.4099417562213,0.5330054576234646,749.0911691543415,0.2372629659033096,333.45173109107867,0.07450139482028438,104.70500095513312,0.029541775827491054,41.51830544508955,0.015881457729981452,22.319958583297122,0.037080836507842864,52.1137762767594,0.06191253885846701,87.01249763105791,0.5447455392192065,0.5447455392192065,0.8051675604541209,0.8051675604541209
203083,PHI,C,lottery,23465.93,0,17.071440804550974,1399.85814597318,0.4420205536954797,618.7660727781927,0.4312262196460294,603.655536328714,0.03702576751828814,51.830822271384825,0.056245823718174694,78.73617450885834,0.03331923649785677,46.64220462913169,0.0,0.0,0.06686338375076722,93.59925241084225,0.5623708451897561,0.5623708451897561,0.5717024473262388,0.5717024473262388
1629731,CLE,F,undrafted,4263.26,0,17.059346160538137,1398.8663851641272,0.2476671866076955,346.45330205367634,0.1836081103123982,256.8432135595208,0.046004492900142815,64.35413868453153,0.032384340141749644,45.30136483001486,0.021936119079231976,30.685699600895077,0.05661110733564238,79.19137507874846,0.02877104105744973,40.24684220144339,0.41505940880008885,0.41505940880008885,0.7327182292490078,0.7327182292490078
1629750,DET,G,undrafted,3171.3199999999997,0,16.96657043448669,1391.2587756279086,0.3786035583718683,526.7355230688149,0.22039189172852405,306.62215344454495,0.049538762038552814,68.9212374198793,0.042625968477789246,59.30375271436289,0.028265836869188404,39.32509359472525,0.03571255313731685,49.68540295237007,0.039604802518725495,55.10052906118714,0.5300926544825916,0.5300926544825916,0.7174630728144665,0.7174630728144665
1629006,HOU,G,late_first,7328.23,0,16.940595456912277,1389.1288274668068,0.3220090233600064,447.3120170538173,0.1630084353835004,226.43971671148066,0.07094297350991029,98.5489296088304,0.04715244070729159,65.50081467191809,0.02238882569055119,31.100963179874096,0.04007898166984025,55.674868813088835,0.04041811531970788,56.14596914248399,0.4226422155398931,0.4226422155398931,0.7396269111777639,0.7396269111777639
1631200,POR,F,late_first,1348.5,0,16.825548119474107,1379.6949457968767,0.32714260585195765,451.3569998487657,0.17372605159275292,239.68895533576864,0.05878005534375905,81.09854527144505,0.03327754054704055,45.91285450130248,0.01796937960263754,24.792262216864504,0.035144049918900744,48.488068047940494,0.04427793432437996,61.09004219767307,0.42454001468882363,0.42454001468882363,0.7064594109717447,0.7064594109717447
1628467,LAL,F,undrafted,9190.37,0,16.81862530691428,1379.127275166971,0.20978261318507532,289.3169236993396,0.16693458074084627,230.22403346826403,0.06603016706658338,91.064004385357,0.02080137069912716,28.68773769202531,0.029731788541562356,41.00392051716546,0.03546111621819432,48.905392584377616,0.03571462703392206,49.25501626489757,0.40438899496057246,0.40438899496057246,0.7347213094501962,0.7347213094501962
1642258,ATL,F,lottery,0.0,1,16.72005583308845,1371.0445783132527,0.4089886810958745,560.7417138079867,0.19327123272260993,264.98347576825324,0.059859504618875736,82.07004926822668,0.02843128724740317,38.98056223501884,0.024652167149603058,33.799220114135345,0.0354006877998578,48.53592107655515,0.05380412381100532,73.76785224197383,0.4443934292419141,0.4443934292419141,0.7285171102661597,0.7285171102661597
1642846,UTA,F,lottery,0.0,1,16.72005583308845,1371.0445783132527,0.4089886810958745,560.7417138079867,0.19327123272260993,264.98347576825324,0.059859504618875736,82.07004926822668,0.02843128724740317,38.98056223501884,0.024652167149603058,33.799220114135345,0.0354006877998578,48.53592107655515,0.05380412381100532,73.76785224197383,0.4443934292419141,0.4443934292419141,0.7285171102661597,0.7285171102661597
1642843,DAL,F,lottery,0.0,1,16.72005583308845,1371.0445783132527,0.4089886810958745,560.7417138079867,0.19327123272260993,264.98347576825324,0.059859504618875736,82.07004926822668,0.02843128724740317,38.98056223501884,0.024652167149603058,33.799220114135345,0.0354006877998578,48.53592107655515,0.05380412381100532,73.76785224197383,0.4443934292419141,0.4443934292419141,0.7285171102661597,0.7285171102661597
1642855,CHI,F,lottery,0.0,1,16.72005583308845,1371.0445783132527,0.4089886810958745,560.7417138079867,0.19327123272260993,264.98347576825324,0.059859504618875736,82.07004926822668,0.02843128724740317,38.98056223501884,0.024652167149603058,33.799220114135345,0.0354006877998578,48.53592107655515,0.05380412381100532,73.76785224197383,0.4443934292419141,0.4443934292419141,0.7285171102661597,0.7285171102661597
1642868,SAS,F,lottery,0.0,1,16.72005583308845,1371.0445783132527,0.4089886810958745,560.7417138079867,0.19327123272260993,264.98347576825324,0.059859504618875736,82.07004926822668,0.02843128724740317,38.98056223501884,0.024652167149603058,33.799220114135345,0.0354006877998578,48.53592107655515,0.05380412381100532,73.76785224197383,0.4443934292419141,0.4443934292419141,0.7285171102661597,0.7285171102661597
1642262,UTA,F,lottery,0.0,1,16.72005583308845,1371.0445783132527,0.4089886810958745,560.7417138079867,0.19327123272260993,264.98347576825324,0.059859504618875736,82.07004926822668,0.02843128724740317,38.98056223501884,0.024652167149603058,33.799220114135345,0.0354006877998578,48.53592107655515,0.05380412381100532,73.76785224197383,0.4443934292419141,0.4443934292419141,0.7285171102661597,0.7285171102661597
1641842,DET,F,lottery,0.0,1,16.72005583308845,1371.0445783132527,0.4089886810958745,560.7417138079867,0.19327123272260993,264.98347576825324,0.059859504618875736,82.07004926822668,0.02843128724740317,38.98056223501884,0.024652167149603058,33.799220114135345,0.0354006877998578,48.53592107655515,0.05380412381100532,73.76785224197383,0.4443934292419141,0.4443934292419141,0.7285171102661597,0.7285171102661597
1642867,TOR,F,lottery,0.0,1,16.72005583308845,1371.0445783132527,0.4089886810958745,560.7417138079867,0.19327123272260993,264.98347576825324,0.059859504618875736,82.07004926822668,0.02843128724740317,38.98056223501884,0.024652167149603058,33.799220114135345,0.0354006877998578,48.53592107655515,0.05380412381100532,73.76785224197383,0.4443934292419141,0.4443934292419141,0.7285171102661597,0.7285171102661597
1641824,CHI,F,lottery,0.0,1,16.72005583308845,1371.0445783132527,0.4089886810958745,560.7417138079867,0.19327123272260993,264.98347576825324,0.059859504618875736,82.07004926822668,0.02843128724740317,38.98056223501884,0.024652167149603058,33.799220114135345,0.0354006877998578,48.53592107655515,0.05380412381100532,73.76785224197383,0.4443934292419141,0.4443934292419141,0.7285171102661597,0.7285171102661597
1642275,CHA,F,lottery,0.0,1,16.72005583308845,1371.0445783132527,0.4089886810958745,560.7417138079867,0.19327123272260993,264.98347576825324,0.059859504618875736,82.07004926822668,0.02843128724740317,38.98056223501884,0.024652167149603058,33.799220114135345,0.0354006877998578,48.53592107655515,0.05380412381100532,73.76785224197383,0.4443934292419141,0.4443934292419141,0.7285171102661597,0.7285171102661597
1630570,PHI,G,undrafted,2907.8,0,16.71965764494687,1371.0119268856433,0.45231420082997414,620.1281640376427,0.19972667772965474,273.82765728460186,0.10430380581302498,143.00176178922135,0.029244854310548483,40.095044059794986,0.018765346635688823,25.72751404967276,0.03409365788258399,46.74281158818138,0.06522900314969286,89.4297412970901,0.49496029512838174,0.49496029512838174,0.7643648777941455,0.7643648777941455
1629312,PHX,F,undrafted,2538.04,0,16.689011839190364,1368.49897081361,0.30505656536570336,417.4695957428998,0.16439676535955214,224.97680419963362,0.05559060699323552,76.07568845714668,0.032137778309701874,43.980516541062975,0.01982782674348952,27.13436049193598,0.04905685235468396,67.13425195874022,0.03344600060227444,45.77081740204395,0.4360793197271533,0.4360793197271533,0.6615147373420928,0.6615147373420928
1630249,POR,G,second_round,1396.72,0,16.676446736890146,1367.468632424992,0.27043388309425387,369.80985227627946,0.11761458022505197,160.83424917359133,0.10422592524407154,142.52568345673996,0.027869798708848786,38.11107552634925,0.009758410171445964,13.344319811789344,0.05216035496275048,71.32764926771455,0.041343373820957666,56.53576685878019,0.41579666805150317,0.41579666805150317,0.744608921531166,0.744608921531166
1630194,DET,F,second_round,2823.8199999999997,0,16.613635105034664,1362.3180786128426,0.3824758119367389,521.0537132335451,0.3034665094716201,413.4179121067235,0.06601501067122609,89.93344249723103,0.05283310270667077,71.9754909665067,0.04441826346379187,60.51180333731197,0.019853558791457223,27.04686206640511,0.0475845052486207,64.82523176204367,0.5341326286380955,0.5341326286380955,0.7080410279881204,0.7080410279881204
1631204,DET,G,late_first,1351.13,0,16.563343629936675,1358.1941776548074,0.40621658872093847,551.7210056675762,0.1107498905139781,150.41985647199243,0.14669536641898318,199.2407925592015,0.03349441812984151,45.49192368788636,0.008714357579171118,11.835789726032255,0.05808222128665184,78.88693477678864,0.06518074607985402,88.52810982085414,0.4151842660747014,0.4151842660747014,0.8216116722246344,0.8216116722246344
1629634,MEM,F,late_first,5185.34,0,16.46744013556034,1350.330091115948,0.4369066959034516,589.9682584884756,0.27281195968373373,368.3861983772565,0.06420509556079561,86.69807253871728,0.03329091209422003,44.95372036152116,0.03536738009977668,47.75763759266381,0.01284146601591944,17.34021797533885,0.03948987140632113,53.32436165425469,0.5640052925790237,0.5640052925790237,0.5940995907352788,0.5940995907352788
1630631,NYK,G,undrafted,3172.2,0,16.363090515743714,1341.7734222909846,0.3700347002944905,496.5027261805573,0.12115358455245917,162.5606597677733,0.12741499714596652,170.96205677173953,0.0515712240984441,69.19689785030464,0.012226141626846886,16.40471189206861,0.06588990504917118,88.40932339225444,0.04576661021954565,61.40842122093732,0.4068286087870942,0.4068286087870942,0.7512841091528838,0.7512841091528838
1626172,NOP,F,late_first,9165.92,0,16.337590693373283,1339.6824368566092,0.2849816678855254,381.7849352923416,0.35107932078609544,470.33480000067954,0.10735635392041558,143.82342183214294,0.02678546572376215,35.88401799314886,0.025851648761404233,34.63299980943916,0.004656521755848379,6.2382604131507735,0.04166230804753294,55.814262370189645,0.5747080675527398,0.5747080675527398,0.645535305794879,0.645535305794879
1630692,PHX,G,undrafted,2167.04,0,16.151052621502846,1324.3863149632334,0.354659682721386,469.7064302654059,0.20756832744300588,274.9006522853243,0.12609830893712526,167.0028746963347,0.04353630546015056,57.658887155482496,0.01689899142210193,22.380792976112865,0.03890148512925965,51.52059453693721,0.0502087964077536,66.49584285320402,0.40925977095687416,0.40925977095687416,0.7528841527501087,0.7528841527501087
204456,IND,G,undrafted,13508.76,0,16.146106797367256,1323.9807573841151,0.4782026267102023,633.131075894847,0.14424571249241855,190.97854767512362,0.2503362403101067,331.4403650464669,0.052678347704863016,69.7451186920283,0.008150734336931057,10.791415420646695,0.017776569115738744,23.53583544154685,0.08049137122933056,106.56902664309504,0.5133722656232571,0.5133722656232571,0.8002870657032953,0.8002870657032953
202687,SAS,C,lottery,16385.78,0,16.054495438216875,1316.4686259337839,0.24311386023325648,320.05176952673315,0.27701516297839374,364.6817709689892,0.06382518625581453,84.02385525015998,0.022554263584165103,29.691980389594214,0.052100785730473595,68.58904980066707,0.0,0.0,0.05198731897653577,68.43967437902137,0.5482394808058031,0.5482394808058031,0.5279690833418038,0.5279690833418038
1631106,HOU,F,late_first,2247.1400000000003,0,16.029154340315372,1314.3906559058605,0.4375147948165514,575.065358127445,0.29074016107598943,382.1461510148453,0.05904231875543908,77.60467207516447,0.05148026389292377,67.66517782442686,0.03086282968386684,40.565814951288594,0.038224552365648465,50.2419944555926,0.04642191387170133,61.01652982223088,0.46924382137874693,0.46924382137874693,0.6999608804052514,0.6999608804052514
1629637,LAL,C,lottery,4927.64,0,16.02523349682759,1314.0691467398624,0.3565374116840604,468.5148123525123,0.2574311829621958,338.28237493936604,0.051747662146524126,68.00000624266563,0.030141129392031764,39.60752818196297,0.035739934021175326,46.96474460374484,0.004827550589767104,6.343735284338778,0.05018070896356262,65.9409214105501,0.6165745654606717,0.6165745654606717,0.6323233993959863,0.6323233993959863
1628371,ORL,F,lottery,4550.53,0,15.963074138082701,1308.9720793227816,0.40969612443018805,536.2807878858683,0.2782560299634604,364.22937412537294,0.04470253479094656,58.514369916304304,0.050287878452811234,65.82542882310763,0.057508913370540586,75.27756191423023,0.043703969520648346,57.207275858102534,0.03916339165810147,51.26378621203756,0.4861178256773751,0.4861178256773751,0.6944859777747049,0.6944859777747049
1629234,SAC,F,undrafted,5137.52,0,15.942504218502465,1307.2853459172022,0.3281823091405143,429.0279235286634,0.27282852024046883,356.6647264586397,0.06029891219759087,78.82788429065859,0.024346745847103224,31.828144066688544,0.04718997598576919,61.690764080380745,0.008409084646678871,10.993073131180623,0.050096187536558714,65.49001185286319,0.5782219025811093,0.5782219025811093,0.7286017448121465,0.7286017448121465
1628988,HOU,G,late_first,6574.9,0,15.796158112166921,1295.2849651976876,0.3724315514906092,482.40498921103455,0.0989692240273186,128.19334789986752,0.11251252909128781,145.73578732831254,0.03377932764205153,43.753855229236,0.00849858295854099,11.008086731683427,0.0626601511960996,81.16275176132172,0.04587009217123711,59.41484074163558,0.4159043573593292,0.4159043573593292,0.8553059223973493,0.8553059223973493
1631107,MIA,F,late_first,1100.53,0,15.756297018359238,1292.0163555054576,0.39192398000196704,506.3721922773353,0.1973681065874387,255.00282176611523,0.07785137093605475,100.58524454790496,0.03209886423921409,41.47225759021385,0.019660853093676968,25.402143760220717,0.05663738348022759,73.17642578948866,0.04899760256269214,63.305703891554366,0.4380739144831099,0.4380739144831099,0.7609480399172206,0.7609480399172206
1630598,OKC,G,second_round,3733.82,0,15.728941129353618,1289.7731726069967,0.40383770191798735,520.8590340210811,0.155590297783964,200.67619199969062,0.0751183628500201,96.885649174114,0.03689085688959397,47.580837530682295,0.013734509678428777,17.714402122148588,0.051107775687599145,65.91743799348149,0.04597550961487491,59.2979788982007,0.488379786900039,0.488379786900039,0.7867300863390136,0.7867300863390136
1629057,POR,C,late_first,4402.68,0,15.706956030156547,1287.970394472837,0.34756843864890913,447.6578590329435,0.3414226504590038,439.7422657936446,0.053359548610237464,68.72551887242007,0.03645059773962722,46.94729074947837,0.059511717621013475,76.64933042009281,0.002050797406143891,2.6413663441750184,0.051258842283326195,66.01987131587657,0.6269889293450197,0.6269889293450197,0.7205354134957723,0.7205354134957723
1631223,DEN,F,late_first,2435.75,0,15.542441732890193,1274.480222096996,0.36985863185621976,471.377511272606,0.1761857880427548,224.5453022750644,0.06468985609066033,82.44594215784748,0.025989526186124986,33.12313710588826,0.015318251273251522,19.52280828487119,0.04583046893088235,58.41002622184041,0.04852146423080232,61.839646509344384,0.4236071477408116,0.4236071477408116,0.7067440092110429,0.7067440092110429
1628975,ORL,G,second_round,5958.7300000000005,0,15.429127341624428,1265.188442013203,0.35147690574969587,444.6845187890791,0.09793300590969922,123.90370716856216,0.10280681501589198,130.06999411829594,0.04114967084748575,52.062087948886614,0.014050472023706299,17.776494809223067,0.08402474968293372,106.30714214190029,0.04101640961059241,51.893487372200774,0.39802043728587777,0.39802043728587777,0.7593241497850804,0.7593241497850804
1641716,IND,F,lottery,340.56,0,15.377857805374289,1260.9843400406917,0.3932120844543313,495.8342808116697,0.1909943082161651,240.8408316974894,0.07795786802521158,98.30365076275076,0.032789575721109784,41.347141500897905,0.02557513292769291,32.24984211627981,0.045105461737708796,56.877280901555395,0.05469960874279578,68.97535003101838,0.4285329654498015,0.4285329654498015,0.7639156144351318,0.7639156144351318
1630702,WAS,G,second_round,1697.63,0,15.241028725171317,1249.7643554640479,0.4638796287877889,579.7402252848727,0.12534526381410308,156.65204284110357,0.10787722286910038,134.82110790825269,0.02729812270440212,34.11622072704561,0.008423122361444595,10.526918089045612,0.07238271248687861,90.46133401790334,0.061897036190530025,77.3567095397926,0.41600583468615565,0.41600583468615565,0.7975891410698425,0.7975891410698425
1629026,OKC,G,undrafted,6643.95,0,15.226739263294895,1248.5926195901814,0.3044611215653622,380.14790933866027,0.190638041485053,238.029251611364,0.09331415734356951,116.51136816245781,0.03562673317387748,44.4832761010121,0.011804365048522874,14.738843078533954,0.04853982476537325,60.60646695824575,0.0381586546341901,47.64461454974043,0.4522305971100583,0.4522305971100583,0.6313314059623552,0.6313314059623552
1631172,MIL,F,lottery,933.6,0,15.104079113886211,1238.5344873386694,0.38605527984536775,478.1427781076691,0.17026839808539068,210.8832831326658,0.08583344503014556,106.3076818369232,0.026709581461446703,33.080737782383316,0.018341464268284674,22.71653604456048,0.0503294962039795,62.33481677900926,0.05280286854224436,65.39817371997978,0.420919535215905,0.420919535215905,0.7711433251981916,0.7711433251981916
1631108,DAL,G,second_round,1456.53,0,15.069379979213561,1235.689158295512,0.3392128092224811,419.16159071118375,0.14854636672456048,183.55713486572859,0.07815566833053711,96.57611201538461,0.026656930186846135,32.93967962532613,0.015144127002735111,18.713433549130084,0.04985829530030598,61.609354953684175,0.041584140115454464,51.38507109770856,0.4187298831160065,0.4187298831160065,0.7587322918104298,0.7587322918104298
203926,SAC,F,lottery,13229.92,0,15.06077993571099,1234.9839547283011,0.39054345734166995,482.31490344107914,0.09409503614740321,116.20585986162246,0.06688831959420541,82.60600145758231,0.018502606483687938,22.850422128006436,0.005923850161014485,7.3158598990675525,0.10357873418320336,127.91807476732396,0.03695260688913621,45.635876593465696,0.41325796339050597,0.41325796339050597,0.7393262326330109,0.7393262326330109
1631104,POR,G,late_first,1544.9199999999998,0,15.054340058229803,1234.4558847748438,0.3548587739732872,438.05750179531054,0.11729617741652615,144.79695647342484,0.16151265223467792,199.38024401669097,0.035388858961724994,43.685985200768386,0.009683991410919414,11.954460185318514,0.02810908840644103,34.699429598987464,0.06694432659918757,82.6398179226562,0.43513289159012203,0.43513289159012203,0.6699073523967335,0.6699073523967335
1630214,CHA,F,second_round,3940.13,0,15.003969619825488,1230.3255088256901,0.32249638377002643,396.7755274563028,0.21435991032367863,263.73246574080923,0.07456801461646255,91.74293052512078,0.05620334000036034,69.1484028836466,0.03340893320856045,41.10386274914563,0.022397680135109177,27.55643720874325,0.043346051193755925,53.32975249054217,0.44964128090489985,0.44964128090489985,0.5917399301719659,0.5917399301719659
203486,SAS,F,late_first,17494.13,0,14.84094536095439,1216.95751959826,0.33358962143659965,405.96439826720683,0.3319645424097942,403.98674612559455,0.08926583422976016,108.63272820911837,0.02393248220756983,29.12481418515367,0.024942300607772173,30.353720280708597,0.0008230409485341437,1.0016058712559106,0.055453211628768956,67.48420287750406,0.5815395950545696,0.5815395950545696,0.690964470409325,0.690964470409325
1630549,BKN,C,late_first,1863.69,0,14.763646062645739,1210.6189771369507,0.43351358994082934,524.8197788291343,0.38225403953927045,462.7639943534991,0.07657125030979915,92.69860872814647,0.029707061733400406,35.96393268943345,0.05057875168092604,61.23159662482651,0.009151415589674295,11.07887738052664,0.06605563565959627,79.96820607635152,0.572548351663642,0.572548351663642,0.6283914362734052,0.6283914362734052
1629048,ORL,C,late_first,3175.61,0,14.70111701530867,1205.491595255311,0.3511748744603848,423.33835962683287,0.30977727364772184,373.4338997834332,0.07453859093184464,89.85564489051247,0.0315008013214881,37.9739512368613,0.0597242822252763,71.99712025522675,0.0089809626865403,10.82647503592589,0.05044597177160283,60.81219498515389,0.572610683175981,0.572610683175981,0.6079999899864048,0.6079999899864048
1630625,BOS,F,second_round,2021.4299999999998,0,14.54102559936953,1192.3640991483014,0.4527720370255137,539.8691220474681,0.17080032269415696,203.65617290345764,0.11592353063124715,138.22305617121754,0.033577709966937035,40.03685589618982,0.02530013213118565,30.16696925693417,0.049273035319738014,58.751398371321855,0.06136634871432651,73.17103110277846,0.41502469116691754,0.41502469116691754,0.747734821581736,0.747734821581736
1630241,CLE,G,second_round,1417.56,0,14.372176485052279,1178.5184717742868,0.38626726571034176,455.22310768138436,0.11941314790763756,140.7306005818659,0.09250061235276384,109.01368030816496,0.032322117721120536,38.092212781203564,0.007044030001067963,8.301519471990844,0.08578217114434523,101.09587324251407,0.03885902163956811,45.796074797307746,0.39302309891236825,0.39302309891236825,0.8812801730720679,0.8812801730720679
203552,GSW,G,undrafted,11315.710000000001,0,14.340889059784,1175.952902902288,0.3582436295523783,421.2776361183712,0.10769593147579049,126.64534324972172,0.07404540208911381,87.07390553326053,0.03203241563858867,37.668612157171,0.009044613715702698,10.636039754610438,0.06138642193468541,72.187541072878,0.037632426740335796,44.25396146855557,0.39281453644832,0.39281453644832,0.8512741528009993,0.8512741528009993
1630538,MIN,G,late_first,2935.1,0,14.224843178563521,1166.4371406422088,0.4552975560432234,531.0759794124433,0.10988291935148975,128.17151825377013,0.15037654314852605,175.40478500982647,0.03925674008520652,45.79051965592267,0.009836886855631978,11.474110176704292,0.08253048870041901,96.26662725552087,0.07270174756722685,84.80201855200774,0.40707804439635165,0.40707804439635165,0.818465547840628,0.818465547840628
201145,HOU,F,undrafted,24693.38,0,14.078276135801854,1154.418643135752,0.37863572867148326,437.1041441356505,0.1369966165923737,158.1514482407569,0.05865787510909145,67.71574459266375,0.01875174962433858,21.64736935775029,0.018951441623178182,21.877897524095772,0.04352954858012027,50.25132240817425,0.037183977509485475,42.92587686289054,0.4529504401880438,0.4529504401880438,0.799940575266843,0.799940575266843
1642852,NOP,C,lottery,0.0,1,14.026981707317074,1150.2125,0.4075062216764293,468.71875,0.2894573828749035,332.9375,0.048904006868296074,56.25,0.024723692361194125,28.4375,0.050371127074344955,57.9375,0.006466196463696925,7.4375,0.05887499049088755,67.71875,0.520951976200595,0.520951976200595,0.6492866407263295,0.6492866407263295
1641744,MEM,C,lottery,0.0,1,14.026981707317074,1150.2125,0.4075062216764293,468.71875,0.2894573828749035,332.9375,0.048904006868296074,56.25,0.024723692361194125,28.4375,0.050371127074344955,57.9375,0.006466196463696925,7.4375,0.05887499049088755,67.71875,0.520951976200595,0.520951976200595,0.6492866407263295,0.6492866407263295
1642259,WAS,C,lottery,0.0,1,14.026981707317074,1150.2125,0.4075062216764293,468.71875,0.2894573828749035,332.9375,0.048904006868296074,56.25,0.024723692361194125,28.4375,0.050371127074344955,57.9375,0.006466196463696925,7.4375,0.05887499049088755,67.71875,0.520951976200595,0.520951976200595,0.6492866407263295,0.6492866407263295
1642270,POR,C,lottery,0.0,1,14.026981707317074,1150.2125,0.4075062216764293,468.71875,0.2894573828749035,332.9375,0.048904006868296074,56.25,0.024723692361194125,28.4375,0.050371127074344955,57.9375,0.006466196463696925,7.4375,0.05887499049088755,67.71875,0.520951976200595,0.520951976200595,0.6492866407263295,0.6492866407263295
1642863,PHX,C,lottery,0.0,1,14.026981707317074,1150.2125,0.4075062216764293,468.71875,0.2894573828749035,332.9375,0.048904006868296074,56.25,0.024723692361194125,28.4375,0.050371127074344955,57.9375,0.006466196463696925,7.4375,0.05887499049088755,67.71875,0.520951976200595,0.520951976200595,0.6492866407263295,0.6492866407263295
203939,DAL,F,second_round,12013.64,0,14.017898804103677,1149.4677019365015,0.2397630977761582,275.59993700993726,0.24646665705876883,283.3054618933148,0.08376998927764083,96.29089706621518,0.030638674902519886,35.2181672305791,0.024911804386931757,28.635314539738104,0.0043263482218349,4.972997548329632,0.04363149943012733,50.15299938199223,0.6169562949911773,0.6169562949911773,0.6855896748429531,0.6855896748429531
1641733,LAL,G,late_first,728.79,0,13.951762491663118,1144.0445243163756,0.40011541611086365,457.7498508962017,0.1164812550014669,133.25974196992766,0.09004658761241319,103.01730549135608,0.029188188841047527,33.39258761831276,0.009550239681966406,10.92589941406263,0.0680738895034026,77.87956053528573,0.05816333738285297,66.54144764881889,0.4069407586000745,0.4069407586000745,0.8015990168131903,0.8015990168131903
1641715,WAS,F,late_first,880.3100000000001,0,13.91449323073844,1140.9884449205522,0.4841920103439833,552.4574889253374,0.1996339930906447,227.78007932977496,0.05233823534405345,59.71732175509743,0.0309996861032951,35.37028364002393,0.022625869700829224,25.815855884924176,0.06094531409102214,69.53789914990998,0.04935525225851632,56.31377252310611,0.43352573167830066,0.43352573167830066,0.7348250624538908,0.7348250624538908
1631165,CLE,G,undrafted,1049.5700000000002,0,13.866266733547969,1137.0338721509333,0.3296285678280461,374.79884684908984,0.12707474227062826,144.48828625655435,0.09629244941735782,109.48777661991625,0.0447470437309839,50.87890440074777,0.01870273934285902,21.265648134840593,0.060253508027973815,68.51027954372441,0.0442612445083477,50.32653422954582,0.4301081029098056,0.4301081029098056,0.7561722919524532,0.7561722919524532
1630543,LAC,F,late_first,2354.1,0,13.864080201691975,1136.8545765387419,0.47330678517358277,538.0809848314267,0.2932567831963612,333.3903160778129,0.061521161592345386,69.94061411023732,0.034811997251542756,39.576178393870485,0.06561480777539225,74.5944945081645,0.0076635495998963795,8.712341435173844,0.05051515050600211,57.42838003729184,0.5943382601508588,0.5943382601508588,0.6867115754792624,0.6867115754792624
204060,MIN,F,undrafted,17369.13,0,13.787646929505497,1130.5870482194507,0.246282174834713,278.4434370754449,0.12051330690439971,136.25078392421003,0.1598866426069639,180.76576731472557,0.03335136853473284,37.70662530576267,0.00654360284158979,7.398112621393411,0.05141392295332351,58.127915389180295,0.055569729097652856,62.82641599086986,0.40002381516515184,0.40002381516515184,0.8013181791501678,0.8013181791501678
201567,UTA,F,undrafted,23491.03,0,13.760437089132743,1128.355841308885,0.46984361954667225,530.150792617197,0.3341456461555441,377.0351916875399,0.10534034682464115,118.86139566508768,0.02091698323907244,23.601800220367426,0.012293192483586499,13.871095547189304,0.0837408011695954,94.48942215559887,0.05254996593142276,59.29506101930377,0.4234423908013635,0.4234423908013635,0.810617120172993,0.810617120172993
1629162,SAS,G,undrafted,3734.39,0,13.647085032076061,1119.060972630237,0.3060638768858233,342.5041397548306,0.11340057436455027,126.90215704522116,0.1589058647491086,177.82535156278635,0.04863947345738938,54.43053647544876,0.009426027310342049,10.54829928995055,0.05128253729859847,57.38828606831601,0.04340590179877765,48.57385068483268,0.4273126632322459,0.4273126632322459,0.7791590437236433,0.7791590437236433
1630699,PHI,F,late_first,1309.16,0,13.61298597744574,1116.2648501505507,0.3577994193337027,399.3989152064897,0.17847551633248718,199.22594549442596,0.056575174584759046,63.1528787800973,0.025818913111441293,28.820745175393103,0.016371923673495464,18.27540292607067,0.04783087220379989,53.39192139314483,0.046109344361283326,51.47024037398808,0.44269108647403405,0.44269108647403405,0.7234228955469886,0.7234228955469886
1630256,HOU,F,undrafted,5807.58,0,13.57542945153577,1113.185215025933,0.28182081492781536,313.71876446420384,0.18091826591307877,201.39553874256953,0.08109850574978018,90.27765756135092,0.03552724056433448,39.548398926886726,0.014869097309105923,16.5520592852786,0.024609638039867543,27.395085213120332,0.04166349633839808,46.37918813019184,0.45504232763432967,0.45504232763432967,0.6905168949733687,0.6905168949733687
1631119,OKC,F,second_round,1811.3400000000001,0,13.423802668234694,1100.7518187952448,0.33998104489102193,374.2347535197002,0.2411310723453825,265.42546645222757,0.10204576972560814,112.32706662582389,0.033315078891497915,36.671633683123396,0.02627191146990982,28.91885433373089,0.05381587418310743,59.23792138711157,0.04457953720750589,49.0710066622124,0.43856429533392477,0.43856429533392477,0.7597924135544425,0.7597924135544425
1631218,TOR,F,second_round,1130.16,0,13.355584137458072,1095.157899271562,0.3966320707180419,434.37474535130036,0.26948040447122285,295.1235936555552,0.06586557277986133,72.1332023199111,0.0285011654969166,31.213276532394307,0.046366845039341825,50.77901660913564,0.010257569133707367,11.233657864103776,0.04960621619365971,54.326639517459306,0.5630237301901984,0.5630237301901984,0.6242348874888001,0.6242348874888001
1629004,UTA,G,second_round,4627.18,0,13.332327943853008,1093.2508913959466,0.38372772693926177,419.51067952968833,0.11888763824047847,129.97401648236192,0.09015168731015966,98.55841251268069,0.0284103153353613,31.059602565223674,0.006743923431241876,7.372800302711192,0.08713676610276509,95.26234721520804,0.03937869213939665,43.05079028340194,0.4055878235700431,0.4055878235700431,0.7770011826802407,0.7770011826802407
1630192,DEN,F,late_first,2398.36,0,13.243951741468097,1086.004042800384,0.3513516556544205,381.56931848530905,0.2158082419161428,234.3686231905744,0.051329734798657475,55.744299507213576,0.02662078115069005,28.910275952153654,0.0428078667130685,46.48951631405238,0.02500033025383211,27.15045972700642,0.044050007345977235,47.83848606311789,0.4803801463182209,0.4803801463182209,0.671970996017415,0.671970996017415
1627780,GSW,G,undrafted,3103.0699999999997,0,13.236126625447856,1085.3623832867243,0.31507933511814795,341.9752580882295,0.16780343787103158,182.1275392514086,0.07969448479627382,86.49739595329136,0.055411137700194214,60.14116447491165,0.019483792081083803,21.14697500858812,0.03119194822741078,33.85456726745868,0.04256052839209065,46.193596529581804,0.5216419060202386,0.5216419060202386,0.6974288854689392,0.6974288854689392
1641767,IND,G,late_first,814.53,0,13.235638931163317,1085.322392355392,0.3486445831382655,378.3917730533707,0.11852122977069196,128.6337446396305,0.08627584643343475,93.63710805362182,0.03573773710364074,38.78696633069142,0.008131276752497993,8.825056737924903,0.05620119315975804,60.99641341337608,0.04360223258510338,47.322479381300624,0.405459017617029,0.405459017617029,0.7938891997827046,0.7938891997827046
1631121,NOP,G,second_round,1668.52,0,12.91910683812364,1059.3667607261384,0.3590158294169605,380.32943625885326,0.11897809504212517,126.04143914214276,0.07436144476044827,78.77604285879177,0.02676919055310193,28.35839068350034,0.010392324678761451,11.009283331353826,0.04269679787801142,45.23156846140762,0.04361723567586469,46.206649669769334,0.4182437209348553,0.4182437209348553,0.7723303223343757,0.7723303223343757
1631207,PHI,F,late_first,894.8,0,12.884551828417713,1056.5332499302524,0.33191590465775633,350.6801894515991,0.17497939658316713,184.87155054284807,0.08572442999257712,90.57071061847591,0.03839387787680173,40.56440857060255,0.02345652572487756,24.782599356177457,0.03065771012180309,32.390890110408215,0.047201520566506894,49.869975925781176,0.44335029873551085,0.44335029873551085,0.676406217237466,0.676406217237466
1629660,MEM,G,late_first,2746.7200000000003,0,12.770110014420766,1047.1490211825028,0.35868242921466714,375.59395466750107,0.1295137472489197,135.62019366138432,0.14906165478898334,156.08976590812804,0.030699457548741496,32.146906922998454,0.005890017293415814,6.167725843548384,0.05142432494893384,53.84893153524703,0.06307915350909962,66.0532738540745,0.4254292371484522,0.4254292371484522,0.7849944223731148,0.7849944223731148
1641729,UTA,F,late_first,584.32,0,12.757944063884839,1046.1514132385569,0.3902377278231297,408.2477504611704,0.18103475480226813,189.38976458168844,0.0738570337189286,77.2656402026649,0.028941169499649904,30.276845372835364,0.018702645281949537,19.565798793010938,0.0471551198813042,49.33139530525996,0.05791353719315524,60.58632878026308,0.4246529813396457,0.4246529813396457,0.7764888869506127,0.7764888869506127
1628436,SAS,C,undrafted,3907.1,0,12.596482636097784,1032.9115761600183,0.331059918437962,341.95562215716245,0.24985854735192914,258.0817859623337,0.06297022511505927,65.04267447474705,0.02322366002962769,23.987987285407154,0.05185385052137899,53.56044247200356,0.007679250894818527,7.931987145495236,0.03759525070511131,38.832569661947566,0.6248313563251896,0.6248313563251896,0.7497945726709249,0.7497945726709249
1631124,DEN,G,late_first,545.5,0,12.554474959501366,1029.466946679112,0.3902510764179263,401.7505840781994,0.12100234832223869,124.56791806829743,0.09215136004219551,94.86677925496653,0.03325520092741068,34.235130159941846,0.010751125145030151,11.067927976419215,0.061103728460270804,62.90426876870454,0.05275076912564301,54.30517322675048,0.3953569903726115,0.3953569903726115,0.7770086491620399,0.7770086491620399
1641730,BKN,F,late_first,369.84,0,12.111900940092182,993.1758770875589,0.3577515773479535,355.31023661201135,0.20683368735621194,205.42222885125972,0.050656275546655895,50.31059089603903,0.02773215117724174,27.542903568981842,0.029421462957145907,29.22068727766251,0.03370188538978867,33.47189958150775,0.045172122765818765,44.86386264784894,0.47181582529593613,0.47181582529593613,0.709606175479051,0.709606175479051
1631116,SAC,F,late_first,719.61,0,12.03763491798863,987.0860632750677,0.378800727305174,373.90891868139664,0.21957944210306266,216.74380708164776,0.055379402825841445,54.66423672188399,0.031991437948401584,31.578302542996326,0.025963807383170674,25.62851241748608,0.05998330482798079,59.20868422487992,0.041833359232813366,41.29312587868945,0.4357298413437406,0.4357298413437406,0.7011964200385638,0.7011964200385638
1630592,BKN,F,second_round,664.35,0,11.836774576207493,970.6155152490144,0.3354991443808132,325.64067488878646,0.1835651036094379,178.17113762161327,0.06524329379996109,63.32615322819206,0.02738788222531813,26.58310341770648,0.017534705790957512,17.019457496030103,0.03418818498594969,33.18358278556618,0.041667530972978165,40.44315204449147,0.4355411060850583,0.4355411060850583,0.76054413876583,0.76054413876583
1627824,CHI,F,late_first,485.88,0,11.651620026069603,955.4328421377074,0.35388987714345116,338.11801112293165,0.20317579532392624,194.12082757992798,0.05679225921173059,54.261189630085155,0.027953761317962317,26.707941624459842,0.024523886688445684,23.430926759004752,0.03484046941030085,33.28772871009559,0.048245170494865916,46.095020365328004,0.4467210309692594,0.4467210309692594,0.7158960811129629,0.7158960811129629
1631260,MIL,G,undrafted,959.4200000000001,0,11.629898531650689,953.6516795953564,0.3721363593281911,354.88846411183056,0.11421102878400173,108.91753942817685,0.07783327935208148,74.22583758252708,0.0267055981430432,25.46783852371178,0.007116917483851728,6.7870603120167585,0.0781852624438901,74.56150684921953,0.0381307687964363,36.36347170698369,0.3975549477454992,0.3975549477454992,0.8105424185185925,0.8105424185185925
1629111,ATL,C,undrafted,2330.3,0,11.390920124156086,934.0554501807991,0.3702523271198161,345.8362040883883,0.23953839281431885,223.74214133576368,0.07125008900327982,66.55153395938054,0.024716390677009478,23.08647942065859,0.0369566932686571,34.51960076824922,0.02168827984261725,20.25805599204301,0.049556094394583174,46.28814005893456,0.5063951185871078,0.5063951185871078,0.7508418624440655,0.7508418624440655
202066,TOR,G,undrafted,14901.9,0,11.366324489785956,932.0386081624484,0.2938702991751821,273.89846462351903,0.12877434668203697,120.02266284855435,0.09371224729204744,87.34343253385508,0.042970089048081306,40.04978198899017,0.01227748947349487,11.443094200605271,0.036865494619202896,34.3600642941021,0.042098294773414854,39.23723606662606,0.3596506701338648,0.3596506701338648,0.7532450363723961,0.7532450363723961
1641738,IND,F,late_first,393.79999999999995,0,11.240631145976561,921.731753970078,0.3208893347859736,295.773889382567,0.18218656005963324,167.9271375535407,0.05820128420505984,53.6459717736408,0.03078131880287828,28.372118969689136,0.02033183978350371,18.740502345087485,0.033582820247944775,30.954351810399988,0.041525155335887604,38.27505426162762,0.43287344975677766,0.43287344975677766,0.6946031203905396,0.6946031203905396
1631132,ATL,C,second_round,801.5600000000001,0,11.230564725073151,920.9063074559983,0.30387076964744003,279.83650841983626,0.2491081221948736,229.40524096777867,0.04920649437242077,45.31457103536037,0.02545592352973156,23.442520540647354,0.055693116645586745,51.28814240080349,0.009780866992815275,9.007262106071769,0.04207662245068491,38.7486270112804,0.5045210363095196,0.5045210363095196,0.6154078478552859,0.6154078478552859
1641765,MEM,F,late_first,336.4,0,11.201060194988699,918.4869359890733,0.3600866878600916,330.7349186230694,0.20836499216859758,191.38052322432245,0.05624115426089979,51.656765453582665,0.028612813666269537,26.28049555435819,0.0212636316564588,19.530367888141107,0.03516988324761827,32.30307830319835,0.04292320023238644,39.4243986642901,0.44135567499879563,0.44135567499879563,0.7050587909098787,0.7050587909098787
1630264,WAS,F,undrafted,1772.77,0,11.15853616461009,914.9999654980274,0.35311250636360036,323.0979311396163,0.18104372385665954,165.6550010824779,0.06363391863858987,58.22503335881402,0.024586085697528588,22.496267564970204,0.020350077583563993,18.620320286843235,0.027121326323297827,24.816012650078257,0.043496597779531784,39.79938546755316,0.46115788655386925,0.46115788655386925,0.7561272588739919,0.7561272588739919
1641998,NYK,C,undrafted,574.0,0,11.106044902873528,910.6956820356293,0.333722437181997,303.91958254005124,0.2589505475887935,235.82514554987597,0.044132790824004314,40.19154203960237,0.02405728952096349,21.908869688222442,0.04663503985534677,42.47032942782378,0.010234213759214142,9.320254279545944,0.05734303536514347,52.22205470185254,0.503877351053122,0.503877351053122,0.7229449027099191,0.7229449027099191
1630587,PHX,F,second_round,1581.8300000000002,0,11.105467640754664,910.6483465418825,0.32079662227455547,292.13291365054477,0.1468739400900298,133.75051069307713,0.05061470711101787,46.09219934135008,0.026369487597229894,24.01333027957408,0.020447458297481416,18.620444089585547,0.05485692585922776,49.955368830076395,0.03539679273278534,32.2340307749967,0.42428073300236135,0.42428073300236135,0.7762331874591106,0.7762331874591106
1630572,TOR,F,second_round,1517.55,0,11.055392764581438,906.5422066956779,0.39178372521219096,355.1684828013127,0.2769820729103068,251.0959395912527,0.08540078195411588,77.41941332622063,0.024236906015778933,21.971778263019985,0.02308831639363248,20.93053329237158,0.04290800144344632,38.89791431344316,0.04663538882791443,42.27694829816851,0.46034651559203754,0.46034651559203754,0.7403656322878636,0.7403656322878636
1631230,PHI,F,undrafted,827.11,0,11.009551210338845,902.7831992477853,0.3527794955997148,318.4834016665305,0.23486827114782283,212.0351292286278,0.07091420871643496,64.02015621714834,0.030831886580000325,27.83450920553755,0.03096553056198327,27.955160747152327,0.02042227026707675,18.436882487614472,0.04130408536091841,37.28863432413354,0.4912246339966194,0.4912246339966194,0.7080804065806254,0.7080804065806254
1630590,MEM,G,undrafted,558.39,0,10.923900812156493,895.7598665968325,0.4076970953143863,365.19869571073076,0.13071381690670011,117.08819119470847,0.1492342686907419,133.67806861409483,0.04624412337136512,41.42362978202148,0.01696712812138831,15.198472422546157,0.04517460257741969,40.46559597831438,0.07099501127752214,63.59448183099385,0.4294615495949247,0.4294615495949247,0.7346507228363072,0.7346507228363072
1630579,MIL,C,second_round,1952.38,0,10.871623412318606,891.4731198101257,0.22980423057372015,204.86429437511978,0.26477253741094653,236.03759996577972,0.046468060960710586,41.425027276171775,0.021437856551748482,19.111272862229164,0.03749876545800052,33.429141431871905,0.0038933483088140646,3.470815363365951,0.03940277654359825,35.12651613450277,0.6343705293350322,0.6343705293350322,0.6279273183095224,0.6279273183095224
1628418,CLE,C,second_round,4947.71,0,10.698105109659789,877.2446189921027,0.4581176767085493,401.8812667577386,0.31370697480615184,275.19775558898783,0.04916483818347992,43.129589740075225,0.020321159104453822,17.82662747606449,0.0355857780386684,31.217432297069195,0.022941780955378892,20.125553893201634,0.046204008154546096,40.532217529442796,0.5580121116502438,0.5580121116502438,0.7867189569891017,0.7867189569891017
1631102,LAC,G,late_first,488.64000000000004,0,10.696856332823366,877.142219291516,0.34631352872175064,303.7662171536725,0.11638255498047603,102.08405256239162,0.1107448449866416,97.13897910667772,0.032053750979734216,28.115698270981675,0.00859973200511224,7.543188016276428,0.04921419972761253,43.16785236973398,0.04704446994547484,41.26469077336683,0.39170416697214916,0.39170416697214916,0.708824422098735,0.708824422098735
1641748,MIL,G,second_round,572.28,0,10.429958683337906,855.2566120337083,0.30925029952266,264.4883634401597,0.1575915359256729,134.78120310097944,0.09529841808791059,81.50460218603827,0.032360475480210406,27.676510623004642,0.012569389492437862,10.750053472634498,0.03549660550475193,30.358706562691214,0.05411722905048339,46.2841179703686,0.43299938317676,0.43299938317676,0.7238775612883162,0.7238775612883162
1641712,MEM,G,second_round,633.3599999999999,0,10.410655014208771,853.6737111651192,0.32511175888524474,277.5393617509863,0.13011071549358305,111.07209735775602,0.09963935939667998,85.0595017142789,0.031156728091359817,26.59767969751366,0.010579567490038404,9.03149864174293,0.04290420215356491,36.62618947701226,0.05334547168533859,45.539626787476784,0.3954750150153046,0.3954750150153046,0.7516738234835291,0.7516738234835291
1631111,DET,G,late_first,227.79,0,10.109354665927995,828.9670826060956,0.3528017301935972,292.4610210169691,0.138247591108042,114.60270227815397,0.10225257788057825,84.76402117461552,0.03822917198295668,31.690725169158284,0.013773773850545802,11.41800512536308,0.04078922257964112,33.81292284361578,0.060930345818267874,50.509251015150035,0.4265593710095562,0.4265593710095562,0.743115541600422,0.743115541600422
1641854,CLE,G,undrafted,649.23,0,10.103735289984632,828.5062937787399,0.37417163527125064,310.0035547757143,0.1435558802340623,118.93695028286761,0.1410103733807341,116.8279818340283,0.03480746467554401,28.83820355416938,0.014655924998194379,12.142526102153209,0.0309656471631906,25.655233565635193,0.06356497603501177,52.66398270890202,0.4441758069083611,0.4441758069083611,0.7366745960374346,0.7366745960374346
201599,NOP,C,undrafted,25267.63,0,9.913863781025286,812.9368300440735,0.3123391593728791,253.912006119219,0.38617086096864106,313.93251557123773,0.06168560163180579,50.146497449921725,0.022382092903293852,18.19522765455566,0.03917746076388635,31.848800762569834,0.0007799209061942875,0.6340264291666853,0.06376872310883872,51.8399436200576,0.607578589207908,0.607578589207908,0.5465638644891453,0.5465638644891453
1630322,SAS,F,undrafted,1276.26,0,9.913237175053816,812.8854483544129,0.3693287826862627,300.2219931041122,0.16128228058744323,131.10401896694603,0.06596646622030469,53.62318046984861,0.02580787855946834,20.97884893388966,0.01808879817950277,14.704120818337596,0.07460017200689685,60.64139426914267,0.036717153183342205,29.846839527738787,0.41848155631224365,0.41848155631224365,0.7911463804923948,0.7911463804923948
201959,MEM,F,late_first,20456.48,0,9.737597282256731,798.4829771450519,0.23298822649060402,186.03713272796315,0.20955534662771413,167.3263770519605,0.05827164643461308,46.5289177282537,0.020673776575633466,16.507658668943446,0.02805791475283161,22.403767304323058,0.013592862077662261,10.853668979693838,0.03585956379889109,28.633251261261485,0.44418647829466007,0.44418647829466007,0.6206311702873561,0.6206311702873561
1630314,DAL,G,undrafted,752.4799999999999,0,9.650337775520848,791.3276975927096,0.4047394808511431,320.2815615068036,0.11778670927417152,93.207885456952,0.13164257056552484,104.17241227080257,0.03135608567854214,24.812939085520483,0.010169810466228689,8.04765270119499,0.03838831642006506,30.37773804715049,0.06464581176984378,51.15602138684217,0.38868932208292256,0.38868932208292256,0.7214404105649593,0.7214404105649593
1630551,WAS,G,undrafted,550.0,0,9.601966025885885,787.3612141226425,0.3542315594480381,278.9081907275643,0.1760019920028255,138.5771421113483,0.0923102610839222,72.6815192430151,0.03974768526064053,31.29578572538259,0.017884313537890814,14.081414820943724,0.047481143474257165,37.38481077382251,0.04718483524132106,37.1515091637834,0.42668980741796264,0.42668980741796264,0.7418359000431864,0.7418359000431864
1641787,CHA,F,undrafted,366.52,0,9.493155302478637,778.4387348032483,0.32336482473119615,251.71970504362648,0.17433122011861368,135.70617442584023,0.054312824053619216,42.279206039890774,0.02664306175782053,20.739991286042624,0.017810340753560805,13.864259122616605,0.034408493590305796,26.784904216923323,0.04158911092563484,32.37457489054314,0.45283679131353133,0.45283679131353133,0.6963025135186557,0.6963025135186557
1628396,ATL,C,late_first,1993.9399999999998,0,8.927084144704281,732.0208998657511,0.39032533669004654,285.72630420425014,0.34351423299005956,251.45959795007667,0.05356868870910368,39.21339971346637,0.026456708415330366,19.366863501675923,0.04583745295484149,33.5539735595571,0.025788432819752478,18.877671798842677,0.05175191450430382,37.883483025215895,0.49062533279765497,0.49062533279765497,0.6264277757621666,0.6264277757621666
1630545,MIN,G,late_first,0.0,1,8.890565410199557,729.0263636363636,0.3762376979286702,274.28720078385504,0.12378539869135802,90.24281907923822,0.1004266008142495,73.213639603973,0.033583733986863644,24.48342746577416,0.010087604855533764,7.354129885630305,0.04864023331331627,35.46001241883127,0.05771658075140172,42.076908986718934,0.4086395969176052,0.4086395969176052,0.7713600295257428,0.7713600295257428
1642857,MIA,G,late_first,0.0,1,8.890565410199557,729.0263636363636,0.3762376979286702,274.28720078385504,0.12378539869135802,90.24281907923822,0.1004266008142495,73.213639603973,0.033583733986863644,24.48342746577416,0.010087604855533764,7.354129885630305,0.04864023331331627,35.46001241883127,0.05771658075140172,42.076908986718934,0.4086395969176052,0.4086395969176052,0.7713600295257428,0.7713600295257428
1642363,SAC,G,late_first,0.0,1,8.890565410199557,729.0263636363636,0.3762376979286702,274.28720078385504,0.12378539869135802,90.24281907923822,0.1004266008142495,73.213639603973,0.033583733986863644,24.48342746577416,0.010087604855533764,7.354129885630305,0.04864023331331627,35.46001241883127,0.05771658075140172,42.076908986718934,0.4086395969176052,0.4086395969176052,0.7713600295257428,0.7713600295257428
1642864,BOS,G,late_first,0.0,1,8.890565410199557,729.0263636363636,0.3762376979286702,274.28720078385504,0.12378539869135802,90.24281907923822,0.1004266008142495,73.213639603973,0.033583733986863644,24.48342746577416,0.010087604855533764,7.354129885630305,0.04864023331331627,35.46001241883127,0.05771658075140172,42.076908986718934,0.4086395969176052,0.4086395969176052,0.7713600295257428,0.7713600295257428
1642358,DAL,G,late_first,0.0,1,8.890565410199557,729.0263636363636,0.3762376979286702,274.28720078385504,0.12378539869135802,90.24281907923822,0.1004266008142495,73.213639603973,0.033583733986863644,24.48342746577416,0.010087604855533764,7.354129885630305,0.04864023331331627,35.46001241883127,0.05771658075140172,42.076908986718934,0.4086395969176052,0.4086395969176052,0.7713600295257428,0.7713600295257428
1642281,CLE,G,late_first,0.0,1,8.890565410199557,729.0263636363636,0.3762376979286702,274.28720078385504,0.12378539869135802,90.24281907923822,0.1004266008142495,73.213639603973,0.033583733986863644,24.48342746577416,0.010087604855533764,7.354129885630305,0.04864023331331627,35.46001241883127,0.05771658075140172,42.076908986718934,0.4086395969176052,0.4086395969176052,0.7713600295257428,0.7713600295257428
1642272,OKC,G,late_first,0.0,1,8.890565410199557,729.0263636363636,0.3762376979286702,274.28720078385504,0.12378539869135802,90.24281907923822,0.1004266008142495,73.213639603973,0.033583733986863644,24.48342746577416,0.010087604855533764,7.354129885630305,0.04864023331331627,35.46001241883127,0.05771658075140172,42.076908986718934,0.4086395969176052,0.4086395969176052,0.7713600295257428,0.7713600295257428
1642268,UTA,G,late_first,0.0,1,8.890565410199557,729.0263636363636,0.3762376979286702,274.28720078385504,0.12378539869135802,90.24281907923822,0.1004266008142495,73.213639603973,0.033583733986863644,24.48342746577416,0.010087604855533764,7.354129885630305,0.04864023331331627,35.46001241883127,0.05771658075140172,42.076908986718934,0.4086395969176052,0.4086395969176052,0.7713600295257428,0.7713600295257428
1642879,BKN,G,late_first,0.0,1,8.890565410199557,729.0263636363636,0.3762376979286702,274.28720078385504,0.12378539869135802,90.24281907923822,0.1004266008142495,73.213639603973,0.033583733986863644,24.48342746577416,0.010087604855533764,7.354129885630305,0.04864023331331627,35.46001241883127,0.05771658075140172,42.076908986718934,0.4086395969176052,0.4086395969176052,0.7713600295257428,0.7713600295257428
1631248,BOS,G,late_first,0.0,1,8.890565410199557,729.0263636363636,0.3762376979286702,274.28720078385504,0.12378539869135802,90.24281907923822,0.1004266008142495,73.213639603973,0.033583733986863644,24.48342746577416,0.010087604855533764,7.354129885630305,0.04864023331331627,35.46001241883127,0.05771658075140172,42.076908986718934,0.4086395969176052,0.4086395969176052,0.7713600295257428,0.7713600295257428
1642962,BKN,G,late_first,0.0,1,8.890565410199557,729.0263636363636,0.3762376979286702,274.28720078385504,0.12378539869135802,90.24281907923822,0.1004266008142495,73.213639603973,0.033583733986863644,24.48342746577416,0.010087604855533764,7.354129885630305,0.04864023331331627,35.46001241883127,0.05771658075140172,42.076908986718934,0.4086395969176052,0.4086395969176052,0.7713600295257428,0.7713600295257428
1642266,TOR,G,late_first,0.0,1,8.890565410199557,729.0263636363636,0.3762376979286702,274.28720078385504,0.12378539869135802,90.24281907923822,0.1004266008142495,73.213639603973,0.033583733986863644,24.48342746577416,0.010087604855533764,7.354129885630305,0.04864023331331627,35.46001241883127,0.05771658075140172,42.076908986718934,0.4086395969176052,0.4086395969176052,0.7713600295257428,0.7713600295257428
1642383,MEM,G,late_first,0.0,1,8.890565410199557,729.0263636363636,0.3762376979286702,274.28720078385504,0.12378539869135802,90.24281907923822,0.1004266008142495,73.213639603973,0.033583733986863644,24.48342746577416,0.010087604855533764,7.354129885630305,0.04864023331331627,35.46001241883127,0.05771658075140172,42.076908986718934,0.4086395969176052,0.4086395969176052,0.7713600295257428,0.7713600295257428
1642849,BKN,G,late_first,0.0,1,8.890565410199557,729.0263636363636,0.3762376979286702,274.28720078385504,0.12378539869135802,90.24281907923822,0.1004266008142495,73.213639603973,0.033583733986863644,24.48342746577416,0.010087604855533764,7.354129885630305,0.04864023331331627,35.46001241883127,0.05771658075140172,42.076908986718934,0.4086395969176052,0.4086395969176052,0.7713600295257428,0.7713600295257428
1642859,ORL,G,late_first,0.0,1,8.890565410199557,729.0263636363636,0.3762376979286702,274.28720078385504,0.12378539869135802,90.24281907923822,0.1004266008142495,73.213639603973,0.033583733986863644,24.48342746577416,0.010087604855533764,7.354129885630305,0.04864023331331627,35.46001241883127,0.05771658075140172,42.076908986718934,0.4086395969176052,0.4086395969176052,0.7713600295257428,0.7713600295257428
1642854,ATL,F,late_first,0.0,1,8.776390243902439,719.664,0.35856540390174024,258.046612833542,0.2002296780883202,144.09809105175287,0.048695099550399586,35.04411012283877,0.029782892884717777,21.433675824987535,0.025211629961841113,18.14390246485842,0.03329496074009863,23.961184626062337,0.0445140663892319,32.035171073940184,0.4541643885547658,0.4541643885547658,0.7057237660721692,0.7057237660721692
1642866,MIN,F,late_first,0.0,1,8.776390243902439,719.664,0.35856540390174024,258.046612833542,0.2002296780883202,144.09809105175287,0.048695099550399586,35.04411012283877,0.029782892884717777,21.433675824987535,0.025211629961841113,18.14390246485842,0.03329496074009863,23.961184626062337,0.0445140663892319,32.035171073940184,0.4541643885547658,0.4541643885547658,0.7057237660721692,0.7057237660721692
1641783,ORL,F,late_first,0.0,1,8.776390243902439,719.664,0.35856540390174024,258.046612833542,0.2002296780883202,144.09809105175287,0.048695099550399586,35.04411012283877,0.029782892884717777,21.433675824987535,0.025211629961841113,18.14390246485842,0.03329496074009863,23.961184626062337,0.0445140663892319,32.035171073940184,0.4541643885547658,0.4541643885547658,0.7057237660721692,0.7057237660721692
1641794,NYK,F,late_first,0.0,1,8.776390243902439,719.664,0.35856540390174024,258.046612833542,0.2002296780883202,144.09809105175287,0.048695099550399586,35.04411012283877,0.029782892884717777,21.433675824987535,0.025211629961841113,18.14390246485842,0.03329496074009863,23.961184626062337,0.0445140663892319,32.035171073940184,0.4541643885547658,0.4541643885547658,0.7057237660721692,0.7057237660721692
1642346,PHX,F,late_first,0.0,1,8.776390243902439,719.664,0.35856540390174024,258.046612833542,0.2002296780883202,144.09809105175287,0.048695099550399586,35.04411012283877,0.029782892884717777,21.433675824987535,0.025211629961841113,18.14390246485842,0.03329496074009863,23.961184626062337,0.0445140663892319,32.035171073940184,0.4541643885547658,0.4541643885547658,0.7057237660721692,0.7057237660721692
1642359,NYK,F,late_first,0.0,1,8.776390243902439,719.664,0.35856540390174024,258.046612833542,0.2002296780883202,144.09809105175287,0.048695099550399586,35.04411012283877,0.029782892884717777,21.433675824987535,0.025211629961841113,18.14390246485842,0.03329496074009863,23.961184626062337,0.0445140663892319,32.035171073940184,0.4541643885547658,0.4541643885547658,0.7057237660721692,0.7057237660721692
1642874,BKN,F,late_first,0.0,1,8.776390243902439,719.664,0.35856540390174024,258.046612833542,0.2002296780883202,144.09809105175287,0.048695099550399586,35.04411012283877,0.029782892884717777,21.433675824987535,0.025211629961841113,18.14390246485842,0.03329496074009863,23.961184626062337,0.0445140663892319,32.035171073940184,0.4541643885547658,0.4541643885547658,0.7057237660721692,0.7057237660721692
1642862,CHA,F,late_first,0.0,1,8.776390243902439,719.664,0.35856540390174024,258.046612833542,0.2002296780883202,144.09809105175287,0.048695099550399586,35.04411012283877,0.029782892884717777,21.433675824987535,0.025211629961841113,18.14390246485842,0.03329496074009863,23.961184626062337,0.0445140663892319,32.035171073940184,0.4541643885547658,0.4541643885547658,0.7057237660721692,0.7057237660721692
1641747,DEN,F,late_first,0.0,1,8.776390243902439,719.664,0.35856540390174024,258.046612833542,0.2002296780883202,144.09809105175287,0.048695099550399586,35.04411012283877,0.029782892884717777,21.433675824987535,0.025211629961841113,18.14390246485842,0.03329496074009863,23.961184626062337,0.0445140663892319,32.035171073940184,0.4541643885547658,0.4541643885547658,0.7057237660721692,0.7057237660721692
1642273,WAS,F,late_first,0.0,1,8.776390243902439,719.664,0.35856540390174024,258.046612833542,0.2002296780883202,144.09809105175287,0.048695099550399586,35.04411012283877,0.029782892884717777,21.433675824987535,0.025211629961841113,18.14390246485842,0.03329496074009863,23.961184626062337,0.0445140663892319,32.035171073940184,0.4541643885547658,0.4541643885547658,0.7057237660721692,0.7057237660721692
1642860,WAS,F,late_first,0.0,1,8.776390243902439,719.664,0.35856540390174024,258.046612833542,0.2002296780883202,144.09809105175287,0.048695099550399586,35.04411012283877,0.029782892884717777,21.433675824987535,0.025211629961841113,18.14390246485842,0.03329496074009863,23.961184626062337,0.0445140663892319,32.035171073940184,0.4541643885547658,0.4541643885547658,0.7057237660721692,0.7057237660721692
1642261,LAL,F,late_first,0.0,1,8.776390243902439,719.664,0.35856540390174024,258.046612833542,0.2002296780883202,144.09809105175287,0.048695099550399586,35.04411012283877,0.029782892884717777,21.433675824987535,0.025211629961841113,18.14390246485842,0.03329496074009863,23.961184626062337,0.0445140663892319,32.035171073940184,0.4541643885547658,0.4541643885547658,0.7057237660721692,0.7057237660721692
203648,MIL,F,second_round,1365.3999999999999,0,8.49871461223769,696.8945982034905,0.2752705189337021,191.83453768956863,0.18660189408068742,130.04185199937095,0.06595157633645968,45.9612972918839,0.029532515305949452,20.58105038807808,0.0208227680262554,14.511274557141746,0.008700322546646244,6.063207785385804,0.058200863396312336,40.55986731166932,0.49264276140957175,0.49264276140957175,0.5915199579759247,0.5915199579759247
1631288,ORL,F,undrafted,499.34000000000003,0,8.291431502238156,679.8973831835289,0.35580080595075375,241.90803690050802,0.17222525897342086,117.09550289413441,0.05468151737710984,37.17782057320164,0.03112808938257344,21.16390651471467,0.017916093842987778,12.181105320717924,0.04085612254021492,27.777970802117714,0.0391769030287245,26.636273850464654,0.4356309054291446,0.4356309054291446,0.7420825220552695,0.7420825220552695
1629646,GSW,C,second_round,880.9499999999999,0,8.228215433490238,674.7136655461995,0.3447621855438629,232.6157579500187,0.3334305264802554,224.97013272649227,0.07513180713696549,50.6924569924921,0.03028725673751957,20.435226012710658,0.06570599964331691,44.332735867719634,0.008568505731285328,5.781287910209143,0.059411942043737,40.086049193548156,0.5915290540524023,0.5915290540524023,0.6823523794326379,0.6823523794326379
1630639,TOR,G,undrafted,419.1,0,8.224511262693502,674.4099235408672,0.3668601828357912,247.4141478564745,0.1433481757749114,96.6754322640808,0.09322846032254628,62.87419879796121,0.032686570832265054,22.044147735801015,0.00980625574249827,6.613436185520448,0.04340173800803629,29.270562811540504,0.050167174240361385,33.833240143703485,0.4259204475544245,0.4259204475544245,0.7004390688321711,0.7004390688321711
1641763,MIN,F,second_round,322.40000000000003,0,7.821919975073371,641.3974379560163,0.3295703944571674,211.38560663098087,0.16752171994833567,107.44800197684778,0.057383996405643,36.80594827425667,0.028719315376886476,18.42049530258581,0.021954511184109626,14.08156722506462,0.03290433510908586,21.104756236613866,0.04327422539107926,27.755977295369426,0.43373967705727123,0.43373967705727123,0.7048765634526348,0.7048765634526348
1630846,CLE,C,undrafted,534.53,0,7.656967616403284,627.8713445450693,0.34463163522220164,216.3843281797296,0.2730526128436622,171.44191115769445,0.041487368391497484,26.048729773606134,0.022235530820335546,13.961052632837406,0.046343671296629224,29.097863208169326,0.016013822660438642,10.054620365115909,0.048221458743898375,30.27687213745606,0.5096926569224552,0.5096926569224552,0.7108854581693682,0.7108854581693682
1630568,BOS,C,second_round,754.19,0,7.64152051553521,626.6046822738872,0.5207912853897961,326.3302579126825,0.24976366977004755,156.50308493982072,0.05016979787409129,31.43663025664011,0.02214238824549214,13.874524151351656,0.029424909293328375,18.437785938683977,0.037002764434306376,23.18610545161404,0.052043605330397535,32.61076678244133,0.485521882075454,0.485521882075454,0.6846371322663558,0.6846371322663558
1630696,MIA,G,undrafted,289.26,0,6.964529367076336,571.0914081002595,0.32281261759619,184.35551233553878,0.1209967203230988,69.10018738483178,0.11720418573996838,66.9343034694829,0.040972421111853716,23.39899766604534,0.014587546483070726,8.33082246174485,0.045986157089872304,26.262299205574905,0.05145496609210623,29.385489039292054,0.405606413735035,0.405606413735035,0.7666737616913318,0.7666737616913318
1631217,CHA,F,second_round,259.82,0,6.959796994939647,570.7033535850511,0.35362217401407436,201.81336061186875,0.23832894695351747,136.01512928276617,0.06335005905491713,36.15409115245224,0.034011889909070024,19.41069963287182,0.028426401470189003,16.223042649391893,0.019740841133167465,11.266164237288393,0.0451826232714662,25.785874624795735,0.5049963452867324,0.5049963452867324,0.6560451889112437,0.6560451889112437
1629674,BOS,C,second_round,481.45,0,6.873178659662638,563.6006500923363,0.3767086445969293,212.31323699023224,0.30452807206840427,171.6322193891185,0.04986806226008324,28.105672308628016,0.030965733591614038,17.452307582819767,0.055959570042755376,31.538850054984557,0.010871720534904898,6.127308761094603,0.042852352685652365,24.151613831619745,0.5863136844209508,0.5863136844209508,0.6459023163201345,0.6459023163201345
1642949,LAC,C,late_first,0.0,1,6.814372822299652,558.7785714285715,0.3703752555562883,206.95775619223485,0.31563674734551206,176.37105077208616,0.04689045703356855,26.201382594850244,0.02644595396689309,14.777432377686283,0.060937809140671366,34.05074193761129,0.005605750840862626,3.1323734466417315,0.05467255820088372,30.549853967835237,0.5384795870483341,0.5384795870483341,0.6431989063568011,0.6431989063568011
1642850,OKC,C,late_first,0.0,1,6.814372822299652,558.7785714285715,0.3703752555562883,206.95775619223485,0.31563674734551206,176.37105077208616,0.04689045703356855,26.201382594850244,0.02644595396689309,14.777432377686283,0.060937809140671366,34.05074193761129,0.005605750840862626,3.1323734466417315,0.05467255820088372,30.549853967835237,0.5384795870483341,0.5384795870483341,0.6431989063568011,0.6431989063568011
1642276,MIA,C,late_first,0.0,1,6.814372822299652,558.7785714285715,0.3703752555562883,206.95775619223485,0.31563674734551206,176.37105077208616,0.04689045703356855,26.201382594850244,0.02644595396689309,14.777432377686283,0.060937809140671366,34.05074193761129,0.005605750840862626,3.1323734466417315,0.05467255820088372,30.549853967835237,0.5384795870483341,0.5384795870483341,0.6431989063568011,0.6431989063568011
1642905,POR,C,late_first,0.0,1,6.814372822299652,558.7785714285715,0.3703752555562883,206.95775619223485,0.31563674734551206,176.37105077208616,0.04689045703356855,26.201382594850244,0.02644595396689309,14.777432377686283,0.060937809140671366,34.05074193761129,0.005605750840862626,3.1323734466417315,0.05467255820088372,30.549853967835237,0.5384795870483341,0.5384795870483341,0.6431989063568011,0.6431989063568011
1642274,NOP,C,late_first,0.0,1,6.814372822299652,558.7785714285715,0.3703752555562883,206.95775619223485,0.31563674734551206,176.37105077208616,0.04689045703356855,26.201382594850244,0.02644595396689309,14.777432377686283,0.060937809140671366,34.05074193761129,0.005605750840862626,3.1323734466417315,0.05467255820088372,30.549853967835237,0.5384795870483341,0.5384795870483341,0.6431989063568011,0.6431989063568011
1641774,WAS,F,second_round,153.4,0,6.786400284671049,556.484823343026,0.3697904670733625,205.7827827432552,0.2012191019575749,111.97537640610341,0.06510659791419333,36.2308336387453,0.03179404408505905,17.692903006034467,0.02904309483070232,16.162041496198135,0.035074796729303075,19.51859206169877,0.05113243821268955,28.45442584588674,0.4556558575789356,0.4556558575789356,0.7264531919770598,0.7264531919770598
1630695,IND,C,undrafted,269.44,0,6.62949805781397,543.6188407407456,0.3380594935560831,183.77550998836145,0.24567217379432044,133.55202232032744,0.041653380392718216,22.643562362022777,0.022646404177475182,12.311011985905436,0.03976909222740699,21.61922781397478,0.026484878096571275,14.39767872801804,0.04841480166882603,26.31919835790032,0.49376339485415816,0.49376339485415816,0.6972303620737702,0.6972303620737702
1631157,MIL,G,second_round,139.91,0,6.559153446772067,537.8505826353095,0.35836189233723625,192.74515258787457,0.13449303103690774,72.3371551035896,0.117613021461794,63.25823211872506,0.037587044521825014,20.2162137956029,0.01457573217237635,7.839566041248845,0.040376978008949765,21.71678114716671,0.06760069668522103,36.35907409869897,0.42650135928066396,0.42650135928066396,0.744498726936493,0.744498726936493
1631221,PHX,G,undrafted,225.36,0,6.4856980869801895,531.8272431323755,0.3434959917807314,182.68052633576752,0.11744359882039679,62.45970538419633,0.11645997943791733,61.936589799720714,0.03767131026517242,20.034629083511007,0.008576235323681264,4.561075588647903,0.0461959924531471,24.56828731012125,0.058645990367199266,31.189535377755437,0.41097945594386953,0.41097945594386953,0.7524070798222136,0.7524070798222136
1631321,POR,G,second_round,140.88,0,6.431883320316103,527.4144322659205,0.34031205726777963,179.48549047713342,0.1317027717485733,69.4619425896219,0.10276248453396644,54.19841743871734,0.03360407171518042,17.723272405485158,0.012826308864871343,6.764780408033462,0.03298615507638675,17.397374252248127,0.05229137630131276,27.579226544360477,0.4228344045669107,0.4228344045669107,0.72533871043108,0.72533871043108
1630611,GSW,F,second_round,192.04999999999998,0,6.417394870627083,526.2263793914208,0.3517714385704151,185.11141049222113,0.19727389463929967,103.81072732448328,0.06579897267391675,34.625155157870246,0.029700092156971766,15.628971963354786,0.022370474064935895,11.771933572460895,0.034016579232516345,17.90042132880847,0.04509139893646129,23.728283604028185,0.46219541452104174,0.46219541452104174,0.7347224724778796,0.7347224724778796
1631466,GSW,G,undrafted,255.90999999999997,0,6.372715709820771,522.5626882053033,0.3591597358076154,187.68347703873403,0.13638085948054274,71.26754854990213,0.10221552432114664,53.414019165572945,0.03797068867073697,19.842065144786964,0.010630672580707847,5.555192841205102,0.03377432044705985,17.649199685122937,0.05238877494442778,27.37641906674282,0.45775166091582176,0.45775166091582176,0.6908393628262963,0.6908393628262963
1629618,DEN,G,second_round,121.77,0,6.212126403447911,509.3943650827287,0.34034731214542946,173.37100297793432,0.12057473310274375,61.420089613891626,0.11837312936430881,60.2986050753878,0.03345130510730284,17.03990632632317,0.01024309084233492,5.2177727561159095,0.04242544139946543,21.611280785035206,0.05680008773983746,28.933644630877787,0.40891615779189655,0.40891615779189655,0.7595237687833492,0.7595237687833492
1631120,HOU,G,second_round,104.80000000000001,0,6.039211668059885,495.21535678091055,0.34579310320042833,171.24205497377835,0.13418132313691566,66.44865181058233,0.11785622849000879,58.36421424053222,0.03391842701715117,16.796925936745794,0.015545859558777334,7.698548387865846,0.03844793799777181,19.040009333056894,0.05866282884511945,29.050733716313317,0.4028155211944308,0.4028155211944308,0.7265007080215777,0.7265007080215777
1631169,BKN,F,second_round,187.67000000000002,0,5.974166259119308,489.8816332477832,0.36272850864039113,177.69403423828746,0.19410070317509587,95.08636948595914,0.06458172434038195,31.637400597824424,0.0359876589862403,17.629693160943663,0.032372555715669375,15.858720466396973,0.032375414340033645,15.860120853969384,0.046412717820887024,22.73673800956463,0.4540169706518645,0.4540169706518645,0.7513362693328243,0.7513362693328243
1641775,BOS,G,second_round,83.42999999999999,0,5.880558775910613,482.20581962467026,0.33101231728281494,159.6160657612212,0.13714080277911456,66.1300932080882,0.1025493605808871,49.449898470892514,0.033572535111569136,16.188871810352214,0.01194743906419328,5.761124646365124,0.036394554730471755,17.549666093682053,0.05285212220424358,25.48560090640051,0.4199411943684802,0.4199411943684802,0.7210574628113434,0.7210574628113434
1631123,PHX,G,undrafted,165.40999999999997,0,5.872112426932209,481.5132190084411,0.3214598864116205,154.78718468814722,0.1335335544959118,64.29817167096559,0.11666365376601595,56.17509146616059,0.037344614928861875,17.981925747026967,0.010792764869953505,5.196858954532532,0.03654682130389579,17.597777570565135,0.0680127762481843,32.74905082496407,0.40659399587005585,0.40659399587005585,0.7089753507810517,0.7089753507810517
1631243,ATL,F,second_round,72.78,0,5.598769855064965,459.0991281153272,0.34016867574343473,156.17114244595632,0.2010901032475278,92.32029107356114,0.06059612046893352,27.81962607445871,0.03346511327210756,15.363804325505246,0.027258981301139348,12.514574548665081,0.03043486809794752,13.972621408072692,0.04510190516272372,20.706245336546633,0.4491024672445722,0.4491024672445722,0.7170763388496618,0.7170763388496618
1631213,PHI,F,second_round,65.6,0,5.427568858491239,445.0606463962816,0.33917148134946706,150.95187872857818,0.18809525793075466,83.71379707873697,0.05940070099714585,26.436914382181982,0.030176509581348165,13.430376860258399,0.02395974021205042,10.66353746626214,0.029977532190425007,13.341819854035892,0.045773507538884504,20.371986853081005,0.44817818173868457,0.44817818173868457,0.7126293522141421,0.7126293522141421
1631245,IND,G,undrafted,145.07999999999998,0,5.320794729668855,436.30516783284617,0.35176419394435576,153.476535676478,0.13385606776298647,58.40209411077464,0.12011798985110948,52.408099721732434,0.037474408662022,16.350278160720173,0.010944710406995546,4.77523371100609,0.040264634999521876,17.567668331194685,0.05483781478547019,23.926021983561103,0.4415824296792926,0.4415824296792926,0.7309580650082637,0.7309580650082637
1641757,LAC,G,second_round,28.16,0,5.320694196545555,436.29692411673557,0.3430027982026629,149.65106581925517,0.1254394382431572,54.72884106842069,0.10648865211479511,46.460671371022215,0.032966113363522606,14.383013860588525,0.011115519425699404,4.849666935392473,0.03870433761669035,16.886583452137664,0.05432393338288018,23.70136504087307,0.4111344131882805,0.4111344131882805,0.758939507055763,0.758939507055763
1630643,IND,C,undrafted,164.56,0,5.284598168505219,433.3370498174279,0.363121821805934,157.3541389857132,0.24481306370910655,106.08657078447025,0.04832511406858578,20.941062362571643,0.02593616953593459,11.239103190266544,0.04796548721135536,20.785222721224297,0.032142559841525205,13.928562055306665,0.0505279033299396,21.89561256245622,0.5028182846296172,0.5028182846296172,0.6617022716412835,0.6617022716412835
1642876,LAL,G,second_round,0.0,1,5.015631929046563,411.28181818181815,0.34135743592072787,140.39410689536044,0.12245083344688193,50.36180141791259,0.10914293500476901,44.88850475046141,0.033216756748573065,13.661448109656309,0.011158044541339266,4.589100846315724,0.037788981241767716,15.541920912352847,0.0550029522641595,22.62171421257127,0.4110312454158721,0.4110312454158721,0.7560690943043884,0.7560690943043884
1630536,WAS,G,second_round,0.0,1,5.015631929046563,411.28181818181815,0.34135743592072787,140.39410689536044,0.12245083344688193,50.36180141791259,0.10914293500476901,44.88850475046141,0.033216756748573065,13.661448109656309,0.011158044541339266,4.589100846315724,0.037788981241767716,15.541920912352847,0.0550029522641595,22.62171421257127,0.4110312454158721,0.4110312454158721,0.7560690943043884,0.7560690943043884
1642349,OKC,G,second_round,0.0,1,5.015631929046563,411.28181818181815,0.34135743592072787,140.39410689536044,0.12245083344688193,50.36180141791259,0.10914293500476901,44.88850475046141,0.033216756748573065,13.661448109656309,0.011158044541339266,4.589100846315724,0.037788981241767716,15.541920912352847,0.0550029522641595,22.62171421257127,0.4110312454158721,0.4110312454158721,0.7560690943043884,0.7560690943043884
1642964,OKC,G,second_round,0.0,1,5.015631929046563,411.28181818181815,0.34135743592072787,140.39410689536044,0.12245083344688193,50.36180141791259,0.10914293500476901,44.88850475046141,0.033216756748573065,13.661448109656309,0.011158044541339266,4.589100846315724,0.037788981241767716,15.541920912352847,0.0550029522641595,22.62171421257127,0.4110312454158721,0.4110312454158721,0.7560690943043884,0.7560690943043884
1642277,IND,G,second_round,0.0,1,5.015631929046563,411.28181818181815,0.34135743592072787,140.39410689536044,0.12245083344688193,50.36180141791259,0.10914293500476901,44.88850475046141,0.033216756748573065,13.661448109656309,0.011158044541339266,4.589100846315724,0.037788981241767716,15.541920912352847,0.0550029522641595,22.62171421257127,0.4110312454158721,0.4110312454158721,0.7560690943043884,0.7560690943043884
1641755,NYK,G,second_round,0.0,1,5.015631929046563,411.28181818181815,0.34135743592072787,140.39410689536044,0.12245083344688193,50.36180141791259,0.10914293500476901,44.88850475046141,0.033216756748573065,13.661448109656309,0.011158044541339266,4.589100846315724,0.037788981241767716,15.541920912352847,0.0550029522641595,22.62171421257127,0.4110312454158721,0.4110312454158721,0.7560690943043884,0.7560690943043884
1641810,CHA,G,second_round,0.0,1,5.015631929046563,411.28181818181815,0.34135743592072787,140.39410689536044,0.12245083344688193,50.36180141791259,0.10914293500476901,44.88850475046141,0.033216756748573065,13.661448109656309,0.011158044541339266,4.589100846315724,0.037788981241767716,15.541920912352847,0.0550029522641595,22.62171421257127,0.4110312454158721,0.4110312454158721,0.7560690943043884,0.7560690943043884
1642886,PHX,G,second_round,0.0,1,5.015631929046563,411.28181818181815,0.34135743592072787,140.39410689536044,0.12245083344688193,50.36180141791259,0.10914293500476901,44.88850475046141,0.033216756748573065,13.661448109656309,0.011158044541339266,4.589100846315724,0.037788981241767716,15.541920912352847,0.0550029522641595,22.62171421257127,0.4110312454158721,0.4110312454158721,0.7560690943043884,0.7560690943043884
1642278,NYK,G,second_round,0.0,1,5.015631929046563,411.28181818181815,0.34135743592072787,140.39410689536044,0.12245083344688193,50.36180141791259,0.10914293500476901,44.88850475046141,0.033216756748573065,13.661448109656309,0.011158044541339266,4.589100846315724,0.037788981241767716,15.541920912352847,0.0550029522641595,22.62171421257127,0.4110312454158721,0.4110312454158721,0.7560690943043884,0.7560690943043884
1631211,MIA,G,second_round,0.0,1,5.015631929046563,411.28181818181815,0.34135743592072787,140.39410689536044,0.12245083344688193,50.36180141791259,0.10914293500476901,44.88850475046141,0.033216756748573065,13.661448109656309,0.011158044541339266,4.589100846315724,0.037788981241767716,15.541920912352847,0.0550029522641595,22.62171421257127,0.4110312454158721,0.4110312454158721,0.7560690943043884,0.7560690943043884
1642347,TOR,G,second_round,0.0,1,5.015631929046563,411.28181818181815,0.34135743592072787,140.39410689536044,0.12245083344688193,50.36180141791259,0.10914293500476901,44.88850475046141,0.033216756748573065,13.661448109656309,0.011158044541339266,4.589100846315724,0.037788981241767716,15.541920912352847,0.0550029522641595,22.62171421257127,0.4110312454158721,0.4110312454158721,0.7560690943043884,0.7560690943043884
1641740,MIN,G,second_round,0.0,1,5.015631929046563,411.28181818181815,0.34135743592072787,140.39410689536044,0.12245083344688193,50.36180141791259,0.10914293500476901,44.88850475046141,0.033216756748573065,13.661448109656309,0.011158044541339266,4.589100846315724,0.037788981241767716,15.541920912352847,0.0550029522641595,22.62171421257127,0.4110312454158721,0.4110312454158721,0.7560690943043884,0.7560690943043884
1642918,TOR,G,second_round,0.0,1,5.015631929046563,411.28181818181815,0.34135743592072787,140.39410689536044,0.12245083344688193,50.36180141791259,0.10914293500476901,44.88850475046141,0.033216756748573065,13.661448109656309,0.011158044541339266,4.589100846315724,0.037788981241767716,15.541920912352847,0.0550029522641595,22.62171421257127,0.4110312454158721,0.4110312454158721,0.7560690943043884,0.7560690943043884
1642354,DEN,G,second_round,0.0,1,5.015631929046563,411.28181818181815,0.34135743592072787,140.39410689536044,0.12245083344688193,50.36180141791259,0.10914293500476901,44.88850475046141,0.033216756748573065,13.661448109656309,0.011158044541339266,4.589100846315724,0.037788981241767716,15.541920912352847,0.0550029522641595,22.62171421257127,0.4110312454158721,0.4110312454158721,0.7560690943043884,0.7560690943043884
1642954,GSW,G,second_round,0.0,1,5.015631929046563,411.28181818181815,0.34135743592072787,140.39410689536044,0.12245083344688193,50.36180141791259,0.10914293500476901,44.88850475046141,0.033216756748573065,13.661448109656309,0.011158044541339266,4.589100846315724,0.037788981241767716,15.541920912352847,0.0550029522641595,22.62171421257127,0.4110312454158721,0.4110312454158721,0.7560690943043884,0.7560690943043884
1641803,HOU,G,second_round,0.0,1,5.015631929046563,411.28181818181815,0.34135743592072787,140.39410689536044,0.12245083344688193,50.36180141791259,0.10914293500476901,44.88850475046141,0.033216756748573065,13.661448109656309,0.011158044541339266,4.589100846315724,0.037788981241767716,15.541920912352847,0.0550029522641595,22.62171421257127,0.4110312454158721,0.4110312454158721,0.7560690943043884,0.7560690943043884
1641796,MIA,G,second_round,0.0,1,5.015631929046563,411.28181818181815,0.34135743592072787,140.39410689536044,0.12245083344688193,50.36180141791259,0.10914293500476901,44.88850475046141,0.033216756748573065,13.661448109656309,0.011158044541339266,4.589100846315724,0.037788981241767716,15.541920912352847,0.0550029522641595,22.62171421257127,0.4110312454158721,0.4110312454158721,0.7560690943043884,0.7560690943043884
1642355,LAL,G,second_round,0.0,1,5.015631929046563,411.28181818181815,0.34135743592072787,140.39410689536044,0.12245083344688193,50.36180141791259,0.10914293500476901,44.88850475046141,0.033216756748573065,13.661448109656309,0.011158044541339266,4.589100846315724,0.037788981241767716,15.541920912352847,0.0550029522641595,22.62171421257127,0.4110312454158721,0.4110312454158721,0.7560690943043884,0.7560690943043884
1642920,LAC,G,second_round,0.0,1,5.015631929046563,411.28181818181815,0.34135743592072787,140.39410689536044,0.12245083344688193,50.36180141791259,0.10914293500476901,44.88850475046141,0.033216756748573065,13.661448109656309,0.011158044541339266,4.589100846315724,0.037788981241767716,15.541920912352847,0.0550029522641595,22.62171421257127,0.4110312454158721,0.4110312454158721,0.7560690943043884,0.7560690943043884
1642353,LAC,G,second_round,0.0,1,5.015631929046563,411.28181818181815,0.34135743592072787,140.39410689536044,0.12245083344688193,50.36180141791259,0.10914293500476901,44.88850475046141,0.033216756748573065,13.661448109656309,0.011158044541339266,4.589100846315724,0.037788981241767716,15.541920912352847,0.0550029522641595,22.62171421257127,0.4110312454158721,0.4110312454158721,0.7560690943043884,0.7560690943043884
1643007,IND,G,second_round,0.0,1,5.015631929046563,411.28181818181815,0.34135743592072787,140.39410689536044,0.12245083344688193,50.36180141791259,0.10914293500476901,44.88850475046141,0.033216756748573065,13.661448109656309,0.011158044541339266,4.589100846315724,0.037788981241767716,15.541920912352847,0.0550029522641595,22.62171421257127,0.4110312454158721,0.4110312454158721,0.7560690943043884,0.7560690943043884
1642880,IND,G,second_round,0.0,1,5.015631929046563,411.28181818181815,0.34135743592072787,140.39410689536044,0.12245083344688193,50.36180141791259,0.10914293500476901,44.88850475046141,0.033216756748573065,13.661448109656309,0.011158044541339266,4.589100846315724,0.037788981241767716,15.541920912352847,0.0550029522641595,22.62171421257127,0.4110312454158721,0.4110312454158721,0.7560690943043884,0.7560690943043884
1642869,ORL,G,second_round,0.0,1,5.015631929046563,411.28181818181815,0.34135743592072787,140.39410689536044,0.12245083344688193,50.36180141791259,0.10914293500476901,44.88850475046141,0.033216756748573065,13.661448109656309,0.011158044541339266,4.589100846315724,0.037788981241767716,15.541920912352847,0.0550029522641595,22.62171421257127,0.4110312454158721,0.4110312454158721,0.7560690943043884,0.7560690943043884
1642883,CHA,G,second_round,0.0,1,5.015631929046563,411.28181818181815,0.34135743592072787,140.39410689536044,0.12245083344688193,50.36180141791259,0.10914293500476901,44.88850475046141,0.033216756748573065,13.661448109656309,0.011158044541339266,4.589100846315724,0.037788981241767716,15.541920912352847,0.0550029522641595,22.62171421257127,0.4110312454158721,0.4110312454158721,0.7560690943043884,0.7560690943043884
1642878,CLE,G,second_round,0.0,1,5.015631929046563,411.28181818181815,0.34135743592072787,140.39410689536044,0.12245083344688193,50.36180141791259,0.10914293500476901,44.88850475046141,0.033216756748573065,13.661448109656309,0.011158044541339266,4.589100846315724,0.037788981241767716,15.541920912352847,0.0550029522641595,22.62171421257127,0.4110312454158721,0.4110312454158721,0.7560690943043884,0.7560690943043884
1642404,DET,G,second_round,0.0,1,5.015631929046563,411.28181818181815,0.34135743592072787,140.39410689536044,0.12245083344688193,50.36180141791259,0.10914293500476901,44.88850475046141,0.033216756748573065,13.661448109656309,0.011158044541339266,4.589100846315724,0.037788981241767716,15.541920912352847,0.0550029522641595,22.62171421257127,0.4110312454158721,0.4110312454158721,0.7560690943043884,0.7560690943043884
1642914,MEM,G,second_round,0.0,1,5.015631929046563,411.28181818181815,0.34135743592072787,140.39410689536044,0.12245083344688193,50.36180141791259,0.10914293500476901,44.88850475046141,0.033216756748573065,13.661448109656309,0.011158044541339266,4.589100846315724,0.037788981241767716,15.541920912352847,0.0550029522641595,22.62171421257127,0.4110312454158721,0.4110312454158721,0.7560690943043884,0.7560690943043884
1642942,MEM,G,second_round,0.0,1,5.015631929046563,411.28181818181815,0.34135743592072787,140.39410689536044,0.12245083344688193,50.36180141791259,0.10914293500476901,44.88850475046141,0.033216756748573065,13.661448109656309,0.011158044541339266,4.589100846315724,0.037788981241767716,15.541920912352847,0.0550029522641595,22.62171421257127,0.4110312454158721,0.4110312454158721,0.7560690943043884,0.7560690943043884
1642285,MEM,G,second_round,0.0,1,5.015631929046563,411.28181818181815,0.34135743592072787,140.39410689536044,0.12245083344688193,50.36180141791259,0.10914293500476901,44.88850475046141,0.033216756748573065,13.661448109656309,0.011158044541339266,4.589100846315724,0.037788981241767716,15.541920912352847,0.0550029522641595,22.62171421257127,0.4110312454158721,0.4110312454158721,0.7560690943043884,0.7560690943043884
1642917,BOS,G,second_round,0.0,1,5.015631929046563,411.28181818181815,0.34135743592072787,140.39410689536044,0.12245083344688193,50.36180141791259,0.10914293500476901,44.88850475046141,0.033216756748573065,13.661448109656309,0.011158044541339266,4.589100846315724,0.037788981241767716,15.541920912352847,0.0550029522641595,22.62171421257127,0.4110312454158721,0.4110312454158721,0.7560690943043884,0.7560690943043884
1642877,NOP,G,second_round,0.0,1,5.015631929046563,411.28181818181815,0.34135743592072787,140.39410689536044,0.12245083344688193,50.36180141791259,0.10914293500476901,44.88850475046141,0.033216756748573065,13.661448109656309,0.011158044541339266,4.589100846315724,0.037788981241767716,15.541920912352847,0.0550029522641595,22.62171421257127,0.4110312454158721,0.4110312454158721,0.7560690943043884,0.7560690943043884
1642910,BOS,G,second_round,0.0,1,5.015631929046563,411.28181818181815,0.34135743592072787,140.39410689536044,0.12245083344688193,50.36180141791259,0.10914293500476901,44.88850475046141,0.033216756748573065,13.661448109656309,0.011158044541339266,4.589100846315724,0.037788981241767716,15.541920912352847,0.0550029522641595,22.62171421257127,0.4110312454158721,0.4110312454158721,0.7560690943043884,0.7560690943043884
1631159,CHI,F,second_round,52.36,0,4.797334408594593,393.38142150475664,0.3474099010614101,136.6646007243644,0.20237094312266568,79.60896927685248,0.06301050585568652,24.787162363243755,0.031904894161991805,12.550792618403149,0.025272811465364864,9.941854499666942,0.028281218217325432,11.125305824217698,0.04790557006795451,18.845161251327667,0.45757341487239944,0.45757341487239944,0.7008452588718953,0.7008452588718953
1630644,CHI,G,undrafted,65.44,0,4.640130019581383,380.4906616056734,0.3293172643790748,125.30214380176463,0.13145983892890462,50.019241088634175,0.12536305489690297,47.699471698630965,0.03426239103271449,13.036519832229827,0.010270757357821736,3.90792726226893,0.03854727708101917,14.666878959654193,0.05697239286808178,21.677463455634783,0.3970321859782948,0.3970321859782948,0.7418227619438642,0.7418227619438642
1630604,BKN,F,second_round,23.12,0,4.563034435581473,374.1688237176808,0.3446399624634513,128.95352936105525,0.1923911723920803,71.98677866761024,0.06076412199283668,22.73604005029736,0.031409527143310516,11.752465824741064,0.02627211989669148,9.83020819831493,0.02913898344546355,10.902899160118071,0.04698948419677445,17.58200002900765,0.45934715251123126,0.45934715251123126,0.7119991514425241,0.7119991514425241
1630658,ORL,C,undrafted,59.04,0,4.39984832283747,360.78756247267256,0.3494504070949855,126.07736058088294,0.2529272955193976,91.25302243324877,0.04492535413306172,16.208509010888946,0.025822735906279932,9.316521944002297,0.04521790523211793,16.314057808816134,0.014924291318420794,5.384498686405107,0.05473600954918567,19.748071464731627,0.492433140073299,0.492433140073299,0.6708843588786345,0.6708843588786345
1631199,BOS,G,undrafted,51.17,0,4.380651256948934,359.2134030698126,0.32742697218954825,117.61615693705252,0.13519039584693346,48.56220215453203,0.11730949072428064,42.139141375455466,0.0341173210378148,12.255398993618766,0.01044931435982004,3.7535337709372167,0.0379658897735299,13.637856466123074,0.05534980653045787,19.88239236306151,0.39551075271073804,0.39551075271073804,0.7726742107337312,0.7726742107337312
1642402,MIN,F,second_round,0.0,1,4.327787456445993,354.87857142857143,0.3388534500096766,120.25182826307687,0.1913130262863301,67.89289346416956,0.06027982589622838,21.392018500016533,0.03107911703431605,11.02931265439946,0.025424918697181626,9.022758825943392,0.028460729884904806,10.100103163369468,0.046296120612778484,16.42950114574767,0.4550842378637544,0.4550842378637544,0.7038974627256082,0.7038974627256082
1642885,NYK,F,second_round,0.0,1,4.327787456445993,354.87857142857143,0.3388534500096766,120.25182826307687,0.1913130262863301,67.89289346416956,0.06027982589622838,21.392018500016533,0.03107911703431605,11.02931265439946,0.025424918697181626,9.022758825943392,0.028460729884904806,10.100103163369468,0.046296120612778484,16.42950114574767,0.4550842378637544,0.4550842378637544,0.7038974627256082,0.7038974627256082
1641890,DAL,F,second_round,0.0,1,4.327787456445993,354.87857142857143,0.3388534500096766,120.25182826307687,0.1913130262863301,67.89289346416956,0.06027982589622838,21.392018500016533,0.03107911703431605,11.02931265439946,0.025424918697181626,9.022758825943392,0.028460729884904806,10.100103163369468,0.046296120612778484,16.42950114574767,0.4550842378637544,0.4550842378637544,0.7038974627256082,0.7038974627256082
1641780,PHI,F,second_round,0.0,1,4.327787456445993,354.87857142857143,0.3388534500096766,120.25182826307687,0.1913130262863301,67.89289346416956,0.06027982589622838,21.392018500016533,0.03107911703431605,11.02931265439946,0.025424918697181626,9.022758825943392,0.028460729884904806,10.100103163369468,0.046296120612778484,16.42950114574767,0.4550842378637544,0.4550842378637544,0.7038974627256082,0.7038974627256082
1642345,PHX,F,second_round,0.0,1,4.327787456445993,354.87857142857143,0.3388534500096766,120.25182826307687,0.1913130262863301,67.89289346416956,0.06027982589622838,21.392018500016533,0.03107911703431605,11.02931265439946,0.025424918697181626,9.022758825943392,0.028460729884904806,10.100103163369468,0.046296120612778484,16.42950114574767,0.4550842378637544,0.4550842378637544,0.7038974627256082,0.7038974627256082
1641737,PHI,F,second_round,0.0,1,4.327787456445993,354.87857142857143,0.3388534500096766,120.25182826307687,0.1913130262863301,67.89289346416956,0.06027982589622838,21.392018500016533,0.03107911703431605,11.02931265439946,0.025424918697181626,9.022758825943392,0.028460729884904806,10.100103163369468,0.046296120612778484,16.42950114574767,0.4550842378637544,0.4550842378637544,0.7038974627256082,0.7038974627256082
1642377,MEM,F,second_round,0.0,1,4.327787456445993,354.87857142857143,0.3388534500096766,120.25182826307687,0.1913130262863301,67.89289346416956,0.06027982589622838,21.392018500016533,0.03107911703431605,11.02931265439946,0.025424918697181626,9.022758825943392,0.028460729884904806,10.100103163369468,0.046296120612778484,16.42950114574767,0.4550842378637544,0.4550842378637544,0.7038974627256082,0.7038974627256082
1642364,WAS,F,second_round,0.0,1,4.327787456445993,354.87857142857143,0.3388534500096766,120.25182826307687,0.1913130262863301,67.89289346416956,0.06027982589622838,21.392018500016533,0.03107911703431605,11.02931265439946,0.025424918697181626,9.022758825943392,0.028460729884904806,10.100103163369468,0.046296120612778484,16.42950114574767,0.4550842378637544,0.4550842378637544,0.7038974627256082,0.7038974627256082
1642873,BOS,F,second_round,0.0,1,4.327787456445993,354.87857142857143,0.3388534500096766,120.25182826307687,0.1913130262863301,67.89289346416956,0.06027982589622838,21.392018500016533,0.03107911703431605,11.02931265439946,0.025424918697181626,9.022758825943392,0.028460729884904806,10.100103163369468,0.046296120612778484,16.42950114574767,0.4550842378637544,0.4550842378637544,0.7038974627256082,0.7038974627256082
1631255,NOP,F,second_round,0.0,1,4.327787456445993,354.87857142857143,0.3388534500096766,120.25182826307687,0.1913130262863301,67.89289346416956,0.06027982589622838,21.392018500016533,0.03107911703431605,11.02931265439946,0.025424918697181626,9.022758825943392,0.028460729884904806,10.100103163369468,0.046296120612778484,16.42950114574767,0.4550842378637544,0.4550842378637544,0.7038974627256082,0.7038974627256082
1642367,TOR,F,second_round,0.0,1,4.327787456445993,354.87857142857143,0.3388534500096766,120.25182826307687,0.1913130262863301,67.89289346416956,0.06027982589622838,21.392018500016533,0.03107911703431605,11.02931265439946,0.025424918697181626,9.022758825943392,0.028460729884904806,10.100103163369468,0.046296120612778484,16.42950114574767,0.4550842378637544,0.4550842378637544,0.7038974627256082,0.7038974627256082
1631127,SAS,F,second_round,0.0,1,4.327787456445993,354.87857142857143,0.3388534500096766,120.25182826307687,0.1913130262863301,67.89289346416956,0.06027982589622838,21.392018500016533,0.03107911703431605,11.02931265439946,0.025424918697181626,9.022758825943392,0.028460729884904806,10.100103163369468,0.046296120612778484,16.42950114574767,0.4550842378637544,0.4550842378637544,0.7038974627256082,0.7038974627256082
1642853,PHX,F,second_round,0.0,1,4.327787456445993,354.87857142857143,0.3388534500096766,120.25182826307687,0.1913130262863301,67.89289346416956,0.06027982589622838,21.392018500016533,0.03107911703431605,11.02931265439946,0.025424918697181626,9.022758825943392,0.028460729884904806,10.100103163369468,0.046296120612778484,16.42950114574767,0.4550842378637544,0.4550842378637544,0.7038974627256082,0.7038974627256082
1641771,IND,F,second_round,0.0,1,4.327787456445993,354.87857142857143,0.3388534500096766,120.25182826307687,0.1913130262863301,67.89289346416956,0.06027982589622838,21.392018500016533,0.03107911703431605,11.02931265439946,0.025424918697181626,9.022758825943392,0.028460729884904806,10.100103163369468,0.046296120612778484,16.42950114574767,0.4550842378637544,0.4550842378637544,0.7038974627256082,0.7038974627256082
1631131,UTA,F,undrafted,41.92,0,4.184321771617636,343.1143852726462,0.3425611962517017,117.53767427016494,0.1929225293510312,66.19449506352312,0.05616086821552006,19.26960177414626,0.030326644009880954,10.405507816832682,0.02005862938464064,6.8824042907228105,0.0329839418339668,11.317264926230237,0.04476679298129901,15.360130654406221,0.4580560200631906,0.4580560200631906,0.7009298600550755,0.7009298600550755
1631250,MIL,F,undrafted,27.36,0,4.009736261717195,328.79837346080996,0.33997089999750174,111.78187894318626,0.18035887930869107,59.30170615591216,0.056662469395215326,18.630527773419722,0.029443053208857067,9.680828004792286,0.019653768728282187,6.462127190234114,0.037182572393333384,12.225569324016831,0.04405163601094654,14.484106268686865,0.44238735544462854,0.44238735544462854,0.708335884571346,0.708335884571346
1630311,GSW,G,undrafted,25.619999999999997,0,4.004841496635497,328.39700272411073,0.330348158159089,108.48534499487532,0.12491943610795424,41.02316839983823,0.1167920463693972,38.3541579697254,0.03590175373798691,11.79002832009404,0.009543315790509346,3.1339963016529464,0.039011847924146185,12.811373929018428,0.057301007362335794,18.81747907086328,0.4062478261716578,0.4062478261716578,0.7369316157309559,0.7369316157309559
1630621,NOP,C,undrafted,0.0,1,3.6753502854177476,301.3787234042553,0.3505000398379334,105.63325455949699,0.25724976613657624,77.52960611428458,0.042198699807892634,12.717790277422075,0.025525786946732257,7.692929083895171,0.04861703351993225,14.65213949793907,0.01571385150189009,4.735820505403675,0.05474027142911946,16.497553122110453,0.49794801641586867,0.49794801641586867,0.6545189504373178,0.6545189504373178
1642490,NOP,C,undrafted,0.0,1,3.6753502854177476,301.3787234042553,0.3505000398379334,105.63325455949699,0.25724976613657624,77.52960611428458,0.042198699807892634,12.717790277422075,0.025525786946732257,7.692929083895171,0.04861703351993225,14.65213949793907,0.01571385150189009,4.735820505403675,0.05474027142911946,16.497553122110453,0.49794801641586867,0.49794801641586867,0.6545189504373178,0.6545189504373178
1641790,CHA,C,undrafted,0.0,1,3.6753502854177476,301.3787234042553,0.3505000398379334,105.63325455949699,0.25724976613657624,77.52960611428458,0.042198699807892634,12.717790277422075,0.025525786946732257,7.692929083895171,0.04861703351993225,14.65213949793907,0.01571385150189009,4.735820505403675,0.05474027142911946,16.497553122110453,0.49794801641586867,0.49794801641586867,0.6545189504373178,0.6545189504373178
1642928,SAC,C,undrafted,0.0,1,3.6753502854177476,301.3787234042553,0.3505000398379334,105.63325455949699,0.25724976613657624,77.52960611428458,0.042198699807892634,12.717790277422075,0.025525786946732257,7.692929083895171,0.04861703351993225,14.65213949793907,0.01571385150189009,4.735820505403675,0.05474027142911946,16.497553122110453,0.49794801641586867,0.49794801641586867,0.6545189504373178,0.6545189504373178
1642884,MIA,C,undrafted,0.0,1,3.6753502854177476,301.3787234042553,0.3505000398379334,105.63325455949699,0.25724976613657624,77.52960611428458,0.042198699807892634,12.717790277422075,0.025525786946732257,7.692929083895171,0.04861703351993225,14.65213949793907,0.01571385150189009,4.735820505403675,0.05474027142911946,16.497553122110453,0.49794801641586867,0.49794801641586867,0.6545189504373178,0.6545189504373178
1642382,OKC,C,undrafted,0.0,1,3.6753502854177476,301.3787234042553,0.3505000398379334,105.63325455949699,0.25724976613657624,77.52960611428458,0.042198699807892634,12.717790277422075,0.025525786946732257,7.692929083895171,0.04861703351993225,14.65213949793907,0.01571385150189009,4.735820505403675,0.05474027142911946,16.497553122110453,0.49794801641586867,0.49794801641586867,0.6545189504373178,0.6545189504373178
1630619,DAL,C,undrafted,0.0,1,3.6753502854177476,301.3787234042553,0.3505000398379334,105.63325455949699,0.25724976613657624,77.52960611428458,0.042198699807892634,12.717790277422075,0.025525786946732257,7.692929083895171,0.04861703351993225,14.65213949793907,0.01571385150189009,4.735820505403675,0.05474027142911946,16.497553122110453,0.49794801641586867,0.49794801641586867,0.6545189504373178,0.6545189504373178
1642419,TOR,F,undrafted,0.0,1,3.6661011060691995,300.62029069767436,0.33890459689936286,101.88159843866461,0.18175256080132973,54.63850766314248,0.05609971628473813,16.86471301757503,0.029739121146254977,8.940183244080526,0.019886772848141932,5.978367434647045,0.03532279287167428,10.618748261336462,0.044649143108697095,13.422438380738585,0.44952042628774425,0.44952042628774425,0.7060942659861903,0.7060942659861903
1641772,CLE,F,undrafted,0.0,1,3.6661011060691995,300.62029069767436,0.33890459689936286,101.88159843866461,0.18175256080132973,54.63850766314248,0.05609971628473813,16.86471301757503,0.029739121146254977,8.940183244080526,0.019886772848141932,5.978367434647045,0.03532279287167428,10.618748261336462,0.044649143108697095,13.422438380738585,0.44952042628774425,0.44952042628774425,0.7060942659861903,0.7060942659861903
1642400,CLE,F,undrafted,0.0,1,3.6661011060691995,300.62029069767436,0.33890459689936286,101.88159843866461,0.18175256080132973,54.63850766314248,0.05609971628473813,16.86471301757503,0.029739121146254977,8.940183244080526,0.019886772848141932,5.978367434647045,0.03532279287167428,10.618748261336462,0.044649143108697095,13.422438380738585,0.44952042628774425,0.44952042628774425,0.7060942659861903,0.7060942659861903
1642502,GSW,F,undrafted,0.0,1,3.6661011060691995,300.62029069767436,0.33890459689936286,101.88159843866461,0.18175256080132973,54.63850766314248,0.05609971628473813,16.86471301757503,0.029739121146254977,8.940183244080526,0.019886772848141932,5.978367434647045,0.03532279287167428,10.618748261336462,0.044649143108697095,13.422438380738585,0.44952042628774425,0.44952042628774425,0.7060942659861903,0.7060942659861903
1642066,MIA,F,undrafted,0.0,1,3.6661011060691995,300.62029069767436,0.33890459689936286,101.88159843866461,0.18175256080132973,54.63850766314248,0.05609971628473813,16.86471301757503,0.029739121146254977,8.940183244080526,0.019886772848141932,5.978367434647045,0.03532279287167428,10.618748261336462,0.044649143108697095,13.422438380738585,0.44952042628774425,0.44952042628774425,0.7060942659861903,0.7060942659861903
1642352,MIA,F,undrafted,0.0,1,3.6661011060691995,300.62029069767436,0.33890459689936286,101.88159843866461,0.18175256080132973,54.63850766314248,0.05609971628473813,16.86471301757503,0.029739121146254977,8.940183244080526,0.019886772848141932,5.978367434647045,0.03532279287167428,10.618748261336462,0.044649143108697095,13.422438380738585,0.44952042628774425,0.44952042628774425,0.7060942659861903,0.7060942659861903
1641778,WAS,F,undrafted,0.0,1,3.6661011060691995,300.62029069767436,0.33890459689936286,101.88159843866461,0.18175256080132973,54.63850766314248,0.05609971628473813,16.86471301757503,0.029739121146254977,8.940183244080526,0.019886772848141932,5.978367434647045,0.03532279287167428,10.618748261336462,0.044649143108697095,13.422438380738585,0.44952042628774425,0.44952042628774425,0.7060942659861903,0.7060942659861903
1642403,DET,F,undrafted,0.0,1,3.6661011060691995,300.62029069767436,0.33890459689936286,101.88159843866461,0.18175256080132973,54.63850766314248,0.05609971628473813,16.86471301757503,0.029739121146254977,8.940183244080526,0.019886772848141932,5.978367434647045,0.03532279287167428,10.618748261336462,0.044649143108697095,13.422438380738585,0.44952042628774425,0.44952042628774425,0.7060942659861903,0.7060942659861903
1642449,DET,F,undrafted,0.0,1,3.6661011060691995,300.62029069767436,0.33890459689936286,101.88159843866461,0.18175256080132973,54.63850766314248,0.05609971628473813,16.86471301757503,0.029739121146254977,8.940183244080526,0.019886772848141932,5.978367434647045,0.03532279287167428,10.618748261336462,0.044649143108697095,13.422438380738585,0.44952042628774425,0.44952042628774425,0.7060942659861903,0.7060942659861903
1631338,CHI,F,undrafted,0.0,1,3.6661011060691995,300.62029069767436,0.33890459689936286,101.88159843866461,0.18175256080132973,54.63850766314248,0.05609971628473813,16.86471301757503,0.029739121146254977,8.940183244080526,0.019886772848141932,5.978367434647045,0.03532279287167428,10.618748261336462,0.044649143108697095,13.422438380738585,0.44952042628774425,0.44952042628774425,0.7060942659861903,0.7060942659861903
1642434,CLE,F,undrafted,0.0,1,3.6661011060691995,300.62029069767436,0.33890459689936286,101.88159843866461,0.18175256080132973,54.63850766314248,0.05609971628473813,16.86471301757503,0.029739121146254977,8.940183244080526,0.019886772848141932,5.978367434647045,0.03532279287167428,10.618748261336462,0.044649143108697095,13.422438380738585,0.44952042628774425,0.44952042628774425,0.7060942659861903,0.7060942659861903
1630828,MIL,F,undrafted,0.0,1,3.6661011060691995,300.62029069767436,0.33890459689936286,101.88159843866461,0.18175256080132973,54.63850766314248,0.05609971628473813,16.86471301757503,0.029739121146254977,8.940183244080526,0.019886772848141932,5.978367434647045,0.03532279287167428,10.618748261336462,0.044649143108697095,13.422438380738585,0.44952042628774425,0.44952042628774425,0.7060942659861903,0.7060942659861903
1642882,WAS,F,undrafted,0.0,1,3.6661011060691995,300.62029069767436,0.33890459689936286,101.88159843866461,0.18175256080132973,54.63850766314248,0.05609971628473813,16.86471301757503,0.029739121146254977,8.940183244080526,0.019886772848141932,5.978367434647045,0.03532279287167428,10.618748261336462,0.044649143108697095,13.422438380738585,0.44952042628774425,0.44952042628774425,0.7060942659861903,0.7060942659861903
1642396,UTA,F,undrafted,0.0,1,3.6661011060691995,300.62029069767436,0.33890459689936286,101.88159843866461,0.18175256080132973,54.63850766314248,0.05609971628473813,16.86471301757503,0.029739121146254977,8.940183244080526,0.019886772848141932,5.978367434647045,0.03532279287167428,10.618748261336462,0.044649143108697095,13.422438380738585,0.44952042628774425,0.44952042628774425,0.7060942659861903,0.7060942659861903
1642348,PHI,F,undrafted,0.0,1,3.6661011060691995,300.62029069767436,0.33890459689936286,101.88159843866461,0.18175256080132973,54.63850766314248,0.05609971628473813,16.86471301757503,0.029739121146254977,8.940183244080526,0.019886772848141932,5.978367434647045,0.03532279287167428,10.618748261336462,0.044649143108697095,13.422438380738585,0.44952042628774425,0.44952042628774425,0.7060942659861903,0.7060942659861903
1643257,POR,F,undrafted,0.0,1,3.6661011060691995,300.62029069767436,0.33890459689936286,101.88159843866461,0.18175256080132973,54.63850766314248,0.05609971628473813,16.86471301757503,0.029739121146254977,8.940183244080526,0.019886772848141932,5.978367434647045,0.03532279287167428,10.618748261336462,0.044649143108697095,13.422438380738585,0.44952042628774425,0.44952042628774425,0.7060942659861903,0.7060942659861903
1643047,PHX,F,undrafted,0.0,1,3.6661011060691995,300.62029069767436,0.33890459689936286,101.88159843866461,0.18175256080132973,54.63850766314248,0.05609971628473813,16.86471301757503,0.029739121146254977,8.940183244080526,0.019886772848141932,5.978367434647045,0.03532279287167428,10.618748261336462,0.044649143108697095,13.422438380738585,0.44952042628774425,0.44952042628774425,0.7060942659861903,0.7060942659861903
1642362,OKC,F,undrafted,0.0,1,3.6661011060691995,300.62029069767436,0.33890459689936286,101.88159843866461,0.18175256080132973,54.63850766314248,0.05609971628473813,16.86471301757503,0.029739121146254977,8.940183244080526,0.019886772848141932,5.978367434647045,0.03532279287167428,10.618748261336462,0.044649143108697095,13.422438380738585,0.44952042628774425,0.44952042628774425,0.7060942659861903,0.7060942659861903
1641801,SAS,F,undrafted,0.0,1,3.6661011060691995,300.62029069767436,0.33890459689936286,101.88159843866461,0.18175256080132973,54.63850766314248,0.05609971628473813,16.86471301757503,0.029739121146254977,8.940183244080526,0.019886772848141932,5.978367434647045,0.03532279287167428,10.618748261336462,0.044649143108697095,13.422438380738585,0.44952042628774425,0.44952042628774425,0.7060942659861903,0.7060942659861903
1642384,HOU,F,undrafted,0.0,1,3.6661011060691995,300.62029069767436,0.33890459689936286,101.88159843866461,0.18175256080132973,54.63850766314248,0.05609971628473813,16.86471301757503,0.029739121146254977,8.940183244080526,0.019886772848141932,5.978367434647045,0.03532279287167428,10.618748261336462,0.044649143108697095,13.422438380738585,0.44952042628774425,0.44952042628774425,0.7060942659861903,0.7060942659861903
1642461,DEN,F,undrafted,0.0,1,3.6661011060691995,300.62029069767436,0.33890459689936286,101.88159843866461,0.18175256080132973,54.63850766314248,0.05609971628473813,16.86471301757503,0.029739121146254977,8.940183244080526,0.019886772848141932,5.978367434647045,0.03532279287167428,10.618748261336462,0.044649143108697095,13.422438380738585,0.44952042628774425,0.44952042628774425,0.7060942659861903,0.7060942659861903
1641807,LAC,F,undrafted,0.0,1,3.6661011060691995,300.62029069767436,0.33890459689936286,101.88159843866461,0.18175256080132973,54.63850766314248,0.05609971628473813,16.86471301757503,0.029739121146254977,8.940183244080526,0.019886772848141932,5.978367434647045,0.03532279287167428,10.618748261336462,0.044649143108697095,13.422438380738585,0.44952042628774425,0.44952042628774425,0.7060942659861903,0.7060942659861903
1631166,LAL,F,undrafted,0.0,1,3.6661011060691995,300.62029069767436,0.33890459689936286,101.88159843866461,0.18175256080132973,54.63850766314248,0.05609971628473813,16.86471301757503,0.029739121146254977,8.940183244080526,0.019886772848141932,5.978367434647045,0.03532279287167428,10.618748261336462,0.044649143108697095,13.422438380738585,0.44952042628774425,0.44952042628774425,0.7060942659861903,0.7060942659861903
1630811,ATL,G,undrafted,0.0,1,3.648454921602788,299.1733035714286,0.3359284944797044,100.5008374572696,0.12328429616388797,36.88337016182877,0.11597774534611995,34.697445215964585,0.035809955513318975,10.713382691665531,0.009506372569354094,2.8440528865544743,0.04009960792891182,11.996732176011601,0.05744677374141912,17.186541079740756,0.40896767466110534,0.40896767466110534,0.7543859649122807,0.7543859649122807
1642484,ATL,G,undrafted,0.0,1,3.648454921602788,299.1733035714286,0.3359284944797044,100.5008374572696,0.12328429616388797,36.88337016182877,0.11597774534611995,34.697445215964585,0.035809955513318975,10.713382691665531,0.009506372569354094,2.8440528865544743,0.04009960792891182,11.996732176011601,0.05744677374141912,17.186541079740756,0.40896767466110534,0.40896767466110534,0.7543859649122807,0.7543859649122807
1631342,SAC,G,undrafted,0.0,1,3.648454921602788,299.1733035714286,0.3359284944797044,100.5008374572696,0.12328429616388797,36.88337016182877,0.11597774534611995,34.697445215964585,0.035809955513318975,10.713382691665531,0.009506372569354094,2.8440528865544743,0.04009960792891182,11.996732176011601,0.05744677374141912,17.186541079740756,0.40896767466110534,0.40896767466110534,0.7543859649122807,0.7543859649122807
1641815,SAC,G,undrafted,0.0,1,3.648454921602788,299.1733035714286,0.3359284944797044,100.5008374572696,0.12328429616388797,36.88337016182877,0.11597774534611995,34.697445215964585,0.035809955513318975,10.713382691665531,0.009506372569354094,2.8440528865544743,0.04009960792891182,11.996732176011601,0.05744677374141912,17.186541079740756,0.40896767466110534,0.40896767466110534,0.7543859649122807,0.7543859649122807
1631126,POR,G,undrafted,0.0,1,3.648454921602788,299.1733035714286,0.3359284944797044,100.5008374572696,0.12328429616388797,36.88337016182877,0.11597774534611995,34.697445215964585,0.035809955513318975,10.713382691665531,0.009506372569354094,2.8440528865544743,0.04009960792891182,11.996732176011601,0.05744677374141912,17.186541079740756,0.40896767466110534,0.40896767466110534,0.7543859649122807,0.7543859649122807
1642948,DAL,G,undrafted,0.0,1,3.648454921602788,299.1733035714286,0.3359284944797044,100.5008374572696,0.12328429616388797,36.88337016182877,0.11597774534611995,34.697445215964585,0.035809955513318975,10.713382691665531,0.009506372569354094,2.8440528865544743,0.04009960792891182,11.996732176011601,0.05744677374141912,17.186541079740756,0.40896767466110534,0.40896767466110534,0.7543859649122807,0.7543859649122807
1642951,LAC,G,undrafted,0.0,1,3.648454921602788,299.1733035714286,0.3359284944797044,100.5008374572696,0.12328429616388797,36.88337016182877,0.11597774534611995,34.697445215964585,0.035809955513318975,10.713382691665531,0.009506372569354094,2.8440528865544743,0.04009960792891182,11.996732176011601,0.05744677374141912,17.186541079740756,0.40896767466110534,0.40896767466110534,0.7543859649122807,0.7543859649122807
1642530,CHI,G,undrafted,0.0,1,3.648454921602788,299.1733035714286,0.3359284944797044,100.5008374572696,0.12328429616388797,36.88337016182877,0.11597774534611995,34.697445215964585,0.035809955513318975,10.713382691665531,0.009506372569354094,2.8440528865544743,0.04009960792891182,11.996732176011601,0.05744677374141912,17.186541079740756,0.40896767466110534,0.40896767466110534,0.7543859649122807,0.7543859649122807
1641869,BKN,G,undrafted,0.0,1,3.648454921602788,299.1733035714286,0.3359284944797044,100.5008374572696,0.12328429616388797,36.88337016182877,0.11597774534611995,34.697445215964585,0.035809955513318975,10.713382691665531,0.009506372569354094,2.8440528865544743,0.04009960792891182,11.996732176011601,0.05744677374141912,17.186541079740756,0.40896767466110534,0.40896767466110534,0.7543859649122807,0.7543859649122807
1630623,BKN,G,undrafted,0.0,1,3.648454921602788,299.1733035714286,0.3359284944797044,100.5008374572696,0.12328429616388797,36.88337016182877,0.11597774534611995,34.697445215964585,0.035809955513318975,10.713382691665531,0.009506372569354094,2.8440528865544743,0.04009960792891182,11.996732176011601,0.05744677374141912,17.186541079740756,0.40896767466110534,0.40896767466110534,0.7543859649122807,0.7543859649122807
1641989,UTA,G,undrafted,0.0,1,3.648454921602788,299.1733035714286,0.3359284944797044,100.5008374572696,0.12328429616388797,36.88337016182877,0.11597774534611995,34.697445215964585,0.035809955513318975,10.713382691665531,0.009506372569354094,2.8440528865544743,0.04009960792891182,11.996732176011601,0.05744677374141912,17.186541079740756,0.40896767466110534,0.40896767466110534,0.7543859649122807,0.7543859649122807
1643060,UTA,G,undrafted,0.0,1,3.648454921602788,299.1733035714286,0.3359284944797044,100.5008374572696,0.12328429616388797,36.88337016182877,0.11597774534611995,34.697445215964585,0.035809955513318975,10.713382691665531,0.009506372569354094,2.8440528865544743,0.04009960792891182,11.996732176011601,0.05744677374141912,17.186541079740756,0.40896767466110534,0.40896767466110534,0.7543859649122807,0.7543859649122807
1631457,ORL,G,undrafted,0.0,1,3.648454921602788,299.1733035714286,0.3359284944797044,100.5008374572696,0.12328429616388797,36.88337016182877,0.11597774534611995,34.697445215964585,0.035809955513318975,10.713382691665531,0.009506372569354094,2.8440528865544743,0.04009960792891182,11.996732176011601,0.05744677374141912,17.186541079740756,0.40896767466110534,0.40896767466110534,0.7543859649122807,0.7543859649122807
1643052,BKN,G,undrafted,0.0,1,3.648454921602788,299.1733035714286,0.3359284944797044,100.5008374572696,0.12328429616388797,36.88337016182877,0.11597774534611995,34.697445215964585,0.035809955513318975,10.713382691665531,0.009506372569354094,2.8440528865544743,0.04009960792891182,11.996732176011601,0.05744677374141912,17.186541079740756,0.40896767466110534,0.40896767466110534,0.7543859649122807,0.7543859649122807
1642389,MIN,G,undrafted,0.0,1,3.648454921602788,299.1733035714286,0.3359284944797044,100.5008374572696,0.12328429616388797,36.88337016182877,0.11597774534611995,34.697445215964585,0.035809955513318975,10.713382691665531,0.009506372569354094,2.8440528865544743,0.04009960792891182,11.996732176011601,0.05744677374141912,17.186541079740756,0.40896767466110534,0.40896767466110534,0.7543859649122807,0.7543859649122807
1642357,SAS,G,undrafted,0.0,1,3.648454921602788,299.1733035714286,0.3359284944797044,100.5008374572696,0.12328429616388797,36.88337016182877,0.11597774534611995,34.697445215964585,0.035809955513318975,10.713382691665531,0.009506372569354094,2.8440528865544743,0.04009960792891182,11.996732176011601,0.05744677374141912,17.186541079740756,0.40896767466110534,0.40896767466110534,0.7543859649122807,0.7543859649122807
1642959,POR,G,undrafted,0.0,1,3.648454921602788,299.1733035714286,0.3359284944797044,100.5008374572696,0.12328429616388797,36.88337016182877,0.11597774534611995,34.697445215964585,0.035809955513318975,10.713382691665531,0.009506372569354094,2.8440528865544743,0.04009960792891182,11.996732176011601,0.05744677374141912,17.186541079740756,0.40896767466110534,0.40896767466110534,0.7543859649122807,0.7543859649122807
1630679,IND,G,undrafted,0.0,1,3.648454921602788,299.1733035714286,0.3359284944797044,100.5008374572696,0.12328429616388797,36.88337016182877,0.11597774534611995,34.697445215964585,0.035809955513318975,10.713382691665531,0.009506372569354094,2.8440528865544743,0.04009960792891182,11.996732176011601,0.05744677374141912,17.186541079740756,0.40896767466110534,0.40896767466110534,0.7543859649122807,0.7543859649122807
1642935,TOR,G,undrafted,0.0,1,3.648454921602788,299.1733035714286,0.3359284944797044,100.5008374572696,0.12328429616388797,36.88337016182877,0.11597774534611995,34.697445215964585,0.035809955513318975,10.713382691665531,0.009506372569354094,2.8440528865544743,0.04009960792891182,11.996732176011601,0.05744677374141912,17.186541079740756,0.40896767466110534,0.40896767466110534,0.7543859649122807,0.7543859649122807
1642504,MIL,G,undrafted,0.0,1,3.648454921602788,299.1733035714286,0.3359284944797044,100.5008374572696,0.12328429616388797,36.88337016182877,0.11597774534611995,34.697445215964585,0.035809955513318975,10.713382691665531,0.009506372569354094,2.8440528865544743,0.04009960792891182,11.996732176011601,0.05744677374141912,17.186541079740756,0.40896767466110534,0.40896767466110534,0.7543859649122807,0.7543859649122807
1642450,DET,G,undrafted,0.0,1,3.648454921602788,299.1733035714286,0.3359284944797044,100.5008374572696,0.12328429616388797,36.88337016182877,0.11597774534611995,34.697445215964585,0.035809955513318975,10.713382691665531,0.009506372569354094,2.8440528865544743,0.04009960792891182,11.996732176011601,0.05744677374141912,17.186541079740756,0.40896767466110534,0.40896767466110534,0.7543859649122807,0.7543859649122807
1642938,DEN,G,undrafted,0.0,1,3.648454921602788,299.1733035714286,0.3359284944797044,100.5008374572696,0.12328429616388797,36.88337016182877,0.11597774534611995,34.697445215964585,0.035809955513318975,10.713382691665531,0.009506372569354094,2.8440528865544743,0.04009960792891182,11.996732176011601,0.05744677374141912,17.186541079740756,0.40896767466110534,0.40896767466110534,0.7543859649122807,0.7543859649122807
1641725,NOP,G,undrafted,0.0,1,3.648454921602788,299.1733035714286,0.3359284944797044,100.5008374572696,0.12328429616388797,36.88337016182877,0.11597774534611995,34.697445215964585,0.035809955513318975,10.713382691665531,0.009506372569354094,2.8440528865544743,0.04009960792891182,11.996732176011601,0.05744677374141912,17.186541079740756,0.40896767466110534,0.40896767466110534,0.7543859649122807,0.7543859649122807
1642967,DAL,G,undrafted,0.0,1,3.648454921602788,299.1733035714286,0.3359284944797044,100.5008374572696,0.12328429616388797,36.88337016182877,0.11597774534611995,34.697445215964585,0.035809955513318975,10.713382691665531,0.009506372569354094,2.8440528865544743,0.04009960792891182,11.996732176011601,0.05744677374141912,17.186541079740756,0.40896767466110534,0.40896767466110534,0.7543859649122807,0.7543859649122807
1643024,LAL,G,undrafted,0.0,1,3.648454921602788,299.1733035714286,0.3359284944797044,100.5008374572696,0.12328429616388797,36.88337016182877,0.11597774534611995,34.697445215964585,0.035809955513318975,10.713382691665531,0.009506372569354094,2.8440528865544743,0.04009960792891182,11.996732176011601,0.05744677374141912,17.186541079740756,0.40896767466110534,0.40896767466110534,0.7543859649122807,0.7543859649122807
1642443,MIA,G,undrafted,0.0,1,3.648454921602788,299.1733035714286,0.3359284944797044,100.5008374572696,0.12328429616388797,36.88337016182877,0.11597774534611995,34.697445215964585,0.035809955513318975,10.713382691665531,0.009506372569354094,2.8440528865544743,0.04009960792891182,11.996732176011601,0.05744677374141912,17.186541079740756,0.40896767466110534,0.40896767466110534,0.7543859649122807,0.7543859649122807
1643016,UTA,G,undrafted,0.0,1,3.648454921602788,299.1733035714286,0.3359284944797044,100.5008374572696,0.12328429616388797,36.88337016182877,0.11597774534611995,34.697445215964585,0.035809955513318975,10.713382691665531,0.009506372569354094,2.8440528865544743,0.04009960792891182,11.996732176011601,0.05744677374141912,17.186541079740756,0.40896767466110534,0.40896767466110534,0.7543859649122807,0.7543859649122807
1643018,GSW,G,undrafted,0.0,1,3.648454921602788,299.1733035714286,0.3359284944797044,100.5008374572696,0.12328429616388797,36.88337016182877,0.11597774534611995,34.697445215964585,0.035809955513318975,10.713382691665531,0.009506372569354094,2.8440528865544743,0.04009960792891182,11.996732176011601,0.05744677374141912,17.186541079740756,0.40896767466110534,0.40896767466110534,0.7543859649122807,0.7543859649122807
1642933,ATL,G,undrafted,0.0,1,3.648454921602788,299.1733035714286,0.3359284944797044,100.5008374572696,0.12328429616388797,36.88337016182877,0.11597774534611995,34.697445215964585,0.035809955513318975,10.713382691665531,0.009506372569354094,2.8440528865544743,0.04009960792891182,11.996732176011601,0.05744677374141912,17.186541079740756,0.40896767466110534,0.40896767466110534,0.7543859649122807,0.7543859649122807
1642911,MIN,C,second_round,0.0,1,2.7628956927867154,226.55744680851066,0.3501817310380636,79.33627890296829,0.26800335503454886,60.7181558527422,0.04972640492071733,11.26588733780388,0.024863202460358665,5.63294366890194,0.055218276950113825,12.510111842983022,0.017474138275352477,3.958896152842729,0.04443423732875344,10.066907360085796,0.5207631874298541,0.5207631874298541,0.631336405529954,0.631336405529954
1642875,SAC,C,second_round,0.0,1,2.7628956927867154,226.55744680851066,0.3501817310380636,79.33627890296829,0.26800335503454886,60.7181558527422,0.04972640492071733,11.26588733780388,0.024863202460358665,5.63294366890194,0.055218276950113825,12.510111842983022,0.017474138275352477,3.958896152842729,0.04443423732875344,10.066907360085796,0.5207631874298541,0.5207631874298541,0.631336405529954,0.631336405529954
1641750,CHA,C,second_round,0.0,1,2.7628956927867154,226.55744680851066,0.3501817310380636,79.33627890296829,0.26800335503454886,60.7181558527422,0.04972640492071733,11.26588733780388,0.024863202460358665,5.63294366890194,0.055218276950113825,12.510111842983022,0.017474138275352477,3.958896152842729,0.04443423732875344,10.066907360085796,0.5207631874298541,0.5207631874298541,0.631336405529954,0.631336405529954
1630574,NYK,C,second_round,0.0,1,2.7628956927867154,226.55744680851066,0.3501817310380636,79.33627890296829,0.26800335503454886,60.7181558527422,0.04972640492071733,11.26588733780388,0.024863202460358665,5.63294366890194,0.055218276950113825,12.510111842983022,0.017474138275352477,3.958896152842729,0.04443423732875344,10.066907360085796,0.5207631874298541,0.5207631874298541,0.631336405529954,0.631336405529954
1642271,UTA,C,second_round,0.0,1,2.7628956927867154,226.55744680851066,0.3501817310380636,79.33627890296829,0.26800335503454886,60.7181558527422,0.04972640492071733,11.26588733780388,0.024863202460358665,5.63294366890194,0.055218276950113825,12.510111842983022,0.017474138275352477,3.958896152842729,0.04443423732875344,10.066907360085796,0.5207631874298541,0.5207631874298541,0.631336405529954,0.631336405529954
1642366,GSW,C,second_round,0.0,1,2.7628956927867154,226.55744680851066,0.3501817310380636,79.33627890296829,0.26800335503454886,60.7181558527422,0.04972640492071733,11.26588733780388,0.024863202460358665,5.63294366890194,0.055218276950113825,12.510111842983022,0.017474138275352477,3.958896152842729,0.04443423732875344,10.066907360085796,0.5207631874298541,0.5207631874298541,0.631336405529954,0.631336405529954
1642950,CHI,C,second_round,0.0,1,2.7628956927867154,226.55744680851066,0.3501817310380636,79.33627890296829,0.26800335503454886,60.7181558527422,0.04972640492071733,11.26588733780388,0.024863202460358665,5.63294366890194,0.055218276950113825,12.510111842983022,0.017474138275352477,3.958896152842729,0.04443423732875344,10.066907360085796,0.5207631874298541,0.5207631874298541,0.631336405529954,0.631336405529954
