player_id,team,position,draft_tier,career_min,is_rookie,mpg,gp,total_min,pts_rate,pts,reb_rate,reb,ast_rate,ast,stl_rate,stl,blk_rate,blk,fg3m_rate,fg3m,tov_rate,tov,fg_pct_rate,fg_pct,ft_pct_rate,ft_pct
1626164,PHX,G,lottery,23148.82,0,34.475539151213354,59.4929260209343,2051.0507002549602,0.6912417142179587,1417.7718019921833,0.11400760409797632,233.8353762195446,0.18669115477865722,382.91302374017204,0.026395581972723084,54.13867688879088,0.00783268272506695,16.065229388123498,0.06650318019283258,136.40139430369106,0.07703190775299576,157.99634833875746,0.45219972408643583,0.45219972408643583,0.870705602160497,0.870705602160497
1628969,NYK,G,lottery,18515.49,0,34.31954666729123,67.92991002812947,2331.323717315284,0.49503448135595085,1154.0856272739989,0.10480195520697907,244.3272837950443,0.10573875138481421,246.5112589427217,0.02736199338705451,63.789664136264136,0.013215593186365716,30.809825833764656,0.06365583056899758,148.4023475509073,0.049707152833308996,115.88346432050886,0.46680047371747607,0.46680047371747607,0.824516173429186,0.824516173429186
1628368,SAS,G,lottery,17661.2,0,34.12515889951386,63.36594333344229,2162.372885071309,0.668951447854405,1446.522472269559,0.1304072719878742,281.98914896269844,0.1731511883315087,374.41743466593005,0.04138211729523929,89.4835683660659,0.011474480496853673,24.812105496675947,0.05691826328738888,123.07850919799947,0.07608484977068608,164.52381610885558,0.4545376462972767,0.4545376462972767,0.8071329984436749,0.8071329984436749
1628369,BOS,F,lottery,20184.71,0,34.0675505779158,64.84949999245276,2209.263620945435,0.7519408598218116,1661.2355867067592,0.23657474108155896,522.6559691060737,0.15875939141379988,350.7413479339451,0.02974754826907623,65.72017620318846,0.015494837940930204,34.23218177534217,0.09032257718081013,199.5463839156001,0.07618896606353269,168.32151104160909,0.4535213022100544,0.4535213022100544,0.8220661853510661,0.8220661853510661
1628404,NYK,G,late_first,16128.22,0,34.030078057736795,67.29203054877928,2289.953052238568,0.3449221345049295,789.8554946942052,0.2400987147999308,549.814784794659,0.15135042722509226,346.58537278171127,0.035847621891931816,82.08937116692337,0.010588231209514335,24.246552376035016,0.0315390674526,72.22298377783946,0.054221984406375504,124.16579868981162,0.48555905567604685,0.48555905567604685,0.7705739823286986,0.7705739823286986
1629027,WAS,G,lottery,16620.58,0,34.011383177443236,62.675517364312014,2131.681036922113,0.6902364963400269,1471.364050239595,0.0920125159710876,196.1413354550605,0.26620762794117947,567.4697523662295,0.03335429800551081,71.10072455819645,0.005614589088957257,11.968513091039988,0.08146075393753935,173.648344422031,0.10802481453543974,230.27444866222513,0.4209092000770932,0.4209092000770932,0.8650609060036071,0.8650609060036071
201142,HOU,F,undrafted,32342.86,0,33.98789287148515,62.5134630616275,2124.7008855641398,0.7020292686333317,1491.6022087571853,0.17081494497322208,362.93066485219475,0.13014434914166043,276.5178138724545,0.02426993374262024,51.56634971552822,0.028670242476599887,60.915689579370394,0.06705289335896306,142.46734189942663,0.08570963396782703,182.1073351928204,0.4954298377011289,0.4954298377011289,0.8485986318349724,0.8485986318349724
1630162,MIN,G,lottery,13263.1,0,33.98409064860294,70.28293770995641,2388.5017261852727,0.7514313638021787,1794.7951095512574,0.15691496549487988,374.7916659488231,0.14310674918185495,341.81071744962344,0.03384584275036642,80.8408538334455,0.016676711046237993,39.83235312103245,0.09738348578885869,232.60062390862797,0.08628655569469447,206.09558722335942,0.4431614645686518,0.4431614645686518,0.8366547008629448,0.8366547008629448
1627750,DEN,G,lottery,16795.99,0,33.87292711137404,62.57848643039642,2119.716509596927,0.6107996128176174,1294.7220233449145,0.11496321073268656,243.68941578634636,0.16877916797625675,357.7639888353044,0.03425876235852247,72.61886416971784,0.01363140036426692,28.894704401062157,0.06907643871027341,146.42246755832682,0.06116672122666886,129.65610882208279,0.45715162822342476,0.45715162822342476,0.8605494030089259,0.8605494030089259
203081,POR,G,lottery,30517.37,0,33.84828754704322,64.30156145612935,2176.4977418909375,0.6666251303276461,1450.9080908458739,0.12310324504403096,267.9339348577801,0.19105206578165612,415.8243897573734,0.028514562626065828,62.06188116663999,0.009176863144852254,19.973421912413098,0.09488993385090083,206.5277267546661,0.07611376496663663,165.66143757670218,0.4297968455679238,0.4297968455679238,0.880580084768722,0.880580084768722
202681,DAL,G,lottery,25073.97,0,33.70849613996362,61.73260038240553,2080.9131217002337,0.6973128729518836,1451.0475072560625,0.13806934115816769,287.31030372053726,0.15170143747591586,315.6775118244209,0.03403351732157908,70.82079277208611,0.015244169482735688,31.721792306046957,0.08451693743442645,175.87240411321568,0.055425177013865276,115.33497812071043,0.47298557967196386,0.47298557967196386,0.8778425423018255,0.8778425423018255
1630178,PHI,G,late_first,10188.34,0,33.62860660416767,63.95247572996972,2150.6326476857325,0.6965079671936822,1497.9327736199562,0.10162200094105255,218.55159294697785,0.15889264710930204,341.719714350473,0.037315562116659755,80.25206615483339,0.010703857651343502,23.020065721160062,0.08205943441333097,176.47969869993568,0.06388912290805758,137.40203355807506,0.4377795432098862,0.4377795432098862,0.8672226618037584,0.8672226618037584
203999,DEN,C,second_round,23645.239999999998,0,33.61330905688314,62.4981538009617,2100.7697591963415,0.7513909423287523,1578.499368978285,0.3389664858006835,712.090542751132,0.25549238591169454,536.7306780282094,0.043650886090749394,91.70046146157054,0.019767340329701243,41.52663078437861,0.0536218313444639,112.64712172117626,0.09030486608643919,189.70973178266672,0.5631719826097716,0.5631719826097716,0.8085540344503752,0.8085540344503752
1627832,HOU,G,undrafted,15082.11,0,33.610489015723815,66.66401766652434,2240.6102335247347,0.4631773462267716,1037.7999018925336,0.10871126505102699,243.5795729727509,0.19612062982087347,439.42989018196533,0.037206358814075746,83.36494831101133,0.01688085723192676,37.823421464525126,0.08199655398386856,183.72231797001925,0.05097566697663334,114.21660108859353,0.414347934928937,0.414347934928937,0.8609163352353878,0.8609163352353878
201935,CLE,G,lottery,38271.3,0,33.54428627416526,68.5206724148698,2298.477051182691,0.6083102329521595,1398.1871104401353,0.16331284902797116,375.37083565405516,0.23927878565915026,549.9767976724188,0.03644229640310693,83.7617819749388,0.018506226177673286,42.53613617337842,0.08450251988155805,194.22710271487026,0.10586473591248621,243.32766602436564,0.423080738697381,0.423080738697381,0.8597392861269867,0.8597392861269867
1628384,NYK,F,late_first,14854.38,0,33.51547352286817,66.61873506297415,2232.7584511300797,0.4804606337985366,1072.752540548997,0.13353632132013174,298.154349960346,0.06465562220102805,144.360386882419,0.03742622323937316,83.56371623159141,0.020248678929679957,45.2104090044625,0.06377100806603662,142.38525719652776,0.0402364850064273,89.83835194186929,0.46340861907200864,0.46340861907200864,0.798557763661323,0.798557763661323
1629639,MIL,G,lottery,11761.810000000001,0,33.49110340851149,68.71303158653407,2301.275246376929,0.6499930443974357,1495.8129033889988,0.1423051525348075,327.48332496024557,0.15651330806936212,360.18020158858945,0.025900330997127328,59.6037905966582,0.007114050040116022,16.3713872588058,0.08966280816060522,206.3388009406441,0.06996813192930186,161.0159300441376,0.44837025709476674,0.44837025709476674,0.8752348544106742,0.8752348544106742
1629029,LAL,F,lottery,15711.64,0,33.42104072642214,65.72892499509199,2196.7290791649157,0.7825628004063784,1719.0784599254214,0.23071452352545083,506.8173028140359,0.23130876846332918,508.1226979492198,0.042458494247804124,93.26980897170762,0.014178441172647365,31.146194021183575,0.10266161730025633,225.51976003757306,0.10276979111175463,225.7573885948955,0.45788053027226605,0.45788053027226605,0.7968612524688348,0.7968612524688348
203897,SAC,G,lottery,21461.5,0,33.247381921302555,64.88184991034544,2157.1516437298847,0.6037746401064616,1302.4334573480733,0.12406056425199402,267.61745009824585,0.12680767960692865,273.5433945016587,0.02443301105873185,52.70570996661386,0.007666322404754736,16.537419976779923,0.08387471186988074,180.9304725774837,0.07020012772868833,151.4323209199879,0.4725680706437689,0.4725680706437689,0.837346940140729,0.837346940140729
1626157,NYK,C,lottery,21970.850000000002,0,33.093865818659765,64.02414408277784,2118.8064334299893,0.660567802731105,1399.6153101433774,0.3119303275391581,660.919984771892,0.09430232807392183,199.80837941045107,0.02744770757148839,58.15637938537463,0.020208173324035125,42.817207646833914,0.058925831681277144,124.85243126150269,0.07492703855932097,158.75589133734613,0.5056627675420585,0.5056627675420585,0.8367500749178204,0.8367500749178204
2544,PHI,F,undrafted,36934.97,0,33.066993447564734,61.63865849523886,2038.2051165787436,0.6946127499233339,1415.7632609345703,0.2063666291538633,420.6175194325123,0.23129856636391022,471.4339214202499,0.030851131980369442,62.8809350546351,0.015927810542511956,32.464144943644726,0.06193436587258018,126.23494141355285,0.10073250212131317,205.31350122943965,0.5036698444106464,0.5036698444106464,0.7824745424530792,0.7824745424530792
1627734,SAC,F,lottery,19898.65,0,33.01164592842322,63.88733357453325,2109.0260352735568,0.5459874745215084,1151.501798699119,0.3769360579906168,794.9679599355941,0.18046808895956967,380.61189815179677,0.023001615476007597,48.51100589225119,0.01375506111811302,29.00978201487936,0.028318056144441398,59.72351767696522,0.08042820817270992,169.62518500664666,0.5465276252072157,0.5465276252072157,0.7525991331408177,0.7525991331408177
1627759,PHI,G,lottery,18463.98,0,32.85113685104167,61.21036526163736,2010.830085912296,0.6313133267055924,1269.4638309769837,0.16417390793308265,330.12583339363795,0.1352340766979644,271.93275006483776,0.03318196747773805,66.72329851399901,0.011520397446574123,23.16556178723844,0.05692434602497431,114.46518760790035,0.07389474479583422,148.5897760262745,0.45764251636152353,0.45764251636152353,0.7599317822486401,0.7599317822486401
1630595,DET,G,lottery,7015.139999999999,0,32.846908317427996,65.5331387270873,2152.5609995219265,0.7673061758855941,1651.6733489036417,0.1610824003971033,346.73969280417987,0.22253085201936756,479.01123324727575,0.0298534447566148,64.26136088447137,0.018549142691878122,39.928161133104005,0.06094037299697515,131.17787020960785,0.10524954442217432,226.55606454062297,0.45140199410007775,0.45140199410007775,0.8339369443207852,0.8339369443207852
1628973,NYK,G,second_round,14240.949999999999,0,32.78841629627297,66.90665510981641,2193.7632607318196,0.7022603417676238,1540.5929372387843,0.09442985161718169,207.15673919413038,0.19299255447992275,423.3799756128387,0.027030977672504227,59.29956571960189,0.0057178344364548234,12.54357511764182,0.06690837423727262,146.78113323702408,0.07023032792738146,154.06871319623733,0.4623003843455438,0.4623003843455438,0.8359675811562075,0.8359675811562075
203507,MIA,F,late_first,28233.81,0,32.775198751801604,66.22846292562225,2170.651035413593,0.8184255213024395,1776.51620522405,0.3412842167368868,740.8089384302405,0.1887227186982142,409.6511647483469,0.029644413042438977,64.34767586479839,0.03016917969743105,65.48676114780746,0.010769125479341573,23.37601337223169,0.09669989911158536,209.90173613095274,0.5810600552782764,0.5810600552782764,0.628497222945259,0.628497222945259
1628983,OKC,G,lottery,15290.42,0,32.75868849581754,66.6161951734752,2182.259186464458,0.8030840899704786,1752.5376328415261,0.15473373820915062,337.6691216629054,0.19064977934061603,416.0472323634811,0.04871684033613445,106.31277235905165,0.028284670029596348,61.72448100820256,0.0633657583245219,138.2805082109746,0.07395767007591673,161.39480493267683,0.49288448984926353,0.49288448984926353,0.8708072325080585,0.8708072325080585
1628389,MIA,C,lottery,17353.28,0,32.743743566757175,64.15267652134516,2100.5987891360496,0.5293392275877175,1111.929340512971,0.2821254611501271,592.6324020764066,0.12820786596741124,269.313288008861,0.03415278822019651,71.74130558096473,0.02265975372170143,47.59905122992711,0.03234615617571874,67.94629649592034,0.06427823621898084,135.0227851693921,0.4870867269629083,0.4870867269629083,0.7693603625146321,0.7693603625146321
1631094,ORL,F,lottery,6809.879999999999,0,32.417831169701934,66.48071713625492,2155.1606641638223,0.7286897139143995,1570.4434078091028,0.20494264792877706,441.6843332256756,0.14308661417424248,308.37464243671303,0.026400794596906016,56.89795401792062,0.01869543991141838,40.291676696327265,0.05598465439231825,120.65592494313064,0.08412663560196013,181.30641585778824,0.4484005626046919,0.4484005626046919,0.7390813364526431,0.7390813364526431
1631099,SAC,F,lottery,7580.18,0,32.13018230407787,67.29229747347581,2162.1137854830167,0.39028203938797357,843.8341775871634,0.19526361221957977,422.1821477831635,0.052938550652637875,114.4591701495593,0.0265320709251723,57.365356304728174,0.02340050998073808,50.594565216686725,0.06250649150101951,135.1461469565313,0.03460300181033903,74.81562723322781,0.4419509273253788,0.4419509273253788,0.8082272378628504,0.8082272378628504
203076,WAS,F,lottery,27114.09,0,31.785888762904,62.911210195368454,1999.6887292096537,0.7038983540248435,1407.577605052706,0.33927247630911594,678.4393470063884,0.10480064534390407,209.56866930810315,0.032761028444919266,65.51185933862193,0.056124511403264,112.2315528855057,0.024645625797832995,49.28358013224532,0.06891391041153076,137.80636993570187,0.5228141580778166,0.5228141580778166,0.7669137623129608,0.7669137623129608
1630532,ORL,F,lottery,9398.369999999999,0,31.576037342480703,62.831245954751836,1983.9617685418336,0.7109622653165625,1410.5219532639555,0.16149673615413007,320.4033502740818,0.14039400571566227,278.5363398723176,0.03420745470263128,67.86628232914701,0.01273621191145793,25.268157508379645,0.05549809134442522,110.10609145438208,0.0696424905265776,138.1680386707668,0.4574480495947867,0.4574480495947867,0.8396806943078625,0.8396806943078625
1630559,LAL,G,undrafted,8439.65,0,31.55321588326259,64.24373560478404,2027.096458684994,0.5556311339196315,1126.3179039036127,0.12808913372302388,259.64902936597036,0.16281534239261133,330.0424039836472,0.030288721315133722,61.398159716004265,0.009405960583552087,19.066789389449074,0.07374432563719337,149.4868613472677,0.06685555445311263,135.5226576753264,0.4508112271017626,0.4508112271017626,0.8609137318285084,0.8609137318285084
1628970,PHX,F,lottery,13070.21,0,31.497732628961124,64.61813651157219,2035.3247868232115,0.5973967182916875,1215.896348305915,0.21938462232418776,446.5189596642682,0.11243115538044993,228.8339173570016,0.024411690925219012,49.68571962836551,0.02033673073122006,41.39185214020153,0.06722042073444233,136.81538850149542,0.06728308582142054,136.9429323062906,0.44340051369688377,0.44340051369688377,0.8359820642454499,0.8359820642454499
1630567,TOR,F,lottery,9522.619999999999,0,31.428041727226738,65.75352707638385,2066.5045926689245,0.6078677403491942,1256.1614771668912,0.2358924362331061,487.4728028515752,0.1660519525571464,343.14712258098535,0.03864040399138979,79.85057231078964,0.03216895003412391,66.4772829868542,0.03938936341299674,81.39830039526306,0.08032254479865321,165.98690772127227,0.45805606503724583,0.45805606503724583,0.7706553773650717,0.7706553773650717
1629632,CHA,G,lottery,12565.76,0,31.41589672157183,67.56202460171082,2122.521587187642,0.5931999308781691,1259.0796588071312,0.11394949094835996,241.86025438693684,0.1459414917211185,309.7639666444406,0.027602466209459938,58.586830389196166,0.007414280925027341,15.736971316844091,0.08573778318194997,181.98029564130238,0.06760162348618651,143.48590517836197,0.44075782918258855,0.44075782918258855,0.8682130879346153,0.8682130879346153
1629008,BKN,F,lottery,10036.32,0,31.37893742990434,63.85656011545958,2003.7510043519312,0.5324376028545822,1066.8723814746038,0.20247412125888678,405.7077238277691,0.06277533668689834,125.7861439349032,0.020735194199394895,41.54816620246986,0.017549365665640186,35.16455907826582,0.0765525107886723,153.39217037846416,0.04077583325667851,81.70461684135644,0.48035858388453373,0.48035858388453373,0.7957603480824337,0.7957603480824337
1626162,IND,F,late_first,17743.24,0,31.304094685369268,59.716126591980746,1869.359281078863,0.43790876714728616,818.6088181325821,0.17481032809057417,326.7833092445559,0.05754309057081368,107.56871042051216,0.03809062009512964,71.20505419687963,0.016757526251125646,31.32583722546441,0.039057519205296064,73.01253602233614,0.03968298904372039,74.18176386982954,0.45247331111787836,0.45247331111787836,0.7661831352104418,0.7661831352104418
1628378,CLE,G,lottery,18244.13,0,31.268460890605827,63.3494085228693,1980.83850284035,0.7189518920933609,1424.1275895484498,0.1449963156693866,287.2142848479145,0.16328893972089498,323.44901888712576,0.04091783079557903,81.05161469258952,0.011000824208555566,21.790856155285084,0.09842720476553503,194.96839692652296,0.0750960383378895,148.75312415046656,0.4406169914675527,0.4406169914675527,0.8408261079902624,0.8408261079902624
1630224,PHX,G,lottery,10038.23,0,31.029337015775997,67.88136868139952,2106.313865907288,0.6288650581769308,1324.5871918226626,0.14386035857990825,303.0150680312552,0.1119214428556299,235.7416869791634,0.027657723517064973,58.255846543424035,0.011469507422541209,24.158382519225107,0.08552298721768443,180.13825383042047,0.07310874827742495,153.98997021586572,0.42692501510507375,0.42692501510507375,0.8149371004750742,0.8149371004750742
203944,BKN,F,lottery,22737.16,0,31.005569171234733,64.42457458948235,1997.5206037615665,0.5788046307315192,1156.1741754388147,0.22282427872173538,445.0960877649764,0.14537322640673575,290.3860149827497,0.023263831422267487,46.46998258841505,0.010860130294308146,21.693334022415687,0.050969793319556936,101.81321232528363,0.08479774245630997,169.3852377089461,0.47258046909402085,0.47258046909402085,0.7985860987773886,0.7985860987773886
1630530,NOP,F,late_first,6856.389999999999,0,30.80969253514299,56.114098639847086,1728.858125980374,0.5695661480560719,984.6990633500807,0.15393348034712945,266.129148358575,0.09490285808317069,164.07357737585187,0.03169668233797164,54.79906682662087,0.019737408569078366,34.1231791904458,0.08231280778981906,142.30716661968933,0.051712619738852314,89.40378285124791,0.4455975684614762,0.4455975684614762,0.8545072781217509,0.8545072781217509
1629014,PHI,G,late_first,10419.53,0,30.719774407216075,60.66479384180807,1863.608781280615,0.592554264231209,1104.289330206555,0.0970349780517657,180.83523718864228,0.1527752256965581,284.71325217023355,0.02536076821335119,47.262550342423566,0.005473898317057914,10.201204971506309,0.09148038248413877,170.48364411235036,0.06314023139520165,117.66868968018778,0.4244166048014625,0.4244166048014625,0.880779893924081,0.880779893924081
1630169,IND,G,lottery,8546.619999999999,0,30.70998721958232,67.17893555745889,2063.0642523947067,0.6140462441766747,1266.816855678129,0.1215888496344634,250.84560917065664,0.2586369638899855,533.5846745493297,0.0371013365530553,76.54244115867344,0.01726877045586893,35.62658301031303,0.08259939673817505,170.4078626798969,0.07104854644839627,146.57771636229126,0.46280283064908806,0.46280283064908806,0.8480786475389998,0.8480786475389998
1629628,TOR,F,lottery,12814.59,0,30.636315407676303,62.37058716727184,1910.8049806185084,0.6445983767093337,1231.7017887148004,0.18326666444158785,350.1868551963269,0.15559437851471514,297.3105134221591,0.024598367499842014,47.00268313378257,0.01159825005420564,22.16199397003502,0.05539408406646333,105.84729173099849,0.08182937176120766,156.3599711221991,0.46003062344272366,0.46003062344272366,0.7098766282933504,0.7098766282933504
1630163,MIN,G,lottery,7374.2,0,30.534983787764823,61.188821255547836,1868.3996650305928,0.7129157154865566,1332.0114840101278,0.15553968582539435,290.61029689513043,0.2239036126148034,418.34143480863827,0.0379519088802368,70.90933383910601,0.009351921264807838,17.473126558559443,0.10624674931002313,198.51139082143658,0.10294103742623718,192.33499984508327,0.4206082426912502,0.4206082426912502,0.844803082232931,0.844803082232931
1630700,ATL,G,lottery,4971.49,0,30.51349838955722,59.0467640587833,1801.7233400162495,0.42296407708315126,762.0642496691457,0.1754411722087431,316.09645476830264,0.137723549898229,248.13973432153173,0.06015145565101084,108.37628158237855,0.02374707340583045,42.78565641236389,0.03253664650203854,58.6220354085809,0.06343010157607938,114.28349446922371,0.47907971851573833,0.47907971851573833,0.6345591290011856,0.6345591290011856
1629636,LAC,G,lottery,12692.24,0,30.503419766728534,63.90118591100695,1949.2046974352043,0.6347801569139616,1237.31646369535,0.09619336929875463,187.50056729925188,0.2043937251525227,398.40520919357726,0.037491157678375436,73.07794065897333,0.0058443827995351486,11.39189840646342,0.08617937436481207,167.98124133391872,0.08170007904137014,159.25017784826616,0.4469664269578973,0.4469664269578973,0.8560663796837342,0.8560663796837342
203497,MIN,C,late_first,25429.510000000002,0,30.409132992256275,64.90741574427706,1973.77823755139,0.34806238406115697,686.9979589701654,0.35120971789662364,693.2100980009187,0.05401672369845598,106.61703369983886,0.022325539098622275,44.06566321446332,0.048377372605830554,95.48620523930313,0.001497875448684595,2.9564739631761774,0.042707709715203,84.29554801152975,0.6421616931644258,0.6421616931644258,0.6570362975930936,0.6570362975930936
1630552,ATL,F,late_first,4334.9400000000005,0,30.407927991882254,50.4077199835671,1532.7943194952725,0.5024725091633414,770.187007748106,0.26326269979247974,403.52757077690217,0.1310451778838574,200.8653042576241,0.03818341681543491,58.5273243936189,0.026629157825084085,40.81702184723197,0.03509449434051747,53.79264157070417,0.06921876248313023,106.0981259366345,0.49057956868279623,0.49057956868279623,0.7374137002330959,0.7374137002330959
1628401,BOS,G,late_first,14079.55,0,30.367534139767347,66.41947587838405,2016.9957012822813,0.4615083327102002,930.8603231824267,0.13516842838702212,272.6341390057055,0.14632872386559337,295.14440701102376,0.030298795155909608,61.112539583502084,0.029558337885299057,59.619040451697394,0.08240260604803028,166.20570217333437,0.0507384541560368,102.33924392243432,0.44005175847699113,0.44005175847699113,0.8583536060885893,0.8583536060885893
1631114,OKC,G,lottery,6736.2,0,30.291386222975916,64.46634104568122,1952.774834996815,0.6369892305303364,1243.8965395436257,0.1561973823568345,305.0183175588019,0.161289895797868,314.9628496533352,0.041088541167284415,80.23666919820366,0.01864373316608242,36.407012957121246,0.05758499102195463,112.45052134119051,0.06956424753430943,135.84331200048868,0.47080787908771565,0.47080787908771565,0.7843486002731753,0.7843486002731753
1631101,POR,G,lottery,5089.4400000000005,0,30.279612900927997,65.44549379353498,1981.664218178325,0.5805196389489514,1150.3949964549372,0.14706493604478038,291.43332150862506,0.09871087405760749,195.61180706506786,0.02988816259617485,59.228302363935484,0.009838557920708525,19.496718189943024,0.06403280785068827,126.89152410719707,0.06782434713435478,134.4050818374565,0.43620890346373153,0.43620890346373153,0.7995788502703854,0.7995788502703854
1630170,SAS,G,lottery,8402.18,0,30.24465219832784,62.971701471708656,1904.5572093487579,0.5353697599683782,1019.6423360150887,0.12818248440230198,244.13087478063895,0.10708807233545337,203.955360201749,0.03610777474978864,68.769322713251,0.014591375198584632,27.790108828777022,0.07987333342029727,152.12333300034425,0.049215549441284194,93.73382950045804,0.44098839544573715,0.44098839544573715,0.7956237594877319,0.7956237594877319
203468,ATL,G,lottery,25263.850000000002,0,30.198004306939236,52.350784885866446,1580.8892274550444,0.578955906732333,915.2651561246126,0.11950798540078601,188.92888671495732,0.13426972413293745,212.2655604551214,0.0281820400026333,44.552683447870116,0.013308583990563732,21.03939706336287,0.09360170834015959,147.9739323863473,0.05891471155754782,93.13763283994855,0.4364936718395972,0.4364936718395972,0.792587294946434,0.792587294946434
1629023,DAL,F,lottery,11916.35,0,30.195213759535793,61.30664415283216,1851.1672250745623,0.4524632127750765,837.5850700411596,0.2238192405665104,414.326842477803,0.07363025972581537,136.30192357815693,0.032033420995863635,59.29921905455811,0.02848393439492631,52.72852579306162,0.052036086685758653,96.32749819381523,0.05760174956357396,106.63047089904109,0.44872071671432484,0.44872071671432484,0.7253390914027017,0.7253390914027017
1628374,UTA,F,lottery,13957.02,0,30.191979694502454,60.593465248494695,1829.436672402092,0.5934723639560856,1085.7201066784244,0.19763424604587765,361.5593374388667,0.056648104943911926,103.63412060647472,0.024199838165692423,44.27207140651349,0.013728647676479399,25.11569152183918,0.08878361857250167,162.42400772509401,0.04371052843788838,79.96564369434752,0.4406168930071403,0.4406168930071403,0.8726826699569722,0.8726826699569722
203078,LAC,G,lottery,27559.08,0,30.134520689859947,52.214647454382686,1573.463374027838,0.5190595702712532,816.7212227604457,0.11051367025186745,173.88921247070326,0.13126413285206365,206.53930536624642,0.03209799813746763,50.50502444891907,0.0143463873673546,22.573515072148123,0.060350559113077636,94.95939436652962,0.06129284759856623,96.44205078621408,0.4736024853095528,0.4736024853095528,0.820233146880669,0.820233146880669
1630596,CLE,C,lottery,8744.76,0,30.03017915697531,63.59193919272159,1909.6773268969093,0.5895550869580503,1125.8599825205245,0.3040612026531893,580.658784695802,0.10207100956116898,194.92269269244204,0.029420132929459195,56.182960809681376,0.04338677120677306,82.85473326083817,0.033658239681199735,64.276377182449,0.06571001159850207,125.48491929979234,0.5461979782451529,0.5461979782451529,0.7190058681047368,0.7190058681047368
201939,GSW,G,lottery,32081.1,0,30.009738083749937,63.734081434817455,1912.6430908672612,0.7616305915372589,1456.7274886968833,0.13534970339605867,258.8756750514047,0.1863027213157275,356.330612734295,0.03190697462602902,61.026654568951415,0.013224492287701232,25.29373380429914,0.11692719397808082,223.63998969667233,0.08429088450154082,161.21837786496235,0.43856826347857514,0.43856826347857514,0.8837226391409482,0.8837226391409482
1641731,WAS,G,lottery,3663.08,0,29.942997069355066,62.55316051063362,1873.0291018487994,0.40899492204153753,766.0593914921808,0.15611959857201652,292.4165514943392,0.10112139177394715,189.4033096120568,0.03671171516760732,68.7621108877125,0.021267319365868623,39.834308090584486,0.040322733881882726,75.52565402687095,0.06414542523405913,120.14624821385908,0.43417283096388276,0.43417283096388276,0.749530116276142,0.749530116276142
1629630,POR,G,lottery,9801.78,0,29.91847415343703,59.76494723564126,1788.076029151061,0.7530562579901842,1346.5218435144454,0.14238269475282364,254.5910834534565,0.2292998955460785,410.0056467127851,0.03512246092870334,62.80163047140915,0.010786929091041269,19.287849335843134,0.058776230407690595,105.09636867585125,0.10300903011163581,184.18797752871583,0.4410806050219333,0.4410806050219333,0.814174339190761,0.814174339190761
202331,BOS,F,lottery,30514.98,0,29.916798251290885,57.304413713972764,1714.3645839894298,0.5071423280244681,869.4268462070983,0.1637408945158373,280.7115905087005,0.12938414102266027,221.81158909914268,0.04864184629879931,83.38985859451886,0.014241331962087142,24.414835144638893,0.06970487114423995,119.49956242123174,0.06897457290891494,118.24756499084056,0.43463017679654725,0.43463017679654725,0.8388605686137626,0.8388605686137626
1630578,HOU,C,late_first,8099.83,0,29.88764457369564,64.75721951743489,1935.44076051788,0.6257317343603076,1211.066703830486,0.31479140178110154,609.2601100677048,0.1520101057799766,294.2065547372013,0.03460970927036947,66.98504203154661,0.02625709257490373,50.81904722216006,0.01696367719627756,32.83219229394326,0.08188960810330143,158.49248538596487,0.5066631662467459,0.5066631662467459,0.7016584318846161,0.7016584318846161
1627749,NOP,G,late_first,14745.38,0,29.874313003400285,51.27928464125928,1531.9333999634366,0.5351102574095022,819.7532759886485,0.17960109477805247,275.13691576049735,0.20258824315799692,310.3516961336496,0.048521596794260914,74.3318547486871,0.012038778032572667,18.44260616284418,0.05876951992470921,90.03099047247872,0.0907628501324704,139.04264159380725,0.42606473880868834,0.42606473880868834,0.8154556406622459,0.8154556406622459
1627742,TOR,F,lottery,16315.59,0,29.81196696547116,55.950774473572004,1668.0026402986557,0.6477551581284376,1080.4573140253071,0.16426849288720766,274.00027985374334,0.15916960122313856,265.49531509547927,0.026393729623815462,44.024810699853035,0.01857482244243334,30.98285287705754,0.06118681479408463,102.05976862799801,0.09996170530623215,166.73638837955136,0.45825142696168014,0.45825142696168014,0.8225579466511471,0.8225579466511471
1630217,ORL,G,late_first,9274.880000000001,0,29.811832062027094,64.77646744848147,1931.1051691454943,0.6153777118633522,1188.359080356246,0.17046052064742748,329.1771925574795,0.15918080501234969,307.3948753880895,0.033420861568142585,64.53919853153613,0.01332772376597154,25.737236257410895,0.07741892623104686,149.5040886344683,0.07071491116652395,136.55793048933884,0.46454402231998776,0.46454402231998776,0.8685714088967385,0.8685714088967385
1630183,MIN,F,late_first,10449.29,0,29.618564511061926,69.4612408829119,2057.342244108938,0.39531196326252704,813.2920016216374,0.1722752928231564,354.429237541317,0.06329574059029645,130.22100098857769,0.03547551429052571,72.98527418138886,0.025053933356369445,51.544515475148884,0.044231135280244714,90.99858311694467,0.03998960455919731,82.27230278484801,0.4694564492354487,0.4694564492354487,0.7696006091310725,0.7696006091310725
1641706,CHA,F,lottery,3306.4700000000003,0,29.496373416972595,55.56395766962828,1638.935243948214,0.5787250259685077,948.4928416146328,0.1460592784235926,239.38169911407084,0.10242846108276227,167.87361485191713,0.03223696595178229,52.83429965633458,0.01980136245390832,32.45315080390324,0.0791976789082415,129.7998672016111,0.07270842764431394,119.16440459832474,0.42029412603122784,0.42029412603122784,0.8143278713551589,0.8143278713551589
1627783,IND,F,late_first,19637.16,0,29.434751952124525,64.39554809817227,1895.4669850908049,0.5822576734410704,1103.6501968233322,0.20562575575602463,389.75683131989024,0.11576450022126392,219.42778821494292,0.027293788534474235,51.73447506514586,0.016059124251283446,30.439539827778862,0.048266784567389594,91.48809662397734,0.04943952798867622,93.71099306100858,0.5010801622930355,0.5010801622930355,0.747560013795024,0.747560013795024
1641708,HOU,G,lottery,3614.05,0,29.434658769181592,63.542615595271286,1870.3552073480869,0.46979116292838113,878.6763479492112,0.25111647554829325,469.67700769264883,0.1253268930438153,234.40580702525668,0.04411706471034264,82.51458171390188,0.03050427477166081,57.05382916555267,0.018893452853294024,35.33746792894405,0.06495727296827596,121.49317375134605,0.5235840777784615,0.5235840777784615,0.6980964800741941,0.6980964800741941
203924,MEM,F,second_round,20053.87,0,29.38200461518621,58.932428199877116,1731.5528773529195,0.4528739949698158,784.1752690682961,0.11284916324529251,195.40429332425558,0.06855243828783494,118.70217176685904,0.026934714426515686,46.63888226591243,0.023820225455083745,41.24597992594551,0.06677571182252333,115.62567594357964,0.04564023535933535,79.02848085952158,0.39493595422489586,0.39493595422489586,0.8250455940613607,0.8250455940613607
202710,GSW,F,late_first,28789.25,0,29.374330582800262,63.42861924580026,1863.173230136704,0.5255161542673747,979.1276306353631,0.16242104952116412,302.6185514785409,0.1581780896802774,294.7131822864557,0.04051420352949027,75.48497945645624,0.011286954676717517,21.029551803426354,0.02587955437786906,48.21809292471278,0.049969421655576184,93.10168875408284,0.47673736795915883,0.47673736795915883,0.8255003773496541,0.8255003773496541
1630180,NOP,G,late_first,8803.669999999998,0,29.361409870082955,58.42504229269439,1715.4416134327312,0.42990980382478006,737.4851675037296,0.17057493553133982,292.6113426190657,0.0574139167572389,98.49022199553042,0.027403180813962393,47.00855670869251,0.008214118851847545,14.090841296141566,0.0647035506504116,110.99516332256852,0.034758008142929814,59.62533356841553,0.4277261059460185,0.4277261059460185,0.8291238493609591,0.8291238493609591
202699,SAS,F,late_first,30728.29,0,29.350051196808685,62.89560331572225,1845.989177370618,0.42297950445427257,780.8155874721743,0.18367429421137182,339.06075927537916,0.07165706991439223,132.27817554405777,0.030793968495217,56.84533257046236,0.02102887762620455,38.81908051022474,0.04397633952854733,81.17984683007407,0.03871597650148406,71.46927361307475,0.4681982045107042,0.4681982045107042,0.8566480625775602,0.8566480625775602
1628415,PHX,G,second_round,14502.72,0,29.32206455788248,61.56988655585902,1805.3561884123988,0.4186358529409436,755.7868277982354,0.11342382138065873,204.7703978429548,0.0602981519889398,108.85964184306386,0.027559011742221133,49.75383239534889,0.006537551535380227,11.802609121463671,0.07484204003251516,135.11654012610973,0.034474551054795174,62.238844089513655,0.4220280444319261,0.4220280444319261,0.8306084216590484,0.8306084216590484
1631128,DEN,G,late_first,5512.35,0,29.231530360406715,66.97393584228999,1957.7506389298314,0.4507580051807071,882.4717726452656,0.1579066072874267,309.1417613082016,0.0812371216018182,159.04202672078,0.030579724590367768,59.867475355090775,0.015767166959573378,30.86818118921811,0.04037136898640537,79.0370734276071,0.03947096374856689,77.27430449793303,0.4959113882335323,0.4959113882335323,0.7865447354852675,0.7865447354852675
1641705,SAS,F,lottery,3633.7700000000004,0,29.220666381291068,61.83849914302591,1806.9621529781139,0.7400233613481829,1337.1942062758133,0.3108064395291347,561.6154731310272,0.11695257139809159,211.32887020982216,0.03388576694510288,61.23029839443771,0.06621045540797872,119.63978705366263,0.06984987568237747,126.21608174828239,0.09018492718433697,162.96075019118396,0.49083134227637437,0.49083134227637437,0.806666757797821,0.806666757797821
1631095,HOU,F,lottery,6589.92,0,29.16387205047656,60.8059481552451,1773.3368919074792,0.4535153588750414,804.235516939771,0.22740942333377623,403.2735199651909,0.04544754630032752,80.59381050104406,0.020701460204845507,36.710663097607096,0.02380557366096155,42.2153020060041,0.05781864480351379,102.53193587016567,0.03888656977480102,68.95898878138895,0.450368518816481,0.450368518816481,0.8097858159695106,0.8097858159695106
1630581,CHI,G,lottery,8195.86,0,29.14098135880515,60.06529007582753,1750.3614984109138,0.5246478707794244,918.3234332355688,0.24939977439265756,436.53976280927594,0.210779026709719,368.93949302521776,0.0358796931664774,62.80243349339921,0.02052154095119369,35.92011516903232,0.052057969455545465,91.12026542043814,0.08528691768373084,149.28293703174336,0.4656806585931545,0.4656806585931545,0.7747613397563974,0.7747613397563974
202695,LAC,F,late_first,23282.15,0,29.089497780043697,46.31005351258088,1347.1361988479264,0.6250493482689348,842.0266031193866,0.181414038892378,244.389418771128,0.10251785429845045,138.10551255366008,0.04508400412440406,60.73429394499392,0.01702809521019481,22.93916345508242,0.06127764041088182,82.54932757748543,0.05963892833034862,80.34175921430975,0.4760519926800833,0.4760519926800833,0.8276930137188364,0.8276930137188364
1630166,POR,F,lottery,9679.79,0,29.034460822831807,66.0735253116169,1918.4091820865267,0.5522943843713842,1059.526618192889,0.2376734254218731,455.9548816672787,0.13353544065433112,256.1756154852393,0.031802045095001306,61.00933531938029,0.01775779588989691,34.06671868879661,0.05669593562839418,108.76600349649804,0.07855208310639548,150.69503750333303,0.4748238710172787,0.4748238710172787,0.7677453450476815,0.7677453450476815
1629661,DEN,F,lottery,9021.09,0,28.88892202550811,60.914622584701185,1759.7577820626877,0.5547505718747404,976.2266359603009,0.1472833062446223,259.1829443318961,0.10035249857257446,176.59609031252268,0.03266457522141235,57.48174044365242,0.013619547197207992,23.96710416845683,0.08436358560930003,148.45947629867752,0.051003388526243136,89.75360987062315,0.4528788604288614,0.4528788604288614,0.8430616283637908,0.8430616283637908
202696,ORL,C,late_first,30504.08,0,28.820810747524117,66.25148663457001,1909.4215580370658,0.5641381577244677,1077.1775600704132,0.31119274931657975,594.1981442499017,0.10791907141253579,206.06300147843746,0.02549696366155998,48.68445207987031,0.02331186111012177,44.51217016163239,0.0554480486232833,105.87369939238458,0.0513930029807966,98.1309078237962,0.4981943412875303,0.4981943412875303,0.8137127135730773,0.8137127135730773
1642267,WAS,G,lottery,2457.54,0,28.747258113496464,64.75113468806369,1861.4175820195412,0.38986795475419733,725.7070656454619,0.13924094803440415,259.18554880830914,0.12754597995605393,237.4163296061108,0.029368867035033493,54.66772546300546,0.011330116753341023,21.09007853100314,0.056282735805328186,104.76567399219864,0.06607767930495256,122.99815403728748,0.415478856815632,0.415478856815632,0.7773990981628097,0.7773990981628097
203952,MIA,F,lottery,25888.78,0,28.723032039301227,58.00202884019341,1665.9941327213492,0.5480307591161464,913.016029238327,0.1584698946177859,264.0099146462018,0.07533622745029316,125.50971291354945,0.030403779689773872,50.652518575715796,0.022579228271285397,37.61686182133748,0.061952876241128094,103.21312832293128,0.05181793246086727,86.32837144955602,0.44053410309104546,0.44053410309104546,0.7714485658490015,0.7714485658490015
1631097,LAC,G,lottery,5909.55,0,28.721101325826737,61.56418393542464,1768.1911648511657,0.5460632424204162,965.5442006977601,0.16505240777436223,291.8442091640391,0.0772418966287186,136.57843917524727,0.024548900822432263,43.40714954103224,0.011529316333117535,20.386035276992665,0.05250468990297696,92.83832879969407,0.06093293059743325,107.74106953087073,0.45071288614306093,0.45071288614306093,0.8239870930787938,0.8239870930787938
1628370,SAC,G,lottery,11943.01,0,28.697349611542748,64.22713179242523,1843.148455593859,0.5374209423265841,990.5465798530398,0.1207742931653989,222.60495192324493,0.16629533666884494,306.50699295364234,0.030415911459728346,56.06104023247786,0.016789920184765116,30.94631545809398,0.0691346770975799,127.42547332038451,0.07397919873063077,136.35464588643327,0.43301484475633667,0.43301484475633667,0.8478710408622665,0.8478710408622665
1628991,UTA,F,lottery,11639.720000000001,0,28.653225164071888,65.1262998468503,1866.078533614662,0.6955839138546622,1298.0142099718555,0.18991177874811876,354.3902936024416,0.07543878911728419,140.7747049736474,0.03874973250474151,72.31004401040843,0.04759455219168096,88.81517216189852,0.06297407141423397,117.51456284041875,0.06739752957645186,125.7690831612761,0.4763272804108045,0.4763272804108045,0.7805451789813533,0.7805451789813533
1629060,LAC,F,lottery,9345.3,0,28.652639915518815,62.901303567104314,1802.288401324979,0.4226340760117191,761.7084932006209,0.16366468140909585,294.9709570101614,0.05076709414458172,91.4969449457529,0.023230146095712865,41.867422869388044,0.01502150260486887,27.073079915228124,0.055354080038824256,99.7640164199875,0.03392642773059885,61.14520719724843,0.5068571285345034,0.5068571285345034,0.7688707362335009,0.7688707362335009
201950,POR,G,late_first,32392.1,0,28.55055956953218,62.537196917107096,1785.4719658934303,0.34691070467580337,619.3993378669818,0.14599639691224664,260.67247380826655,0.13920080450565453,248.53913407465805,0.033374337663859555,59.58894427908247,0.016045533163566786,28.64884964136182,0.05704758742493133,101.85686806906948,0.04787447858071669,85.47853938763514,0.44027625513311813,0.44027625513311813,0.8456520482942561,0.8456520482942561
1641718,UTA,G,late_first,4131.24,0,28.233858510790427,62.6618511083877,1769.1858382184346,0.5352287128609733,946.9190590015148,0.11596193884268217,205.15821997282552,0.16889030249673986,298.79833138965967,0.027203181054576225,48.12748267624828,0.006786370777772099,12.006351072933821,0.07971003158735226,141.02185904828772,0.08266507762337412,146.2498846465011,0.416389343188489,0.416389343188489,0.8258170981403253,0.8258170981403253
1628381,DET,F,late_first,13739.06,0,28.119558894896063,51.56113287562557,1449.8763125837147,0.5588160888180623,810.2142102679858,0.2652309428459911,384.55206139664756,0.06658372944895617,96.53817213152426,0.028725580023262542,41.64853804095631,0.029678166617065516,43.02967077899605,0.050103127452829986,72.64333768022102,0.06842623965323455,99.20958403240127,0.5057059103965587,0.5057059103965587,0.8175082985325117,0.8175082985325117
1627826,IND,C,second_round,13430.8,0,28.066429645324444,67.07565668850201,1882.5741993617776,0.49204623619670257,926.3135491569834,0.36799688733095404,692.781445534697,0.06596766246368528,124.1890193463403,0.019964323806141052,37.58432090514527,0.03683658589550825,69.34760619945779,0.0014673713008793265,2.7624353519193483,0.051456508250780415,96.87069482216565,0.6077406829557886,0.6077406829557886,0.6761313487686356,0.6761313487686356
1628398,MIL,F,late_first,16855.67,0,27.833672793879185,62.54452424231928,1740.8438228095592,0.49816967728975586,867.2356054209031,0.1850210490521266,322.0927503321391,0.0909370705578287,158.30723754499311,0.020310638280218087,35.357649187437026,0.01445637437972987,25.166290039175117,0.05031461241452278,87.58988221887914,0.06950544602613071,120.99812636621287,0.4432527017130976,0.4432527017130976,0.7100474157217965,0.7100474157217965
1641739,POR,F,second_round,4287.76,0,27.657385643847444,64.65335861538271,1788.1428723956064,0.3650893157000878,652.8318576569013,0.17526857304988608,313.4052496541025,0.06913436661274651,123.62212489616745,0.038602110829307826,69.02608933885205,0.019334489379757704,34.57282937582229,0.051380232539470994,91.87519659748386,0.043791758114304524,78.3059201417661,0.4473310731345177,0.4473310731345177,0.7393507534364283,0.7393507534364283
1629028,WAS,C,lottery,12271.36,0,27.588151592387494,58.645286887267105,1617.9150648249795,0.4794425542651374,775.6973312637335,0.3339309518562049,540.2719176194989,0.05849796833330875,94.64474422811483,0.028379618220022492,45.91581185215586,0.03048702335366866,49.32541436557149,0.007252392064429617,11.73375437705781,0.0582702368002121,94.27629394998206,0.5523481608481925,0.5523481608481925,0.713526719416069,0.713526719416069
201572,LAC,C,undrafted,27994.77,0,27.490700361397636,59.76902556746318,1643.0923727678446,0.38159283760243523,626.9922809674001,0.16919181415779688,277.9977793774307,0.055225571538507774,90.74071537666708,0.019185218146836564,31.5230856069544,0.052665816533800536,86.5348014522783,0.057581567587149544,94.61183451446156,0.03482423196374555,57.219429927128495,0.48144001362022765,0.48144001362022765,0.8243382863613834,0.8243382863613834
203484,PHI,G,lottery,27033.99,0,27.403591044980598,64.4102352716842,1765.0717464962186,0.3045987703726379,537.6386836022326,0.09035632864011399,159.4854027997923,0.06534523303056684,115.339024590465,0.038420510059994556,67.81495679287012,0.013868859669587112,24.479532358909093,0.05071304843464913,89.51216897069347,0.03229278643795188,56.999084957265126,0.4313204212741896,0.4313204212741896,0.8307508587821544,0.8307508587821544
1626167,MIL,C,lottery,18454.71,0,27.255842853510472,61.61007009043349,1679.2343885786208,0.5101650605389988,856.6867135083808,0.22990001382548778,386.05600915045943,0.053793900810629125,90.33256813699577,0.022518448235792396,37.813752654970166,0.06250094113657158,104.95372967505915,0.06366743008156281,106.91253802538522,0.05531653272582755,92.8894240101443,0.4876149943453144,0.4876149943453144,0.7837159655252639,0.7837159655252639
1629673,NOP,G,late_first,11349.24,0,27.0899959563438,61.00726376696759,1652.6865287547516,0.6331407027334354,1046.3831102138654,0.10468209553632425,173.00668909470102,0.15439438713919518,255.16552374029374,0.037809599616201825,62.48741594330758,0.012750099944227577,21.071918418101628,0.09734195888676726,160.87574413475915,0.09379153492996499,155.00800628998388,0.4225261887252487,0.4225261887252487,0.8707997048274665,0.8707997048274665
1628386,CLE,C,late_first,16021.18,0,27.016561084372846,70.16795720626227,1895.6969020286444,0.473614952897441,897.8303989621212,0.3391038903492539,642.8381944009418,0.07229797141239584,137.05504042943429,0.029203357924899146,55.36071514706497,0.03504368687954741,66.43220865321989,0.002959483131764753,5.610283004492473,0.04675493111474056,88.63317806877635,0.6267564491961946,0.6267564491961946,0.7193053144569201,0.7193053144569201
203954,PHI,C,lottery,14407.78,0,27.011920323035095,53.608569588627546,1448.0704103598896,0.7811053442504576,1131.095536383063,0.27657544491470293,400.5007180131029,0.15225386891984852,220.4743224456459,0.029222276259363238,42.31591357454618,0.035029676451709096,50.72543795420055,0.04144668971355365,60.01772498156465,0.10185940870768,147.4995957663459,0.4628098057640708,0.4628098057640708,0.8445670907135238,0.8445670907135238
1626181,CHI,G,second_round,14938.16,0,26.962082374508615,59.665409755355164,1608.7036927326958,0.5899168309584241,949.0013843679862,0.10375584585290494,166.91241236617253,0.06896503147710137,110.94430080663957,0.03230421059758072,51.96790287914279,0.00768003130886235,12.354894726869581,0.08472066623715352,136.29044862648308,0.049438259711661915,79.53151096042858,0.46102977817605395,0.46102977817605395,0.829778206592859,0.829778206592859
1630529,NOP,F,second_round,7255.62,0,26.869208366169964,48.46839598157201,1302.3074308028934,0.3436399504631592,447.5248610089104,0.12596541763997016,164.04569941672298,0.09605784686274572,125.09684775628016,0.04915836391686196,64.01930261504215,0.016812882751883564,21.89554214099576,0.038608295985564166,50.27987075263773,0.05071288345730666,66.04376496389159,0.4459989371059988,0.4459989371059988,0.8006655353776564,0.8006655353776564
1629012,LAL,G,lottery,12156.79,0,26.845058727594374,58.25487673783077,1563.8555871958383,0.6383802059253199,998.3344517915413,0.1010837574425,158.08039885120255,0.15648480744013094,244.71964042651365,0.02810599982336855,43.95372485750015,0.006311579319061734,9.870398582144398,0.06381536899715612,99.79802135516668,0.08216652581929806,128.4965804829804,0.4614421393894155,0.4614421393894155,0.84448035687285,0.84448035687285
1641711,TOR,G,lottery,2855.3999999999996,0,26.765182754882506,62.43509404304193,1671.0867023802932,0.4955012755245827,828.0255925416039,0.11952495311177627,199.73655974771737,0.07640106060052855,127.6727964172942,0.031880512583713445,53.27510064371114,0.007319671806241127,12.23180622119749,0.07024914644596628,117.39241447942008,0.050196443369496024,83.88260902155025,0.42337120429810493,0.42337120429810493,0.8335333294528195,0.8335333294528195
1630168,ATL,F,lottery,6910.52,0,26.625777313050996,60.764891072146455,1617.912458138772,0.4680769830590226,757.3075822592036,0.30090143232248123,486.83217602634295,0.07213263683811073,116.70429177877908,0.03033260581745114,49.07550083986679,0.032848815023873996,53.14650706222181,0.027563971737349136,44.59609326964218,0.045062431484197085,72.9070692923073,0.568533658398375,0.568533658398375,0.7598331943301351,0.7598331943301351
203932,DEN,F,lottery,21074.52,0,26.614052455545302,59.5308507530193,1584.3571846640941,0.48848378557842403,773.932795273091,0.1707025152539638,270.45375648284966,0.11460021969341758,181.56768143534975,0.02252527095489687,35.6880748738963,0.01390753507989738,22.03450312480334,0.04938715491056021,78.24689371266467,0.05023735698671722,79.59391748044035,0.49653463418276744,0.49653463418276744,0.7651070997543774,0.7651070997543774
1631117,LAL,C,late_first,4937.18,0,26.54075519932618,57.54893174708792,1527.3921094821912,0.3718542683208185,567.9672753104918,0.37829139099364223,577.7992856887316,0.054734792409820356,83.60149004090535,0.022438939037943074,34.27305843170616,0.0747756570675851,114.21174858637573,0.003905145033045805,5.964687709857733,0.051303036271443565,78.35985279348156,0.6342526289313912,0.6342526289313912,0.6066714456147507,0.6066714456147507
1630245,MIN,G,second_round,7813.5599999999995,0,26.533491762553723,58.49070597605307,1551.962665201556,0.40504160149959384,628.6094433808163,0.11435378451297498,177.47280418864108,0.1401096550304259,217.4449536414904,0.032391587459704135,50.27053440407173,0.012810987458928306,19.882174240622085,0.04933030709780232,76.55879487871653,0.05048745760382438,78.35464926208185,0.46867952877983116,0.46867952877983116,0.788994080274295,0.788994080274295
1629652,ATL,G,undrafted,10620.66,0,26.413824083773793,62.563678227661796,1652.5459907392872,0.3587705040652005,592.8847580884602,0.13894709609173084,229.61646657125627,0.062059413548201256,102.55603504671139,0.0339624759246369,56.124553424838275,0.017779633386070373,29.381661868964972,0.07623169253137324,125.9763778599909,0.03308865772964077,54.68052867006238,0.426161104221719,0.426161104221719,0.7767827822121934,0.7767827822121934
1642264,SAS,G,lottery,2161.8900000000003,0,26.38657397527336,64.02595475382789,1689.4255914493847,0.5355215174279011,904.7237563145038,0.1364124416512457,230.45866991771044,0.1440254384287979,243.32026150132882,0.03442032324568303,58.15057495721706,0.0106746337876382,18.03399950018625,0.04718130887728012,79.70931065535507,0.07827279616494977,132.2360649553674,0.4254611327870876,0.4254611327870876,0.7496096000190923,0.7496096000190923
1641717,OKC,G,lottery,3567.7799999999997,0,26.38483425331393,64.00741227284408,1688.824963802523,0.3577743429180247,604.2182417280045,0.12417930697632718,209.71711360931812,0.09664527144681379,163.2169470528503,0.051664094890989755,87.25161318416588,0.01609668507792856,27.18448359407331,0.04924893851102116,83.17283679818799,0.04249927920559546,71.77384366602307,0.4586396592008003,0.4586396592008003,0.7765381272315189,0.7765381272315189
1627751,TOR,C,lottery,13318.96,0,26.30512171135906,58.95465765238418,1550.8094449974717,0.45291842172199176,702.3901662198128,0.33253883430057735,515.7043650617845,0.09356486816794134,145.10128127478671,0.03337222303016764,51.75395867574612,0.04232317603835546,65.63518114257232,0.0009517242099213116,1.4759428937787265,0.06536932435950774,101.3753656298279,0.5979917451120546,0.5979917451120546,0.6199511620632182,0.6199511620632182
1630703,POR,G,lottery,3524.04,0,26.161070625503427,66.00046636383796,1726.6428618605282,0.5031316501317267,868.7286722760546,0.11608962919939626,200.4453295931731,0.1782717071542264,307.8115706295355,0.03567895423668649,61.60481165142318,0.009037700615799352,15.60488125590245,0.06098239404093439,105.29481536994538,0.08769343198834183,151.41523837472212,0.42494491086282893,0.42494491086282893,0.7919399072000914,0.7919399072000914
1629627,NOP,F,lottery,6714.599999999999,0,25.99683423192695,50.136169170854615,1303.381678958554,0.7610135678764641,991.8911418090653,0.23699230967055077,308.891434478668,0.17696264267238465,230.64986631927536,0.03682797300399872,48.00090528659215,0.028266270093709512,36.841738572635066,0.005706650190628793,7.437943306690908,0.09472783545230487,123.46652521593475,0.550447752276014,0.550447752276014,0.6778747775437619,0.6778747775437619
1631105,DET,C,lottery,5481.3099999999995,0,25.895405746791027,64.29975635777973,1665.068280304512,0.48223809520931876,802.9593558875039,0.38536151174946254,641.6532296642246,0.08775670997170434,146.12091415776757,0.025441043066459026,42.36107382782196,0.04146316621719066,69.03900286923779,0.001947041932737372,3.241957762623789,0.06659421012255638,110.88390692700229,0.634110896671306,0.634110896671306,0.6845936185205531,0.6845936185205531
1630182,MIN,G,late_first,6415.25,0,25.66172098811286,61.93325308681866,1589.31386060012,0.31135973406947853,494.84834098938967,0.10829330845940446,172.11205614477575,0.07127563407133373,113.27935315263286,0.03342189883960995,53.117887073367164,0.008459601033812651,13.444961178185551,0.049238088283412175,78.25477617827934,0.03815922015021622,60.64697749443004,0.43171338400924103,0.43171338400924103,0.7319396175559922,0.7319396175559922
1629651,CHI,C,second_round,8023.73,0,25.6150597338224,57.41551586415068,1470.7018685084472,0.3849449716382776,566.1392890613461,0.3001943676722359,441.4964174512691,0.07323700602247316,107.70980160121567,0.03537037468709767,52.01927614215843,0.0582469350993102,85.66387628544577,0.0028290643269709937,4.160710191806833,0.04964695287603268,73.01586636053209,0.5812308831638927,0.5812308831638927,0.5902342831794758,0.5902342831794758
1629631,SAC,F,lottery,9819.98,0,25.587064379697626,62.56710108791538,1600.9084435875402,0.5590492904121364,894.9867294024119,0.14539762196061407,232.76828067429622,0.05962154284078857,95.44863135353468,0.02741250734181587,43.88491446341846,0.010238566981284102,16.391008330574312,0.08108809938438107,129.81462297892128,0.045451296270999336,72.76336397224172,0.45274916694675904,0.45274916694675904,0.8370069337053122,0.8370069337053122
1642259,WAS,C,lottery,1814.36,0,25.578423536691837,59.890858338886545,1531.9137405680522,0.4828783781662823,739.728022536144,0.2448857052928256,375.14377680677813,0.07643208293913324,117.0873580746952,0.02764173842323217,42.344758903737244,0.049836398536603724,76.34506369864881,0.04160866234585352,63.74088157426952,0.06496480962668835,99.52048452051156,0.44739139780296844,0.44739139780296844,0.7157722911276924,0.7157722911276924
203471,CLE,G,late_first,23022.97,0,25.39402044679622,64.39545907168616,1635.2596043472274,0.4448205858002827,727.3971351412722,0.09933142155028155,162.43266110356106,0.17723579927056737,289.8265429913526,0.030388615992880393,49.69327616517742,0.006455946623937886,10.557148721947486,0.05756445784629294,94.13283256219164,0.06576857188620613,107.54868884111963,0.4158573347449216,0.4158573347449216,0.8365760613971467,0.8365760613971467
204001,GSW,F,lottery,15404.2,0,25.211843292261587,57.611143450519485,1452.4831205624998,0.5988946522067516,869.8843733254556,0.24250075696380932,352.22825621356213,0.06861614606024626,99.66379395055876,0.02600031582840318,37.765019870049606,0.048983592058012115,71.14784064878192,0.07509311191968233,109.07147753384925,0.048674254360097494,70.69853286400728,0.4890155453922765,0.4890155453922765,0.8135728012951488,0.8135728012951488
1629614,IND,G,second_round,5650.8,0,25.20978095478651,59.12718183681246,1490.5833025798736,0.3614282691465032,538.7389430701222,0.10974848994065234,163.5892665888916,0.16470544455323413,245.50718549504597,0.03735667503216525,55.68323604284798,0.0063097770628040796,9.405248332817239,0.03340985911273872,49.80017813499437,0.06103017777966648,90.97056395185209,0.4536067674386664,0.4536067674386664,0.7901190336300841,0.7901190336300841
1629684,CHA,F,late_first,8709.09,0,25.166343887099842,50.20999912071123,1263.6021044427996,0.3579309672165798,452.28232342011694,0.16853629024238584,212.96281102526123,0.07468676843597583,94.37435776973112,0.031154640348657378,39.36706910772202,0.021956417210338117,27.74417499300735,0.05807219705618709,73.38015040981496,0.05394447707616754,68.16435475651167,0.4373886713565594,0.4373886713565594,0.7697624487387069,0.7697624487387069
1629675,CHA,C,undrafted,8472.099999999999,0,25.107319437168655,66.43118211827566,1667.9089100322733,0.5043156605984542,841.1525837809737,0.2181350934737263,363.8294659955509,0.07064706781034456,117.8328738685279,0.02895431381088557,48.29315798904655,0.032872692670613025,54.82865700206807,0.07222857587429307,120.4706852596755,0.0502165402659525,83.7566149405766,0.4614846254946758,0.4614846254946758,0.7700302455973512,0.7700302455973512
1641764,GSW,G,late_first,3684.88,0,25.060487850776926,62.30516215404964,1561.3977592022472,0.43569147445213796,680.2876919130914,0.18520587811041242,289.1800430726825,0.1313928301714674,205.15647060497065,0.03713637729943908,57.98465630023338,0.01112777317652813,17.374880102741894,0.06314215234902827,98.59001518897965,0.05112554894512889,79.82731756090907,0.43736424093140547,0.43736424093140547,0.7636166326304303,0.7636166326304303
203110,GSW,F,second_round,25281.45,0,25.053846990040736,61.03463990296837,1529.1525292212043,0.3090994668459702,472.66023150844114,0.2177517269728373,332.97560404279926,0.1882190615724049,287.81565405108455,0.042617083889768204,65.1680216180713,0.029107761201814967,44.5102066617222,0.035382103393946186,54.10463289401897,0.08465621463307656,129.45226472046215,0.44570080899305575,0.44570080899305575,0.7111568004445862,0.7111568004445862
1629018,MIL,G,second_round,11698.03,0,25.022406656508824,63.5093122157937,1589.1558367387734,0.45031755432386034,715.6247698396922,0.09716480544870443,154.410017704396,0.05657793673477462,89.91115839270414,0.03533849682427302,56.15837848986808,0.005657729509673057,8.991013872986136,0.08694786616040663,138.1737090007919,0.031239247062491857,49.644031804683515,0.4240694341968689,0.4240694341968689,0.8267214760563888,0.8267214760563888
1630591,ORL,G,lottery,5579.24,0,24.975447958469115,57.089428857995834,1425.8340594216,0.5397580347598503,769.6053898070624,0.13296756350858263,189.58968084884177,0.13714672576072215,195.54847272779136,0.047075913737216195,67.12244118491603,0.02542580153757457,36.252973820367906,0.06988248649574332,99.64082940270083,0.08550927219214759,121.92203268791633,0.4321077461605233,0.4321077461605233,0.8095291864400099,0.8095291864400099
1630558,MIA,G,lottery,6651.68,0,24.95250427483918,62.818239256481846,1567.4723835852335,0.3130990871445527,490.7741724248328,0.09529583457683855,149.37358896990122,0.16232612954776154,254.44172520039518,0.031132263591751023,48.79896341856576,0.007394815546947095,11.591169151546305,0.04503406423212161,70.58965200445417,0.053924824946940175,84.52567389399678,0.4476717369750477,0.4476717369750477,0.7490760650759479,0.7490760650759479
1642258,DAL,F,lottery,1843.4999999999998,0,24.940478442923425,60.242747433734905,1502.4829437135459,0.49194365979417437,739.1369581087663,0.162561996080809,244.24662640744384,0.06246041080758512,93.84570189573786,0.029051434473741894,43.649284787208906,0.018830775539505632,28.292919065005457,0.05619039128236578,84.42510450234491,0.05220849951017302,78.44238003091198,0.4375371237292589,0.4375371237292589,0.7670985005057509,0.7670985005057509
1628976,ORL,C,lottery,10446.289999999999,0,24.914215920844175,64.28514483830507,1601.613979004274,0.3753857988327604,601.2231429302353,0.2714220952721935,434.713421998575,0.07133001370354479,114.24314707016376,0.029754859979067853,47.65579968578989,0.02245776646541506,35.968672708222165,0.029913159827111697,47.90933493529116,0.04795824402488784,76.81059403875855,0.4763058500472388,0.4763058500472388,0.721708106971255,0.721708106971255
202691,DAL,G,lottery,27805.27,0,24.817275627967156,63.700131022342404,1580.8637091190926,0.49225132927943493,778.1822622234913,0.12230827043673329,193.35270605855524,0.07482348144956608,118.28572641356465,0.024993663275441214,39.51157523008765,0.013529158273259265,21.3877553291239,0.10588662876719775,167.39232869902864,0.046044026240863796,72.78933010590877,0.41689288714107176,0.41689288714107176,0.8806697141501881,0.8806697141501881
1630172,CHI,F,lottery,7478.53,0,24.78009327721744,58.27581605232929,1444.0801575826852,0.3611549864139165,521.5367496923811,0.1592829906544631,230.01740624453845,0.07403225930028476,106.90851667655743,0.03160965905353638,45.646881427165766,0.021732491058077705,31.38345911181315,0.0570665605723308,82.40868778399332,0.05246776833352624,75.76766316309039,0.42079190506441216,0.42079190506441216,0.7632486259775134,0.7632486259775134
203084,SAS,F,lottery,31035.0,0,24.77628041337549,69.73389584318782,1727.7465577279409,0.42806502927043794,739.5878808057093,0.12613289236263658,217.92567059581424,0.059178279419246686,102.24506855886571,0.02097637814489605,36.24186513344376,0.007456164883298512,12.882363210970958,0.06404245566896881,110.64913233050511,0.03142595122083044,54.29607904511597,0.46415708152373086,0.46415708152373086,0.8234240258611326,0.8234240258611326
1630557,ATL,F,late_first,7562.94,0,24.757403488223535,55.52046857263366,1374.5426423079257,0.44568845078364483,612.6177807862771,0.1189104100654397,163.44742924926845,0.06710005189795286,92.23188263481107,0.01970642486024206,27.087321297839715,0.009808401776972717,13.48206649533783,0.07407009416056051,101.81250294345371,0.03947017963048787,54.253445001659266,0.44806439147439797,0.44806439147439797,0.8272239058875609,0.8272239058875609
1630193,TOR,G,late_first,8293.57,0,24.627487279837947,55.54944968415232,1368.0433654984593,0.5631774231357276,770.4511373193507,0.12230223019451196,167.31475460326743,0.18028038179431194,246.63138024323766,0.027451595463698283,37.554973046460034,0.006504890228044262,8.898971919771713,0.08746967073133943,119.66230272634367,0.06209886527247002,84.95394064098528,0.42178828158593923,0.42178828158593923,0.8393690738005921,0.8393690738005921
1627752,DET,F,lottery,14401.86,0,24.622154705121368,68.45872619045655,1685.601347176965,0.30790387880143,519.0031929087033,0.12504363541899252,210.77372031815904,0.07032382368597602,118.53793194371654,0.03156578496745016,53.20732966583238,0.01028602516206318,17.338137870269854,0.06418887521557892,108.19685453715392,0.03557475745155668,59.96485908583771,0.4409483415919741,0.4409483415919741,0.7895495575932353,0.7895495575932353
1627827,CHA,F,undrafted,16521.93,0,24.4152286887483,56.89528817921035,1389.1114722076586,0.29736332396189497,413.07080472927083,0.14945354547946632,207.60763458763572,0.056765780883413955,78.85399745397652,0.030395763054052578,42.223103164890134,0.01401598579314646,19.469766659559305,0.05949903252245273,82.65078866219567,0.032361441966627574,44.95365029302474,0.4219602919242487,0.4219602919242487,0.7367384135326898,0.7367384135326898
1628392,OKC,C,second_round,7376.3,0,24.400410515115894,58.538998303299095,1428.3755897441706,0.38164869499608356,545.1376797901239,0.360549854623081,515.0006112294183,0.120419327886792,172.00402848689316,0.03333444453168829,47.6141068667446,0.03923171920637833,56.037630058088354,0.001953323312185499,2.790079338003999,0.057736083752728554,82.46881267982248,0.5827193766587374,0.5827193766587374,0.6717390510093754,0.6717390510093754
203501,MIA,G,late_first,22262.65,0,24.397621334073744,63.30521674702446,1544.4967066653664,0.3850542849984003,594.7150750674166,0.0982180770334592,151.69749651318298,0.060165288556384415,92.92509003090719,0.021495862842824495,33.20028936767285,0.005352204377775553,8.266462034874298,0.08149707475012637,125.87196355443136,0.03058823275323308,47.243424750082184,0.4142782006884222,0.4142782006884222,0.8432175691590775,0.8432175691590775
1631110,POR,F,lottery,5015.080000000001,0,24.390199214846266,59.36205711637471,1447.8523988714617,0.4538808502785367,657.1524778775981,0.24045709675732732,348.14638436576354,0.09874307248968694,142.96539437613188,0.03244682340097712,46.9782110968634,0.020360154125398617,29.478497991851075,0.02933597876296704,42.474167225204084,0.06271818152945578,90.80666958027835,0.49708511620216206,0.49708511620216206,0.7187548362998201,0.7187548362998201
1626145,DEN,G,late_first,14423.59,0,24.274784779502845,67.53711697171157,1639.4489791164074,0.37948786140828933,622.1509869728886,0.09493501409685463,155.64111194349007,0.19817600848630076,324.8994547982303,0.03350841896047525,54.935343256556024,0.006894856500966337,11.303765451663386,0.07313682027106716,119.90408532922122,0.04373786975777553,71.70600592311148,0.4425548968480764,0.4425548968480764,0.8365484386282602,0.8365484386282602
1629656,LAL,G,late_first,5945.01,0,24.151330835043094,61.45005914470413,1484.1007082367146,0.489972202131607,727.1680921998206,0.13730889797009038,203.7802327246139,0.1040124196862851,154.36490572183013,0.03415980761370228,50.69659467272547,0.010501234158040558,15.584889051307572,0.07899986124798537,117.24375002873728,0.058123572786625846,86.26123553787964,0.43637726187696924,0.43637726187696924,0.7969716831711968,0.7969716831711968
1631096,OKC,C,lottery,3288.92,0,24.139259096518312,57.27389066233193,1382.5492861636912,0.5109141724074824,706.3640243528779,0.2740514053356651,378.8895748189802,0.07811103438484139,107.99235483027,0.02652550736918966,36.6728212784029,0.066580964956483,92.05146557267531,0.046296926207977304,64.00778228041212,0.06117818380721973,84.58185435146274,0.4959973314242416,0.4959973314242416,0.7573314323482938,0.7573314323482938
1626156,MEM,G,lottery,18744.85,0,24.111667416648743,57.97983387195809,1397.990471193199,0.47685393420904876,666.6372561752388,0.11163580093670028,156.0657859535278,0.1854173135988312,259.2116376054072,0.03388923394508025,47.37682613125929,0.013177128569187813,18.421500177412234,0.07882505606682544,110.19667727269163,0.06616681230607095,92.50057311311609,0.4148864546944512,0.4148864546944512,0.825239835340103,0.825239835340103
201143,GSW,C,undrafted,28289.76,0,24.047787324152704,57.140744151168114,1374.1084628911133,0.3630107365307342,498.81612518721806,0.21341243398983045,293.2518316316171,0.07712096613326146,105.9725722300535,0.022603355907438255,31.059462642150745,0.029359574194717897,40.343239367841406,0.06465672960810469,88.84535933735907,0.03543389037840126,48.69000864211716,0.4440131049852407,0.4440131049852407,0.8177636558904685,0.8177636558904685
1641710,ORL,G,lottery,3050.8500000000004,0,24.01718018374298,64.34200621159579,1545.313556567406,0.4207732969792844,650.2266800636513,0.125746975159713,194.31850541164937,0.12497695779993416,193.1285871467909,0.039073612148932596,60.38098255780243,0.017258962932960833,26.670509392598735,0.037636742272839696,58.160568059252746,0.06677661743101776,103.1908121778671,0.43411545848844024,0.43411545848844024,0.7525313662289226,0.7525313662289226
1630165,SAC,G,lottery,5640.76,0,24.002709221751257,55.342952729144585,1328.3808018307825,0.3522351791718642,467.9024497413303,0.11753511548280499,156.1313909483221,0.16378822427516473,217.57313269308335,0.03111053481882055,41.326637188009315,0.01725375192731158,22.919552819791566,0.044462038631802064,59.062518528744455,0.05662306945502655,75.21699840478826,0.4117493235385048,0.4117493235385048,0.7712588801505721,0.7712588801505721
1630202,BOS,G,late_first,7009.02,0,23.94416675933576,67.19485988868055,1608.9249305447688,0.46775310427365857,752.5796308055961,0.13104706218146903,210.84488541841606,0.13489607270235637,217.0376544034008,0.02988970819086872,48.090296674996864,0.006617551303393418,10.6471432711887,0.0956560821322034,153.90345530074006,0.04108585981795789,66.10406415398,0.45061070898847094,0.45061070898847094,0.8266903351301822,0.8266903351301822
1629638,ATL,G,late_first,7941.52,0,23.84887092147388,63.00890007471301,1502.6911247858764,0.3712740643975842,557.9102414334297,0.12203061620151177,183.37432391816333,0.11024457511897356,165.6635445870714,0.028175774540766682,42.339486336377945,0.016840245060934653,25.305686792285695,0.06266734443686586,94.1696622991779,0.04851009782943477,72.89569347078624,0.4313805894741591,0.4313805894741591,0.7745291810195128,0.7745291810195128
1630174,IND,G,lottery,6174.96,0,23.780397018641146,56.27265327810356,1338.186036245641,0.457528049912738,612.2576475839246,0.15316160536186568,204.95872158421415,0.0623562542883641,83.4442687612712,0.031204681984433335,41.7576696970546,0.01594131630460425,21.332446878196368,0.07210373033938974,96.48820510139252,0.03638720098035705,48.6928442499775,0.4713003132112097,0.4713003132112097,0.8349842162549842,0.8349842162549842
1630583,DAL,F,late_first,5319.14,0,23.586268500850014,60.832579932446095,1434.813563886094,0.45409399424202396,651.5402222176698,0.24047809951854093,345.0412390067525,0.1024120797034417,146.9422410642819,0.031088095125191166,44.605620561005445,0.023506683987500054,33.727709027249134,0.059496343195470834,85.36616021848367,0.04359552047915607,62.55144410816712,0.4697880077286429,0.4697880077286429,0.7178868266701607,0.7178868266701607
1642274,NOP,C,late_first,1955.6699999999998,0,23.404811231675197,53.81676559909088,1259.5712399460335,0.37549166890928115,472.95850699746876,0.3095164804562453,389.8580570720051,0.04915864968691074,61.918821340214855,0.024151762033640743,30.420864851594406,0.04993029777774857,62.89076708279345,0.004307148806507436,5.42516076284465,0.0484770449900807,61.0602916670756,0.5233266970533167,0.5233266970533167,0.6486254968792801,0.6486254968792801
1629640,SAS,F,late_first,10599.69,0,23.38541819059517,66.20228597511111,1548.1681427013468,0.5148553553059042,797.0826591837837,0.1889474879904739,292.522481550297,0.07275835146347863,112.64216185122552,0.026834825555724622,41.544822040320824,0.013119616777596006,20.311372739524238,0.05295404681381644,81.98176830426637,0.04382694073754838,67.85147344193227,0.46562667825977033,0.46562667825977033,0.7821453142940133,0.7821453142940133
1631108,DAL,G,second_round,3583.59,0,23.383519611317162,60.147496249407425,1406.460158119644,0.36340507561769353,511.1147601147424,0.13146998520026681,184.9072961727545,0.07679770263172361,108.01290898663939,0.029298090350078226,41.20659678637463,0.013925058221115772,19.585039587495736,0.05525507744391838,77.71406495868662,0.042813188891395876,60.21504441779882,0.4207337851211327,0.4207337851211327,0.7974726840879802,0.7974726840879802
1642273,WAS,F,late_first,1802.0,0,23.279145152905166,55.87503086478486,1300.722953924383,0.36506333048085865,474.84625359253573,0.16611667987462247,216.07177854263006,0.07871241838607507,102.38304935366749,0.03439461362932787,44.737863439027194,0.02056883118075508,26.754350852203704,0.053480603896807935,69.56344907831588,0.05921197337424276,77.01837291503696,0.40184270948399,0.40184270948399,0.7658063067867191,0.7658063067867191
1642268,UTA,G,late_first,1838.8999999999999,0,23.177592378128118,58.31323178889197,1351.5603166542408,0.373446810599121,504.73588958686423,0.131763288422608,178.08603182386415,0.1856911536440226,250.97279441900648,0.035378186874951256,47.81575345536202,0.01007688926395673,13.619523644483078,0.03201551083937019,43.270893967906446,0.0826930569948573,111.7646542970765,0.42709181469890656,0.42709181469890656,0.710686874878844,0.710686874878844
1630228,ATL,F,lottery,5672.51,0,23.17072889959852,52.90803241870236,1225.917675784922,0.5894383006405441,722.60283153987,0.18519141735393374,227.02943193784992,0.09073070435170462,111.22837420117064,0.03248679688920913,39.82613853611609,0.01914470352187837,23.46983044513254,0.037804597154748154,46.345323877934135,0.06452455024560845,79.10178666816373,0.45891118085129146,0.45891118085129146,0.7030280022923145,0.7030280022923145
1628960,CHA,G,late_first,10228.01,0,23.099649874004953,58.50408035018873,1351.4237722900127,0.4135955263856262,558.9428264703364,0.1214176684049847,164.08672345852233,0.08840950330762237,119.47870446627338,0.032725691475557525,44.22627742469707,0.012067680197120565,16.30854989478216,0.0876904762732739,118.50699423913568,0.04549636433921512,61.48486832078291,0.44294606891414035,0.44294606891414035,0.8495163590047297,0.8495163590047297
1628997,DAL,F,undrafted,7559.73,0,23.063115234068462,54.86769903680873,1265.420065514107,0.3062672405071599,387.556711547395,0.15504411846812405,196.1959385495105,0.07280460726636306,92.12841089672997,0.03357336499406251,42.484409730315605,0.018141296923510845,22.95636114145996,0.034672069307767846,43.87473221494524,0.04454709577883167,56.37078885891236,0.4300653987365539,0.4300653987365539,0.7240529483822248,0.7240529483822248
1627747,MIL,G,late_first,14550.58,0,23.021793889465037,59.37716711001601,1366.968902947111,0.4389387923914563,600.0156794962787,0.12978343663030525,177.40992199123428,0.1426340490478341,194.97630954982222,0.034519682215162086,47.18733212774301,0.017006708563311643,23.247641747531354,0.05895460433371017,80.58911080973279,0.05105318463889752,69.78811579779004,0.4404844225945731,0.4404844225945731,0.7582685783816145,0.7582685783816145
1628989,DET,G,late_first,13566.72,0,23.01327517409016,60.5830608531803,1394.2146503028878,0.40678336585588337,567.1433281757921,0.12922074904643827,180.16146144365715,0.09844181166913132,137.24901603146066,0.03403341479750501,47.44988551051657,0.013440857226986779,18.739440058494413,0.08125794677751776,113.29101985074759,0.04139794106024001,57.71761591856208,0.42598999729095904,0.42598999729095904,0.7745965896484239,0.7745965896484239
1641722,NOP,G,lottery,2480.92,0,22.979123730487622,59.052021156533975,1356.963700691367,0.46183290438195734,626.690487031183,0.12722531389828942,172.64013276904362,0.07010810529258227,95.13415400628244,0.02601504291745743,35.30146891091777,0.013521327300900584,18.34795033248927,0.07782401310202074,105.60436082157149,0.04693510960516116,63.68924002217441,0.39653689825885824,0.39653689825885824,0.814950122282912,0.814950122282912
1641709,DET,G,lottery,2910.0600000000004,0,22.942009569844497,60.738298578472566,1393.45862724339,0.4402791713836546,613.5108097601246,0.22132570510877103,308.4082132145434,0.10509050955145553,146.4392771758796,0.05282270752288389,73.60625751211688,0.03197960784325891,44.56226044504951,0.018431195078063477,25.68310779193346,0.06833697894216448,95.22475286670897,0.508703043514542,0.508703043514542,0.6490191190903506,0.6490191190903506
1628978,MIN,G,late_first,10612.13,0,22.92475268681282,61.247155696238686,1404.0758971069909,0.433177792744947,608.2144979551877,0.13586876676805112,190.7700605886719,0.1279227171984614,179.61320391079357,0.04823953304034291,67.73196562964179,0.01201553112046692,16.87071763718656,0.10043125899298025,141.01311006815328,0.05653699261056557,79.38222861941117,0.42774629092415983,0.42774629092415983,0.8009265583775765,0.8009265583775765
1630533,LAL,F,lottery,4487.0199999999995,0,22.747907742814398,57.81097239310547,1315.0786665207534,0.41027677924569983,539.5462397548645,0.183354663462706,241.12580632689694,0.06334275027056077,83.30069955956616,0.03416717971778638,44.93252914204144,0.016409633084628242,21.579958395027745,0.060498386094447826,79.56013691174414,0.04729804812020636,62.20065405095541,0.42874251343939224,0.42874251343939224,0.8033572312394557,0.8033572312394557
1630541,GSW,G,lottery,4229.59,0,22.596121893177358,64.54637424519387,1458.4977402070444,0.45484749011910963,663.3940364775674,0.1351139723923932,197.06342340470246,0.06826640865411272,99.56640275407403,0.033378884239042776,48.68302723327642,0.016521878317415944,24.09712218992692,0.0716391426861028,104.48552771805096,0.038590022465649645,56.283460560689086,0.4344550113187824,0.4344550113187824,0.7974165365172557,0.7974165365172557
1630230,DAL,F,undrafted,6403.17,0,22.58711566352402,59.82327941658825,1351.2353315537946,0.44797432181223434,605.3187312615407,0.1673788328853247,226.1681927488889,0.10165530787651614,137.36024364272734,0.033847791840001584,45.736332229288365,0.009542635408120866,12.894346119589178,0.04046685498830422,54.680244217060576,0.05583329979951001,75.44392736633333,0.47442132384366614,0.47442132384366614,0.7967275896481106,0.7967275896481106
1629622,CLE,G,undrafted,7883.7699999999995,0,22.52974090405825,56.99041748251742,1283.9793398952293,0.3624528909236765,465.38202363129966,0.15590144032225145,200.1742284336799,0.1262525071628322,162.105610807051,0.025009952130626744,32.11226182749341,0.011806793888024842,15.159679422625164,0.08174205419812784,104.95510879099224,0.04610277081445452,59.195005237684356,0.4259062993385897,0.4259062993385897,0.8029064138877782,0.8029064138877782
201566,SAC,G,undrafted,35689.840000000004,0,22.40321702948586,61.90737640693787,1386.9243893707016,0.4431074786995123,614.5565693209122,0.17564906802430072,243.61197641313612,0.2041979932346074,283.20717707763055,0.04405184606685535,61.0965797069255,0.017598245752830304,24.407436244739714,0.041064997233169996,56.95404621212385,0.10102188414562244,140.10971498174516,0.4432700180108245,0.4432700180108245,0.7028378515628401,0.7028378515628401
201144,BOS,G,undrafted,30138.23,0,22.351855429326513,61.26133334883428,1369.3044664209228,0.32021241238254944,438.46828647884337,0.1043555040511915,142.8944577929032,0.17866947737908048,244.65291338826694,0.038393309516995565,52.57213020230295,0.008534546283336766,11.686392344649121,0.06909218862983353,94.60824248562795,0.04617769157264425,63.23131931942958,0.410588940742671,0.410588940742671,0.8596815925493815,0.8596815925493815
1627739,LAC,G,lottery,9496.55,0,22.125857666915994,57.96688950660752,1282.5671466170443,0.2945628523559608,377.79663704556236,0.14738913486308636,189.0364621437034,0.13829237577720932,177.36925779946742,0.05501407642262542,70.5592470211387,0.016251882298705285,20.844130307006488,0.03990215053018659,51.1771873493852,0.04444331319861788,57.001533395358955,0.4394296409086322,0.4394296409086322,0.7150707383373903,0.7150707383373903
1631212,DEN,G,late_first,3329.87,0,21.958812722275145,60.92851493700048,1337.9178489479373,0.3640122990918149,487.0185521915141,0.15964710440833213,213.59471052076248,0.06491643410904102,86.85285588453867,0.029821701492050285,39.89898671221141,0.045450645937377604,60.80923044583055,0.034717321829329226,46.44892454312942,0.03957519146538839,52.9483550370752,0.47403985645356683,0.47403985645356683,0.7036433466799202,0.7036433466799202
1631106,HOU,F,late_first,3667.58,0,21.87880536009043,56.935818285334555,1245.6876862823124,0.44590784666459676,555.4619138067496,0.26522891339777993,330.3923914656523,0.05867296447785285,73.08818936774081,0.056910917165819676,70.89322872849425,0.03414448654733291,42.533366446444674,0.044273975022966684,55.151545508880254,0.04465097192584843,55.62116590856662,0.48389908833146195,0.48389908833146195,0.7332460869668216,0.7332460869668216
203903,NYK,G,second_round,20823.45,0,21.820470057123693,54.032404672785965,1179.0124682769165,0.5509819155783775,649.6145482620065,0.11813406361734398,139.281533933067,0.14538597487925345,171.4118770952344,0.030376599408296266,35.8143894462345,0.009130820701387921,10.765351452537338,0.0773370962209673,91.18140070485204,0.0811818814154957,95.71445038704752,0.4101059190570121,0.4101059190570121,0.8326854965017091,0.8326854965017091
1626220,CHA,F,undrafted,15717.119999999999,0,21.75756731606096,56.51064881599245,1229.5342456882363,0.3331564522406,409.627267201815,0.17641036294100645,216.90258253025837,0.09254192356329242,113.78346418293117,0.03345192360571475,41.130285657372994,0.018987248295351537,23.345472010520304,0.08085412544642712,99.4129161415548,0.03695167364395779,45.43334818074152,0.42034742545498427,0.42034742545498427,0.7563402037316281,0.7563402037316281
203992,HOU,G,late_first,14300.87,0,21.74638272919665,50.68102253743618,1102.1289132061283,0.42435449782869367,467.6933615060705,0.1168028594319211,128.7318085250714,0.1038209949978731,114.42412038498478,0.0322997033090333,35.59843690486526,0.009794725497807112,10.795050168050507,0.07793865887654458,85.89844940434925,0.052846713279250265,58.243890672975965,0.41984014021575344,0.41984014021575344,0.8706102583979778,0.8706102583979778
1629130,DET,F,undrafted,11012.78,0,21.71551916299005,60.498060514333744,1313.746792422746,0.42051767036742893,552.4537406022954,0.09742393286317118,127.99037930420009,0.09675678969016151,127.1139221005719,0.024174912541767745,31.75971380884779,0.0065836482220318895,8.64924673413411,0.09424235510963382,123.81059173564681,0.04848459444129513,63.69648042916918,0.43012822672662887,0.43012822672662887,0.8796233386097528,0.8796233386097528
1630592,ATL,F,second_round,2695.44,0,21.71154194183354,59.22411694087476,1285.8468989298567,0.3731425629934106,479.80420748381573,0.15498302317596868,199.28443973759343,0.07262442792648925,93.38389543583109,0.02454333466545741,31.558970768976064,0.009601548753342959,12.346121689409875,0.05716060449585323,73.4997860319489,0.0376395318819589,48.39867534758832,0.4217513535892029,0.4217513535892029,0.8055616501373071,0.8055616501373071
1642377,MEM,F,second_round,2043.73,0,21.62186080818043,53.464877533134626,1156.0101401478498,0.40722305465090536,470.7539804784286,0.14227832372988197,164.475184954982,0.06999151964096523,80.9109064293132,0.027562599202714057,31.86264416716849,0.011171913127756007,12.914844860536826,0.058284486624936925,67.37745755173881,0.04044517754237572,46.755035359066426,0.4277545448197977,0.4277545448197977,0.8085311136220853,0.8085311136220853
1630540,NYK,G,second_round,4054.3599999999997,0,21.61401502401375,59.032220102497476,1275.9232921962669,0.38002131218339263,484.8780437457796,0.09718955391169337,124.00641559409438,0.1058106935348404,135.0063284445438,0.03762043692310721,48.00079173279295,0.009443818339002815,12.049587786003952,0.06651877210468288,84.87285069666018,0.03943890856303109,50.32102205437017,0.42128888774607026,0.42128888774607026,0.8161678423097064,0.8161678423097064
1641824,CHI,F,lottery,1511.2,0,21.44730060763825,63.44032225743666,1360.6236621006879,0.44005891470603264,598.7545720673763,0.19552137795274807,266.03101328904074,0.05554164294925915,75.57127362870983,0.025394777303510307,34.55273489293363,0.03884307019718309,52.850800418925346,0.05555062293893752,75.58349201515165,0.05047980024613107,68.68401067300206,0.4386319234795881,0.4386319234795881,0.7900705651294317,0.7900705651294317
1629645,MIL,G,late_first,7409.4400000000005,0,21.267782518563646,64.8482876587161,1379.179278626829,0.4845358546280802,668.2618104547897,0.17172174551913152,236.83507310961573,0.16196737384078713,223.38204581481872,0.046121347666303256,63.60960700370931,0.010190122661178283,14.054006020962769,0.04807024266069159,66.29748259618925,0.08622847329146406,118.9245235912142,0.4396409252305649,0.4396409252305649,0.7671065415062209,0.7671065415062209
1627884,LAC,F,undrafted,10086.779999999999,0,21.176211234957638,60.16936457496002,1274.1591741125305,0.38314694452357834,488.19019439790213,0.14669966964080577,186.91872991211017,0.044170487447856566,56.28023180670882,0.03483481120256994,44.38509427223244,0.021119481866543822,26.90958157276004,0.045622308621622844,58.13008307443394,0.0383997832250679,48.927436080152724,0.4777364499557687,0.4777364499557687,0.7209792972048911,0.7209792972048911
1626171,MIA,F,late_first,14907.220000000001,0,21.09393385554464,56.96846204949958,1201.688970324249,0.5005202906883676,601.4697127436983,0.30662741842613445,368.4707867216842,0.07146855028304866,85.88296860020357,0.02975159488244687,35.75216341979178,0.01926072394339127,23.145399523233465,0.05518994775922675,66.32115149503429,0.04681920359747148,56.26212056244688,0.46907917466191,0.46907917466191,0.8029200232046815,0.8029200232046815
1630598,ATL,G,second_round,5478.02,0,20.895419807872692,59.95601074968245,1252.8060146199427,0.47903328246910815,600.1357774804327,0.16028245276619132,200.80282086352136,0.07552806441049509,94.62201336607069,0.03482797188313639,43.632692652207524,0.012379481081072962,15.509088356241998,0.06828192195787575,85.54400251863628,0.04249376905268683,53.236449453076844,0.47463139522119985,0.47463139522119985,0.8231542061597644,0.8231542061597644
1642275,CHA,F,lottery,1244.3999999999999,0,20.887669792006726,60.23722115580061,1258.2151846904449,0.362483638490244,456.0824181502668,0.19779364086213402,248.8669623679455,0.06166805695232897,77.59168566777547,0.029416267910608605,37.01199496205001,0.01831927742161317,23.04959302443051,0.042520811849950324,53.5003311349729,0.04737823901393939,59.612019751231784,0.42321964830381364,0.42321964830381364,0.736205493046512,0.736205493046512
1627741,ATL,G,lottery,20179.9,0,20.836974549261175,62.07575905879254,1293.4710116341291,0.45383605804167415,587.0237851112096,0.1372433434001144,177.52028622779616,0.083665019569343,108.21827750074729,0.034610553316165915,44.76774741107809,0.013798669621364919,17.848179154352007,0.09846817558756815,127.36573069101884,0.04860425160584558,62.86819049433283,0.4253240641024942,0.4253240641024942,0.8379971462401451,0.8379971462401451
1630191,MEM,F,late_first,7540.29,0,20.78012050412092,60.67778771637623,1260.8917406697662,0.32861575759892014,414.3488946104164,0.25757461329544173,324.77370251043146,0.06876904625486234,86.71032243649304,0.020625525016363076,26.00655414010985,0.044687793474947994,56.3464697013182,0.028823196134335677,36.34292994548859,0.04878856554290347,61.517099332172535,0.5252016640773786,0.5252016640773786,0.7383384080881853,0.7383384080881853
1630544,CHA,G,late_first,3856.32,0,20.727476145176322,49.2376569504909,1020.5723598856753,0.4929082095663465,503.04849464414923,0.12447226154829667,127.03294970865213,0.13784780983575098,140.68366458914417,0.03094102410978275,31.577553993000556,0.010992364010167737,11.218502878579253,0.06174218150859431,63.0123638867158,0.0689773133437479,70.39633945780248,0.42151546565199655,0.42151546565199655,0.8274288328135946,0.8274288328135946
1628379,PHX,G,lottery,10758.93,0,20.629410347882814,62.57914903584898,1290.9709446818438,0.39272583477766615,506.9976419238894,0.11744108485792366,151.6130282634943,0.14291497304516596,184.49907776129814,0.030774723183732578,39.72927346082548,0.006113542431543156,7.892405648201804,0.07972276204311228,102.9197694274425,0.04973779830544092,64.21005246477007,0.44971447454978475,0.44971447454978475,0.8777483242841696,0.8777483242841696
1631107,MIA,F,late_first,2256.05,0,20.58655239139097,54.29294530958645,1117.704563098726,0.4228994573128664,472.6766531705657,0.16710495878494605,186.77397495035876,0.09881246717870656,110.44314545668344,0.03227239446466546,36.07100255527866,0.01474295315168966,16.47826601119428,0.055969322246008646,62.55716686790691,0.05128349628476962,57.31979780914357,0.4401730052245542,0.4401730052245542,0.8122969482485679,0.8122969482485679
1631109,PHX,C,late_first,2507.46,0,20.516108381182057,48.57665073809145,996.6038313375116,0.5227338437157212,520.9585514168717,0.3619877667149406,360.75839520541916,0.07554902083078967,75.29244361376246,0.028230706696812543,28.134830455408927,0.04560039572350316,45.44552908854993,0.004098751848616671,4.084831796033082,0.05608568080421523,55.89520437265362,0.5996565545093107,0.5996565545093107,0.7469621358778002,0.7469621358778002
1641726,DAL,C,lottery,2126.83,0,20.47010881436816,54.830513871598086,1122.3865852993356,0.38860547609387963,436.1655733416321,0.3154845010900731,354.09557189335163,0.08097228382392216,90.88220514502062,0.02670531108141103,29.97368291402143,0.05652921164105122,63.447628823462935,0.002736701746139882,3.071637327832671,0.05308188053162573,59.57839063115868,0.6223383869082071,0.6223383869082071,0.5954925046935348,0.5954925046935348
1629599,PHX,G,undrafted,5955.139999999999,0,20.42642645495927,57.17700970205938,1167.9219835936085,0.3739508502562476,436.74541879779315,0.1015075800400831,118.55293423020085,0.05764911412199097,67.32966771777,0.02373202424008714,27.71715282517417,0.00746970417691673,8.724031719162051,0.057183935137885965,66.78637495592803,0.03378740843143143,39.46105707572481,0.44454147421625617,0.44454147421625617,0.8391222985099605,0.8391222985099605
1630577,SAS,F,undrafted,3720.1899999999996,0,20.12870394470164,63.80601803614478,1284.3324469398515,0.406836316351992,522.5130816843495,0.1638393331513874,210.4241716513149,0.06367016618887651,81.77366033842677,0.030519764487972594,39.197523804865824,0.01975714217635237,25.37473875589318,0.07963791153348028,102.28155378897415,0.037983073169456955,48.78289330602407,0.42397788705393036,0.42397788705393036,0.8332285662688039,0.8332285662688039
1631165,BKN,G,undrafted,2997.57,0,20.035446245846813,59.047993240959244,1183.052894504365,0.3402971815831271,402.58956566359603,0.12146940510880483,143.70473130769486,0.0754680089978011,89.28264648733004,0.05233329652308617,61.913057930592316,0.02523903112692709,29.859108829196856,0.06595905328301421,78.0330489052376,0.038146776846785246,45.129654764601376,0.4602850359380346,0.4602850359380346,0.7758614628333131,0.7758614628333131
1641744,MEM,C,lottery,1415.7,0,19.980924243160846,57.99204918492144,1158.734741469573,0.41932098496146236,485.8817931020868,0.31461600196436856,364.5564916983733,0.05178363394255935,60.003495688786515,0.026601562169783384,30.824154263490723,0.05130434806821789,59.44813049509144,0.010600145004175845,12.282756280953684,0.06050301406450355,70.10694436016246,0.5447079017069612,0.5447079017069612,0.7066078302429878,0.7066078302429878
1626209,CLE,F,lottery,5235.72,0,19.89667946376993,54.77038769033923,1089.74884798109,0.43125679652791965,469.96159720031574,0.18771293426906832,204.55995387086728,0.07645351441850626,83.31512926167285,0.04213296625704771,45.91435144064388,0.012177546106896338,13.270466841226892,0.03945430943442636,42.99528825405558,0.06206418173439166,67.63437054594232,0.43371225396640617,0.43371225396640617,0.7754201205902631,0.7754201205902631
1642262,UTA,F,lottery,1059.5,0,19.8035656955909,59.42660825310698,1176.8587406065485,0.33856208070467886,398.439743915241,0.13903604277658746,163.62578220097294,0.06308881414497106,74.24662236101123,0.03154773219874748,37.12722438441062,0.017019821718633508,20.029925953139013,0.03816265358735512,44.91205243901873,0.04475546633571911,52.67086174711317,0.40496938075416533,0.40496938075416533,0.7338779944921381,0.7338779944921381
1630631,NYK,G,undrafted,4538.04,0,19.56799283692278,55.95185059711777,1094.865411696974,0.40788890128815514,446.5834498354823,0.107069925398624,117.22715795192876,0.16239086626088414,177.79614264455117,0.05193159508628527,56.85810723422627,0.01098803265833924,12.030416900212389,0.07728027462215727,84.61149969024342,0.054136888628294175,59.27260685601053,0.4068972790846532,0.4068972790846532,0.8003479144988815,0.8003479144988815
1642270,POR,C,lottery,1323.92,0,19.55953557011358,59.35457047796001,1160.9478325124724,0.3746974668960078,435.00421204083415,0.3177616202049186,368.9046642325517,0.05484220425256805,63.66893815722517,0.02777965627618202,32.25073174177502,0.07147314706180664,82.9765951642496,0.007361395613638441,8.54619628192037,0.06362204694728554,73.8618775034579,0.5319773367500509,0.5319773367500509,0.6535680582252155,0.6535680582252155
1641707,MEM,F,lottery,930.92,0,19.559157879847607,51.459846241430654,1006.5112571088247,0.35915412716695844,361.492672030638,0.27933026780267395,281.149058994614,0.05077271238142879,51.10330656585668,0.031025607298144176,31.22762300421982,0.030992855143651077,31.194657592027948,0.04358176879337599,43.865540895247015,0.03988170704218366,40.141387090674144,0.43782248179216554,0.43782248179216554,0.7206000210786034,0.7206000210786034
1630198,DET,G,second_round,5436.25,0,19.518270092860153,60.11445270267948,1173.330124335365,0.4354538145118087,510.9310783234495,0.12248813489302013,143.7190185436343,0.07691694683767925,90.24897079655085,0.03156882034278962,37.04064789792615,0.009457509565761135,11.096780874697417,0.10157209643574663,119.17760053995829,0.03444885938927506,40.419884470429615,0.4350185260206998,0.4350185260206998,0.8392604937312139,0.8392604937312139
1630167,IND,F,lottery,6238.21,0,19.469789666616034,64.50332163439289,1255.8661050197131,0.48279580190585414,606.3268832593741,0.19542712299139828,245.43029976641577,0.0741157421823917,93.07944845524551,0.02946875231953665,37.00880719532713,0.01945400281510075,24.43162274244311,0.06373673240847856,80.04480187651968,0.043421465434774605,54.53154666981849,0.508782566807009,0.508782566807009,0.7849135328384336,0.7849135328384336
1630171,CHI,F,lottery,8747.31,0,19.365021587347496,53.87654477525288,1043.320452624466,0.3395556482153594,354.2653525872427,0.12842804372251132,133.99160470624523,0.06969688188909727,72.71618235904691,0.0311959646087675,32.54738791567613,0.014954904409427667,15.602757637399696,0.051870358753740554,54.11740617274603,0.03201362512554566,33.40046985613428,0.44717238134090864,0.44717238134090864,0.7311273673072548,0.7311273673072548
1642276,MIL,C,late_first,1422.72,0,19.28546801600493,54.33234846575213,1047.8247685706974,0.4023331978088363,421.5746898823525,0.2977292449521924,311.9680771887595,0.04941178034592767,51.7748873056378,0.02735853024551662,28.666945622942876,0.04885325814829444,51.18965391316116,0.020352807710696953,21.32617602922494,0.04886126019239975,51.1980386531739,0.5187056331332709,0.5187056331332709,0.6927588894316485,0.6927588894316485
1631170,MIL,G,late_first,3481.6800000000003,0,19.27396371901684,61.90094942407638,1193.0766533723445,0.41796779105657517,498.66761337121005,0.17961280058241122,214.29183902169746,0.1177379071731808,140.4703482652423,0.039196299866408914,46.76419026919402,0.012951841264830549,15.452539431253864,0.03318028809253695,39.58662707537424,0.06448201378034502,76.93198520376343,0.45803342215014814,0.45803342215014814,0.7730160049352217,0.7730160049352217
203935,HOU,G,lottery,18726.28,0,19.170771714104177,50.87284068155723,975.2716151541256,0.4001729682963886,390.2773371314396,0.10718258914727434,104.5321368340633,0.15075956487543277,147.0315243359965,0.05139296675353376,50.12210169328115,0.013108314541193227,12.784167094537828,0.05849165811474185,57.0452538826072,0.07402262295970373,72.19216305185512,0.3963666978684406,0.3963666978684406,0.7881868268764136,0.7881868268764136
1628971,DEN,G,second_round,11375.21,0,19.145956165249157,53.103680986823385,1016.7207483870956,0.36568298534265214,371.79747853000856,0.16360431369526154,166.33990025960347,0.09491345816301766,96.5004822155106,0.034471247183542705,35.0476322342881,0.012494336596481416,12.703251254974862,0.03505924546738192,35.64546228948343,0.0458842393700677,46.651458191507864,0.4395139183833592,0.4395139183833592,0.7929947573336467,0.7929947573336467
1641729,UTA,F,late_first,2016.3900000000003,0,19.0789592021275,57.76645189734825,1102.1237790011678,0.4640198444014155,511.40730444322196,0.16359785312050854,180.30508411765285,0.08354203768814539,92.07366628231678,0.03148405341317512,34.699323926003174,0.012501329734522464,13.778012769551564,0.07549535192552356,83.20522256118112,0.06389104256380082,70.41583727474062,0.4361531155760744,0.4361531155760744,0.8436632853022784,0.8436632853022784
1631260,MIL,G,undrafted,2618.71,0,18.875746315390654,57.164540634853815,1079.0233672593413,0.34520467343488764,372.48390912337373,0.1060449395986989,114.42496780660154,0.07374936539247287,79.5772885790256,0.023717538734616208,25.591778508529437,0.0064797480933178105,6.99179960664408,0.08811860322917886,95.08203197453844,0.03236852449108349,34.92639428958536,0.41420896435009047,0.41420896435009047,0.8342501702726817,0.8342501702726817
1629216,ATL,G,undrafted,5830.25,0,18.743412845976124,54.6366731198586,1024.077720816156,0.31040855177815774,317.88248222681955,0.09098777436258854,93.17855259137434,0.08590188166661662,87.97020319096788,0.043789919488857444,44.844280944872104,0.006785632166445794,6.949014723310604,0.05786744214547847,59.26075826180236,0.03350044850269629,34.30706294896022,0.39348855355601264,0.39348855355601264,0.7282513086932678,0.7282513086932678
1642260,OKC,G,lottery,0.0,1,18.735700621712102,62.15686274509804,1164.5523719770072,0.4338899429770912,505.28756227093993,0.12971243395633775,151.056922638764,0.12223025201929533,142.34352991641774,0.03358044111676034,39.106182354557475,0.011791459076550636,13.731771636666855,0.048059612305507954,55.96793550667465,0.06918464646051935,80.56914413998845,0.4200805629377058,0.4200805629377058,0.7666792310591782,0.7666792310591782
1642848,WAS,G,lottery,0.0,1,18.735700621712102,62.15686274509804,1164.5523719770072,0.4338899429770912,505.28756227093993,0.12971243395633775,151.056922638764,0.12223025201929533,142.34352991641774,0.03358044111676034,39.106182354557475,0.011791459076550636,13.731771636666855,0.048059612305507954,55.96793550667465,0.06918464646051935,80.56914413998845,0.4200805629377058,0.4200805629377058,0.7666792310591782,0.7666792310591782
1642907,MEM,G,lottery,0.0,1,18.735700621712102,62.15686274509804,1164.5523719770072,0.4338899429770912,505.28756227093993,0.12971243395633775,151.056922638764,0.12223025201929533,142.34352991641774,0.03358044111676034,39.106182354557475,0.011791459076550636,13.731771636666855,0.048059612305507954,55.96793550667465,0.06918464646051935,80.56914413998845,0.4200805629377058,0.4200805629377058,0.7666792310591782,0.7666792310591782
1643415,MIL,G,lottery,0.0,1,18.735700621712102,62.15686274509804,1164.5523719770072,0.4338899429770912,505.28756227093993,0.12971243395633775,151.056922638764,0.12223025201929533,142.34352991641774,0.03358044111676034,39.106182354557475,0.011791459076550636,13.731771636666855,0.048059612305507954,55.96793550667465,0.06918464646051935,80.56914413998845,0.4200805629377058,0.4200805629377058,0.7666792310591782,0.7666792310591782
1643408,UTA,G,lottery,0.0,1,18.735700621712102,62.15686274509804,1164.5523719770072,0.4338899429770912,505.28756227093993,0.12971243395633775,151.056922638764,0.12223025201929533,142.34352991641774,0.03358044111676034,39.106182354557475,0.011791459076550636,13.731771636666855,0.048059612305507954,55.96793550667465,0.06918464646051935,80.56914413998845,0.4200805629377058,0.4200805629377058,0.7666792310591782,0.7666792310591782
1643412,ATL,G,lottery,0.0,1,18.735700621712102,62.15686274509804,1164.5523719770072,0.4338899429770912,505.28756227093993,0.12971243395633775,151.056922638764,0.12223025201929533,142.34352991641774,0.03358044111676034,39.106182354557475,0.011791459076550636,13.731771636666855,0.048059612305507954,55.96793550667465,0.06918464646051935,80.56914413998845,0.4200805629377058,0.4200805629377058,0.7666792310591782,0.7666792310591782
1643413,LAC,G,lottery,0.0,1,18.735700621712102,62.15686274509804,1164.5523719770072,0.4338899429770912,505.28756227093993,0.12971243395633775,151.056922638764,0.12223025201929533,142.34352991641774,0.03358044111676034,39.106182354557475,0.011791459076550636,13.731771636666855,0.048059612305507954,55.96793550667465,0.06918464646051935,80.56914413998845,0.4200805629377058,0.4200805629377058,0.7666792310591782,0.7666792310591782
1643411,SAC,G,lottery,0.0,1,18.735700621712102,62.15686274509804,1164.5523719770072,0.4338899429770912,505.28756227093993,0.12971243395633775,151.056922638764,0.12223025201929533,142.34352991641774,0.03358044111676034,39.106182354557475,0.011791459076550636,13.731771636666855,0.048059612305507954,55.96793550667465,0.06918464646051935,80.56914413998845,0.4200805629377058,0.4200805629377058,0.7666792310591782,0.7666792310591782
1642844,SAS,G,lottery,0.0,1,18.735700621712102,62.15686274509804,1164.5523719770072,0.4338899429770912,505.28756227093993,0.12971243395633775,151.056922638764,0.12223025201929533,142.34352991641774,0.03358044111676034,39.106182354557475,0.011791459076550636,13.731771636666855,0.048059612305507954,55.96793550667465,0.06918464646051935,80.56914413998845,0.4200805629377058,0.4200805629377058,0.7666792310591782,0.7666792310591782
1642847,NOP,G,lottery,0.0,1,18.735700621712102,62.15686274509804,1164.5523719770072,0.4338899429770912,505.28756227093993,0.12971243395633775,151.056922638764,0.12223025201929533,142.34352991641774,0.03358044111676034,39.106182354557475,0.011791459076550636,13.731771636666855,0.048059612305507954,55.96793550667465,0.06918464646051935,80.56914413998845,0.4200805629377058,0.4200805629377058,0.7666792310591782,0.7666792310591782
1642845,PHI,G,lottery,0.0,1,18.735700621712102,62.15686274509804,1164.5523719770072,0.4338899429770912,505.28756227093993,0.12971243395633775,151.056922638764,0.12223025201929533,142.34352991641774,0.03358044111676034,39.106182354557475,0.011791459076550636,13.731771636666855,0.048059612305507954,55.96793550667465,0.06918464646051935,80.56914413998845,0.4200805629377058,0.4200805629377058,0.7666792310591782,0.7666792310591782
1642851,CHA,G,lottery,0.0,1,18.735700621712102,62.15686274509804,1164.5523719770072,0.4338899429770912,505.28756227093993,0.12971243395633775,151.056922638764,0.12223025201929533,142.34352991641774,0.03358044111676034,39.106182354557475,0.011791459076550636,13.731771636666855,0.048059612305507954,55.96793550667465,0.06918464646051935,80.56914413998845,0.4200805629377058,0.4200805629377058,0.7666792310591782,0.7666792310591782
1643414,BKN,G,lottery,0.0,1,18.735700621712102,62.15686274509804,1164.5523719770072,0.4338899429770912,505.28756227093993,0.12971243395633775,151.056922638764,0.12223025201929533,142.34352991641774,0.03358044111676034,39.106182354557475,0.011791459076550636,13.731771636666855,0.048059612305507954,55.96793550667465,0.06918464646051935,80.56914413998845,0.4200805629377058,0.4200805629377058,0.7666792310591782,0.7666792310591782
1642856,BKN,G,lottery,0.0,1,18.735700621712102,62.15686274509804,1164.5523719770072,0.4338899429770912,505.28756227093993,0.12971243395633775,151.056922638764,0.12223025201929533,142.34352991641774,0.03358044111676034,39.106182354557475,0.011791459076550636,13.731771636666855,0.048059612305507954,55.96793550667465,0.06918464646051935,80.56914413998845,0.4200805629377058,0.4200805629377058,0.7666792310591782,0.7666792310591782
1631124,DEN,G,late_first,1928.7,0,18.72436426056701,59.02187935315591,1105.1471683517304,0.4348999448765276,480.62844259661813,0.1129253882706907,124.79917308237353,0.07564365828025532,83.59737475219009,0.031772291396271565,35.113057868635565,0.010998675823043176,12.155155441454804,0.06444048978213687,71.21622480992718,0.04515126728556287,49.89879518813193,0.41805274083578015,0.41805274083578015,0.8071879152441315,0.8071879152441315
1629655,DAL,F,second_round,7489.85,0,18.718386398681623,53.16240747505339,995.1144850022097,0.5007761425745311,498.3295932194476,0.31122048399609836,309.70001165391585,0.06327196444854608,62.962848317293044,0.023438315449992548,23.323807208338668,0.07101907728091303,70.6721125137279,0.002607738900635541,2.594998753126165,0.05258031092576659,52.32342902815027,0.6405438515148086,0.6405438515148086,0.6634187726291277,0.6634187726291277
1626168,MIN,F,lottery,10620.81,0,18.7165513614042,52.53493132633801,983.2727404372479,0.3610813495501159,355.0414480929223,0.22283507185208568,219.10765176553133,0.05963408100247941,58.63656625076475,0.02068802179850762,20.341967888044106,0.01859270115231415,18.28169621416671,0.06658007308239969,65.46637091824338,0.038952828521405455,38.30125444802453,0.4492364126503464,0.4492364126503464,0.7588413892226196,0.7588413892226196
203114,WAS,F,second_round,23823.329999999998,0,18.712620366865615,48.21295318262843,902.1906896719911,0.48221171886129555,435.0469232073885,0.1597771538137216,144.1494605930293,0.1662641847677817,150.00199952339634,0.03498096656474356,31.559502350438855,0.011255640309138509,10.154733893201534,0.05602251873255973,50.5429948124901,0.06988506082703033,63.04965122530754,0.4445630206691992,0.4445630206691992,0.8407255565920497,0.8407255565920497
1630200,CHI,G,second_round,6443.45,0,18.696190192724696,48.79394151909451,912.2608108936771,0.36371526209606386,331.8031799341615,0.12892719005660266,117.61522294727958,0.19788670692893695,180.52428772807144,0.036110361333088,32.94206751138655,0.009561910587054204,8.722956305838904,0.02989957921540015,27.276214380420676,0.046650502487405966,42.557425227758465,0.48350355848370685,0.48350355848370685,0.8034131929226851,0.8034131929226851
1629611,BKN,G,second_round,9101.279999999999,0,18.67393559669432,55.4149162236662,1034.8145766569537,0.34810111506535435,360.2201080201682,0.13757088758847297,142.360359800187,0.07828302827654382,81.00841876541602,0.03097953613983556,32.05807557557273,0.01071749961443289,11.090624826330435,0.046936002029032795,48.57005906964349,0.037336783403053894,38.636647710963594,0.47034885395707254,0.47034885395707254,0.7545156845799064,0.7545156845799064
1629048,ORL,C,late_first,4605.01,0,18.61988770177156,59.46360600188501,1107.2056660974883,0.34509346285349396,382.08943740459165,0.3174603715647995,351.49392215795996,0.08821556832225429,97.67277708441004,0.03228513527956992,35.74628471226374,0.06278068551020213,69.51113071838029,0.0037074616273893362,4.104922520684489,0.05199352209060773,57.567522259085806,0.5810956804656201,0.5810956804656201,0.6247383424845938,0.6247383424845938
1641842,DET,F,lottery,1266.03,0,18.585174805294464,63.815903588645995,1186.0297235528042,0.4161611886610385,493.5795395410579,0.17326264368471161,205.49464539140652,0.06976629527923119,82.74489990332987,0.03312531138055381,39.28760389927879,0.01872527529244739,22.208733078551532,0.03399396433085251,40.31785211778488,0.0584144078075665,69.28122394350886,0.4513037618961778,0.4513037618961778,0.757280279275133,0.757280279275133
1641730,BKN,F,late_first,1412.1999999999998,0,18.480417043853727,49.72893958529883,919.0115426849288,0.39516327541472573,363.1596113513165,0.18003862804153617,165.45757729933024,0.04994518003072996,45.90019694971764,0.025567217765562575,23.496568240891182,0.02386088696897601,21.928430543189357,0.06514298767185911,59.867157595420544,0.04375124983288577,40.20790360331409,0.4189555649357951,0.4189555649357951,0.7737691292679196,0.7737691292679196
1642265,CHI,G,lottery,515.9699999999999,0,18.45514517497397,57.47315657540648,1060.6754482631363,0.4196139295817576,445.0741928565868,0.12025573436543505,127.55230495427047,0.1573839379540952,166.93327893887755,0.03519479144953493,37.33025119726306,0.009903370103363188,10.504261523700492,0.04526076435736144,48.00698152347653,0.07788855993404237,82.61448322261054,0.4197144823677046,0.4197144823677046,0.7341026352317649,0.7341026352317649
1630573,BOS,F,undrafted,4728.9400000000005,0,18.446727241070885,59.03214661742935,1088.9499071066246,0.3718240206467982,404.89773274334254,0.1519229846402568,165.4365200113688,0.05474261076239826,59.61196090448769,0.026801977733522817,29.18601116319349,0.012367758579977826,13.467869556784011,0.09765024485292846,106.33622506153559,0.026826829649562296,29.213073654856103,0.4329329430180293,0.4329329430180293,0.8743688712028852,0.8743688712028852
1630173,SAC,F,late_first,6395.77,0,18.408887555649372,55.47440051126412,1021.2220012289192,0.34910718065443685,356.5159336713098,0.2748382051721264,280.6708219000432,0.05430440637825477,55.45685455714982,0.03452753063621422,35.260273933807504,0.033064693923243654,33.76639289831657,0.016835323193574486,17.192602443077774,0.045173157339519744,46.13182214009319,0.5002271175288576,0.5002271175288576,0.6081663850273216,0.6081663850273216
203991,HOU,C,late_first,17403.87,0,18.365013026169294,51.15099787013776,939.3887421866377,0.3998579298039134,375.6220377318511,0.39703429793459205,372.9695497417312,0.05456532153444075,51.25804876324775,0.028189837160984388,26.481215673103264,0.04387024154416845,41.21121102360038,0.0007843595551908218,0.7368185359727768,0.04330116156984231,40.676623702314544,0.5666402064071044,0.5666402064071044,0.6031377923135279,0.6031377923135279
1629660,MEM,G,late_first,4139.02,0,18.31730031257842,59.13377869914946,1083.1711830498737,0.4919873598682635,532.9065306340909,0.11095290184212249,120.18098595114833,0.16011344319553206,173.4302676882932,0.03784604024449566,40.993740185383494,0.006242316836907055,6.7614977132047605,0.06883550604298591,74.56063651641777,0.06458957147603998,69.96156254838661,0.4482036263084337,0.4482036263084337,0.8271867483314891,0.8271867483314891
1641783,ORL,F,late_first,1628.74,0,18.268798687290502,57.25491437639659,1045.9785046004442,0.35233492100664615,368.5347537930474,0.16125434584305237,168.66857952523878,0.065541107553233,68.55458966838754,0.02633616342160968,27.547060832648214,0.01451491294606367,15.182286937729305,0.04602049002730206,48.13644333973706,0.0398359777259901,41.66757641112773,0.4277448202011606,0.4277448202011606,0.7921660116849464,0.7921660116849464
1628380,CHI,F,lottery,7137.09,0,18.2299434277028,53.458489939213294,974.5452473222776,0.4106161386322814,400.1640063779153,0.265596719333526,258.8360205308767,0.12036200168630375,117.29821670158329,0.02972085820338388,28.964321108447088,0.029380481312977012,28.63260842760274,0.03672073630323569,35.78601904249297,0.06370220496681533,62.08068109435948,0.4978773632767305,0.4978773632767305,0.800093882671812,0.800093882671812
1630188,CHI,F,lottery,4368.3099999999995,0,17.9419590458593,54.481393815000494,977.502936590071,0.5133786357588003,501.82912403683173,0.3177660386988007,310.61723597667185,0.06448180234935531,63.03115115311536,0.019589585500333708,19.148877353158476,0.03879169401075326,37.91899481081478,0.06228010945547219,60.878989883875114,0.04149385938428857,40.56036939859755,0.48502500079197025,0.48502500079197025,0.7776381713150584,0.7776381713150584
1642348,PHI,F,undrafted,1154.56,0,17.933733823282452,43.03157233766244,771.7167643009624,0.3795929068808611,292.93820984969466,0.15106618001091043,116.58030363332652,0.06379534661062719,49.23193846381158,0.033253838117848974,25.662544352894415,0.015442231060574952,11.91702858765472,0.051163706290140935,39.48388986787236,0.04542769216000046,35.05731160337575,0.42947866558589676,0.42947866558589676,0.7331430467437646,0.7331430467437646
1630590,MEM,G,undrafted,2241.09,0,17.906918309592434,56.36571673591523,1009.3362850516611,0.43271341945586317,436.7533552855821,0.14357223846928213,144.9126698131364,0.1677322520218003,169.2982481390329,0.051017634801738716,51.49394998290929,0.01850188966512174,18.674628581029697,0.0452165497522929,45.63870434983293,0.0741702202692101,74.86269458798793,0.4516619181431101,0.4516619181431101,0.7168921597862244,0.7168921597862244
1629731,PHI,F,undrafted,5515.83,0,17.885032707071762,55.037422427779084,984.3461002337539,0.2516048567513317,247.66625954304564,0.1869848339395127,184.0577920912154,0.056723159881184766,55.83522122197995,0.033124255477000465,32.60573170193197,0.01843319524461174,18.144643853880943,0.05491996254077994,54.06025095200058,0.027839475707867326,27.403679345591527,0.4190028104763534,0.4190028104763534,0.707846773604571,0.707846773604571
1642263,HOU,G,lottery,654.16,0,17.83281158843704,58.77093673565615,1048.051041682909,0.39527102758152266,414.2642122038887,0.1291610188106001,135.36734030927525,0.1144742912800554,119.97490022197482,0.03999404015308272,41.915795443546436,0.014404785054642056,15.096949981736007,0.060455541183321984,63.36049291268461,0.065203948064609,68.33706569095176,0.39889996563366825,0.39889996563366825,0.7743760374738293,0.7743760374738293
1641716,IND,F,lottery,1527.06,0,17.82281895715849,60.878677619792846,1085.0296495687842,0.41121440958124716,446.1798267255751,0.18612869740191512,201.95515531669423,0.09256651836608004,100.43741698455025,0.03977081779282388,43.152516492811664,0.023785113321313955,25.8075531719791,0.05818763114014685,63.13530502523121,0.061396818885613276,66.61736888009509,0.44100184872894804,0.44100184872894804,0.7294197875516025,0.7294197875516025
1641767,IND,G,late_first,2044.29,0,17.815572881257264,56.87788318903175,1013.3120732858324,0.31243948467735205,316.59870199476467,0.13555275986005527,137.35724813340917,0.07914306851361551,80.19662684173441,0.033535605163305365,33.982033596924026,0.010431096271890997,10.569955789913983,0.05562543819007189,56.36592809981467,0.03458462505065096,35.04501811388826,0.41663181099785057,0.41663181099785057,0.8308999049145095,0.8308999049145095
203994,UTA,C,late_first,14346.86,0,17.806457328919773,49.8878200084704,888.3253382136583,0.41284444955384986,366.74018527955525,0.3788632360637271,336.5538123130315,0.11760384046808627,104.47047135903784,0.03447804376136315,30.627719885258234,0.0331088546488171,29.4114345037773,0.023664667005732255,21.021923321580704,0.07798395289712098,69.275121332573,0.49343799276802847,0.49343799276802847,0.6760213823967808,0.6760213823967808
1642346,PHX,F,late_first,1410.4399999999998,0,17.598696363557004,55.50550821479639,976.8245855771206,0.3623480610565467,353.95049457623446,0.19145552174466868,187.0184606846874,0.05152528197180593,50.331162208853605,0.031001103746030177,30.282640319149248,0.02527566559327648,24.689891568338183,0.0484657879570958,47.34257323585871,0.043237711372352064,42.23565949260096,0.4274412660185138,0.4274412660185138,0.6545506529393021,0.6545506529393021
1631222,LAL,F,late_first,2569.1400000000003,0,17.588819616926273,58.39496788432507,1027.0985566535965,0.35863757417663766,368.3561347985717,0.18223877106290734,187.17717872503732,0.09832280585098621,100.98721197567973,0.03801837814340899,39.04862131740602,0.017991920662038058,18.47947574340531,0.04413320991481748,45.329156203999226,0.05864250415474301,60.23163137588908,0.4477192818972287,0.4477192818972287,0.7292103542271646,0.7292103542271646
1629637,UTA,C,lottery,6020.200000000001,0,17.537719341286234,54.1832944766106,950.2514115170612,0.34471068907148605,327.56181885519845,0.256545950092749,243.78315119462027,0.05450584411052908,51.794255301959154,0.029996906474156804,28.504602718212777,0.042913543239068784,40.77865503612355,0.0028222822704116546,2.681877711158251,0.04500281991017106,42.76399314188816,0.6364719024457404,0.6364719024457404,0.6071339678474799,0.6071339678474799
1642271,UTA,C,second_round,1521.36,0,17.452275143920705,49.8872057514694,870.6452409360274,0.4277724313446326,372.4380315538379,0.2537245638862987,220.90408405617504,0.08466767439190367,73.7155077704321,0.030735887504489523,26.760054181728915,0.026243657283977297,22.848915319050946,0.03583712042776773,31.201418349287266,0.06274923208537711,54.63232028752386,0.4880340877203213,0.4880340877203213,0.6982330246148608,0.6982330246148608
1629680,LAL,G,late_first,7270.79,0,17.35769342481166,46.240685682631586,802.631645832197,0.31910768991896094,256.125930357366,0.15815519534739517,126.94036473859241,0.08043006097277705,64.555712212964,0.07066404848076915,56.71720153328591,0.03183928121045314,25.55521468006015,0.056253216626497446,45.15061184428075,0.06005323282661361,48.200625101169,0.4388161270332443,0.4388161270332443,0.6472070804684538,0.6472070804684538
1627936,OKC,G,undrafted,9287.64,0,17.34515646816428,50.89178779110101,882.7260221812596,0.3441244055675237,303.7675676621107,0.15547606659219315,137.24276980731528,0.1289821585397533,113.85590774014902,0.059357080318170774,52.39603939755242,0.032477593035665484,28.668816510394773,0.056051561170535155,49.47817162911605,0.03581991366487719,31.619169904273186,0.42447990791104634,0.42447990791104634,0.7515117286514542,0.7515117286514542
1629001,GSW,G,second_round,8148.04,0,17.309681563509447,42.84662105469865,741.661366529193,0.4079169456496874,302.5362393409617,0.1592068645195363,118.07758070038739,0.12932391267175206,95.91454979703364,0.04886739973530314,36.24306246641325,0.015837286249760302,11.745903362111223,0.07780091153220936,57.70193036419524,0.0682265899218173,50.60102591504188,0.4149606985484849,0.4149606985484849,0.765933707897179,0.765933707897179
1642269,ATL,G,lottery,396.0,0,17.02508729223289,54.77582848806675,932.5632615137135,0.3958010572924925,369.10952489926296,0.14819101544799593,138.1974966932122,0.10808647476742556,100.79747543463007,0.038783733333566404,36.16828485122882,0.012647684385216747,11.794765800873796,0.04560617680214894,42.530644983783084,0.06163377990187041,57.47739880470664,0.40951972485121685,0.40951972485121685,0.7224768168027871,0.7224768168027871
1630551,WAS,G,undrafted,1890.44,0,17.017743064568364,50.866490429363424,865.6328647232325,0.3838675583465996,332.2883742058796,0.21768940879887194,188.43910655847438,0.0700082735905648,60.60146242252843,0.03840735312923755,33.246667115698706,0.026549855241617258,22.982427250788277,0.051868997874326056,44.89950922027612,0.044086246630153675,38.16250396535488,0.4688075402222318,0.4688075402222318,0.7149815907797702,0.7149815907797702
1642261,LAL,F,late_first,1493.6999999999998,0,17.0170457648709,57.007908436132475,970.1061868172362,0.40762532571014304,395.4398503748008,0.15839737742586257,153.66227581645413,0.05192343845747662,50.37124888842208,0.024557386994792544,23.823273055713383,0.013310022809589206,12.91213547426102,0.06724336651766306,65.23320588120393,0.03854178363341117,37.389622753743474,0.4335129590525554,0.4335129590525554,0.784686726376901,0.784686726376901
1630570,PHI,G,undrafted,3820.3599999999997,0,17.0022204663486,48.88501897876618,831.1538701786181,0.4543374518626405,377.62433148272527,0.16993624077043196,141.24316419995,0.12152979131749533,101.00995639553607,0.03191036519215829,26.52242352827543,0.014888853439447037,12.374928158718635,0.0361155977292213,30.0176188264564,0.0748435480113001,62.206504587491295,0.45877430032473204,0.45877430032473204,0.7687766395720881,0.7687766395720881
1642347,TOR,G,second_round,1467.0,0,16.871636717981914,53.82906477899545,908.1844258199267,0.36124858739751364,328.08034092387055,0.1094692508068694,99.41826868897422,0.17129669267106906,155.5689884783273,0.037453685395657375,34.01485376589527,0.00821098409437093,7.457087875162814,0.04427327210298347,40.20829620401742,0.0654487770887175,59.43956004093328,0.4159612356818907,0.4159612356818907,0.765170242219806,0.765170242219806
1642266,TOR,G,late_first,1103.44,0,16.861320457151386,54.341051938261025,916.2618907097266,0.4037537260691923,369.94415242925515,0.13827858614538063,126.69939878623425,0.08666914314576633,79.4116329649318,0.03442649066184357,31.543681424321537,0.01063441614258358,9.743910241397668,0.05571609992698866,51.050539062074684,0.053428015869990166,48.95405483790647,0.4178239166852248,0.4178239166852248,0.7914779672621035,0.7914779672621035
1630249,POR,G,second_round,2549.26,0,16.80143673175824,52.03150473493994,874.2040348622728,0.3341646660038423,292.1280993289627,0.1254741649813693,109.69002129768752,0.11679650937979594,102.1039797576469,0.03266274631959177,28.553904622269975,0.016065503478077982,14.04452796262965,0.06066978084635684,53.037767210094984,0.04431961125228881,38.74438298027827,0.45576326884810164,0.45576326884810164,0.7531718628218725,0.7531718628218725
200768,PHI,G,undrafted,31088.17,0,16.799587868839467,46.7890660123964,786.0370257761836,0.254563931206989,200.09667535583463,0.10184636361068534,80.05501273866284,0.14425620311640172,113.39071684738143,0.04071831050411961,32.00609968328931,0.013590964380239613,10.683001218873597,0.048791129946948064,38.35163466775834,0.04152403830405424,32.63943156673511,0.3731369828008111,0.3731369828008111,0.7696830999168802,0.7696830999168802
1643419,CHA,F,lottery,0.0,1,16.657095343680705,59.77272727272727,995.6400171336421,0.4142521925810048,412.44606011900044,0.19323004210421207,192.3875624313721,0.06166686082311238,61.397994366501536,0.02868245435936694,28.557399349795006,0.024913045648954052,24.80442519677582,0.035830185225249216,35.6739662315687,0.053936660620080214,53.7014977039081,0.4459030479509273,0.4459030479509273,0.730990990990991,0.730990990990991
1642865,GSW,F,lottery,0.0,1,16.657095343680705,59.77272727272727,995.6400171336421,0.4142521925810048,412.44606011900044,0.19323004210421207,192.3875624313721,0.06166686082311238,61.397994366501536,0.02868245435936694,28.557399349795006,0.024913045648954052,24.80442519677582,0.035830185225249216,35.6739662315687,0.053936660620080214,53.7014977039081,0.4459030479509273,0.4459030479509273,0.730990990990991,0.730990990990991
1642843,DAL,F,lottery,0.0,1,16.657095343680705,59.77272727272727,995.6400171336421,0.4142521925810048,412.44606011900044,0.19323004210421207,192.3875624313721,0.06166686082311238,61.397994366501536,0.02868245435936694,28.557399349795006,0.024913045648954052,24.80442519677582,0.035830185225249216,35.6739662315687,0.053936660620080214,53.7014977039081,0.4459030479509273,0.4459030479509273,0.730990990990991,0.730990990990991
1642846,UTA,F,lottery,0.0,1,16.657095343680705,59.77272727272727,995.6400171336421,0.4142521925810048,412.44606011900044,0.19323004210421207,192.3875624313721,0.06166686082311238,61.397994366501536,0.02868245435936694,28.557399349795006,0.024913045648954052,24.80442519677582,0.035830185225249216,35.6739662315687,0.053936660620080214,53.7014977039081,0.4459030479509273,0.4459030479509273,0.730990990990991,0.730990990990991
1643409,MEM,F,lottery,0.0,1,16.657095343680705,59.77272727272727,995.6400171336421,0.4142521925810048,412.44606011900044,0.19323004210421207,192.3875624313721,0.06166686082311238,61.397994366501536,0.02868245435936694,28.557399349795006,0.024913045648954052,24.80442519677582,0.035830185225249216,35.6739662315687,0.053936660620080214,53.7014977039081,0.4459030479509273,0.4459030479509273,0.730990990990991,0.730990990990991
1643410,CHI,F,lottery,0.0,1,16.657095343680705,59.77272727272727,995.6400171336421,0.4142521925810048,412.44606011900044,0.19323004210421207,192.3875624313721,0.06166686082311238,61.397994366501536,0.02868245435936694,28.557399349795006,0.024913045648954052,24.80442519677582,0.035830185225249216,35.6739662315687,0.053936660620080214,53.7014977039081,0.4459030479509273,0.4459030479509273,0.730990990990991,0.730990990990991
1642855,CHI,F,lottery,0.0,1,16.657095343680705,59.77272727272727,995.6400171336421,0.4142521925810048,412.44606011900044,0.19323004210421207,192.3875624313721,0.06166686082311238,61.397994366501536,0.02868245435936694,28.557399349795006,0.024913045648954052,24.80442519677582,0.035830185225249216,35.6739662315687,0.053936660620080214,53.7014977039081,0.4459030479509273,0.4459030479509273,0.730990990990991,0.730990990990991
1643407,WAS,F,lottery,0.0,1,16.657095343680705,59.77272727272727,995.6400171336421,0.4142521925810048,412.44606011900044,0.19323004210421207,192.3875624313721,0.06166686082311238,61.397994366501536,0.02868245435936694,28.557399349795006,0.024913045648954052,24.80442519677582,0.035830185225249216,35.6739662315687,0.053936660620080214,53.7014977039081,0.4459030479509273,0.4459030479509273,0.730990990990991,0.730990990990991
1643417,MIL,F,lottery,0.0,1,16.657095343680705,59.77272727272727,995.6400171336421,0.4142521925810048,412.44606011900044,0.19323004210421207,192.3875624313721,0.06166686082311238,61.397994366501536,0.02868245435936694,28.557399349795006,0.024913045648954052,24.80442519677582,0.035830185225249216,35.6739662315687,0.053936660620080214,53.7014977039081,0.4459030479509273,0.4459030479509273,0.730990990990991,0.730990990990991
1643516,DAL,F,lottery,0.0,1,16.657095343680705,59.77272727272727,995.6400171336421,0.4142521925810048,412.44606011900044,0.19323004210421207,192.3875624313721,0.06166686082311238,61.397994366501536,0.02868245435936694,28.557399349795006,0.024913045648954052,24.80442519677582,0.035830185225249216,35.6739662315687,0.053936660620080214,53.7014977039081,0.4459030479509273,0.4459030479509273,0.730990990990991,0.730990990990991
1642868,SAS,F,lottery,0.0,1,16.657095343680705,59.77272727272727,995.6400171336421,0.4142521925810048,412.44606011900044,0.19323004210421207,192.3875624313721,0.06166686082311238,61.397994366501536,0.02868245435936694,28.557399349795006,0.024913045648954052,24.80442519677582,0.035830185225249216,35.6739662315687,0.053936660620080214,53.7014977039081,0.4459030479509273,0.4459030479509273,0.730990990990991,0.730990990990991
1642867,TOR,F,lottery,0.0,1,16.657095343680705,59.77272727272727,995.6400171336421,0.4142521925810048,412.44606011900044,0.19323004210421207,192.3875624313721,0.06166686082311238,61.397994366501536,0.02868245435936694,28.557399349795006,0.024913045648954052,24.80442519677582,0.035830185225249216,35.6739662315687,0.053936660620080214,53.7014977039081,0.4459030479509273,0.4459030479509273,0.730990990990991,0.730990990990991
1641724,DAL,G,lottery,768.0,0,16.62879435990225,59.47402076157257,988.9812610007473,0.4068543846476139,402.3713623724803,0.11632377986584583,115.04203849609755,0.09415062622369073,93.11320504671569,0.02953103650046752,29.205641716891463,0.013770444345268602,13.618711413124352,0.06902055410664176,68.26003463535687,0.05773158549020928,57.09545621767962,0.3981207719982254,0.3981207719982254,0.7295502558856399,0.7295502558856399
1630241,CLE,G,second_round,2819.1000000000004,0,16.413177071326743,53.83364531271155,883.5811529125336,0.3598992770989216,318.0002181914526,0.11431105792722229,101.00309635398649,0.08453688218795656,74.69519582726569,0.03344792397432862,29.553955227768057,0.009060194609086917,8.00541719830894,0.08891770158773606,78.56600528322444,0.03446102562750863,30.44911275450244,0.40256510765171116,0.40256510765171116,0.8965614371771106,0.8965614371771106
1629004,UTA,G,second_round,5387.56,0,16.35759679101819,50.4589613409393,825.3873441086595,0.40402588676481327,333.4778536279552,0.11905005302773403,98.26240708455646,0.10168234651179738,83.92732193010885,0.029018374748171816,23.951399263743326,0.007550903765761359,6.232420404841844,0.08072898597062975,66.63268332288332,0.05446245684871578,44.95262261199399,0.39810532040395485,0.39810532040395485,0.7905320707957353,0.7905320707957353
1629006,UTA,G,late_first,7953.03,0,16.21758411279551,50.86911444246493,824.9741422140959,0.38692657015295795,319.2044153117787,0.18436952246605007,152.10008864685213,0.06182805528917452,51.00654687695244,0.056357743419280446,46.49368103444299,0.027983369090171118,23.08555591142436,0.05184777756793481,42.77307582481426,0.04214614654006754,34.769481089521804,0.4254642817326886,0.4254642817326886,0.7496534815148693,0.7496534815148693
1626204,IND,F,late_first,12587.4,0,16.18422989108614,38.858546890161264,628.8956561039203,0.36209537880785997,227.72021082756663,0.22386973841047442,140.7907060194683,0.07760518185065343,48.80556175703074,0.04091936524047507,25.734011050264517,0.02283105257035653,14.358349785777465,0.05608511603174789,35.27168584445059,0.04001219799701045,25.163497511489854,0.49143713567258196,0.49143713567258196,0.7373821958572457,0.7373821958572457
1628436,SAS,C,undrafted,5267.82,0,16.142439978759143,56.20627444317749,907.3064116286566,0.3138543308862612,284.7620467305267,0.27193312341641396,246.72666640991918,0.07187984798541684,65.21704694406188,0.025643918572533914,23.26689174014321,0.049981434246236314,45.34847575400632,0.0034998588120959137,3.175444340009676,0.038953275968876745,35.34255704050234,0.6663651322848207,0.6663651322848207,0.7179619408150981,0.7179619408150981
203914,DET,G,late_first,16666.82,0,16.02298665206136,47.443387866556435,760.1847705144036,0.22162865167946702,168.4787257163723,0.094082485566224,71.52007269958469,0.05655572757468679,42.992802787638404,0.03325181900213593,25.277526397325186,0.013510953985906784,10.270821455207216,0.04510336454813088,34.28689082844836,0.030401603915944094,23.110836296111753,0.39501414898578524,0.39501414898578524,0.7091977612373004,0.7091977612373004
1630549,BKN,C,late_first,2771.19,0,15.986839867802844,48.057749176569565,768.2915404928516,0.4242457212730828,325.94439874439774,0.3601253219863372,276.6812383993672,0.08906799454314258,68.43018673615991,0.034754715960890144,26.701754264983787,0.04513162919690229,34.674248920640224,0.012774664495770496,9.814666664734851,0.06597025722527826,50.68439055031871,0.5363105888489311,0.5363105888489311,0.7176666254450611,0.7176666254450611
201587,LAC,G,undrafted,30263.77,0,15.970968458078936,51.13735344484283,816.7130588972191,0.2013486003066612,164.4440312611268,0.1639171972001376,133.87331553118304,0.06536050461312262,53.380777653649176,0.03324775253182007,27.153873671720532,0.024821913265959873,20.27238071112355,0.05523346179522657,45.10988953626218,0.03156201444066267,25.77710935879181,0.4125924569775593,0.4125924569775593,0.76878167283575,0.76878167283575
203083,NYK,C,lottery,24216.73,0,15.915851791319142,41.68757776726811,663.4933092829301,0.39145576471542837,259.72828076891966,0.4281447304487314,284.0711640574769,0.051061921878462695,33.87924352548767,0.04849025964704835,32.17296284120864,0.028603408097749385,18.9781698955459,0.0013021798383787574,0.8639876102474328,0.06543740721712567,43.417281865385405,0.5130828820378384,0.5130828820378384,0.6048080350441515,0.6048080350441515
1631213,PHI,F,second_round,1380.8,0,15.852556211244377,51.15963422871812,811.0109773574558,0.3757626126374062,304.74760372945383,0.16932624461180398,137.32544313488677,0.07759398277272204,62.929571805562894,0.02756388989218061,22.35461728123069,0.012632899344060623,10.245420043884968,0.059212161518670585,48.021712984704564,0.04881557416309618,39.589966512278004,0.42455428813882606,0.42455428813882606,0.8019858658674203,0.8019858658674203
203500,HOU,C,lottery,19738.27,0,15.773766718281067,46.733727717098844,737.1669188851831,0.2955992345690547,217.90597697208855,0.3920010835193565,288.9702309376174,0.08106238326602262,59.75650730970372,0.031667314979740575,23.344097012981965,0.03569629768038901,26.314129776660675,0.0,0.0,0.07440888680295173,54.85176982220829,0.5620223657570463,0.5620223657570463,0.499643412513246,0.499643412513246
1629750,DET,G,undrafted,4429.32,0,15.765011757929145,53.3530814024818,841.1119556318763,0.2986954235487443,251.2362918393759,0.18591045663911585,156.37150775614188,0.05536372822856056,46.56709372139629,0.04783410863064698,40.233840656231095,0.024871618238775258,20.9198154565457,0.036286781042930205,30.52124536660472,0.03630590306122962,30.53732912481217,0.43596005931755955,0.43596005931755955,0.7303438185915341,0.7303438185915341
1630587,PHX,F,second_round,2051.26,0,15.705789766974387,40.89502273975481,642.2886296662259,0.2762470054901653,177.43031060567665,0.11918873382412645,76.55356851955072,0.05441580998874254,34.950656029847174,0.03376642847638987,21.68779307482308,0.014739314849555433,9.466894336940014,0.045572272226169774,29.270552278922793,0.03519235849482805,22.60365171236567,0.3899886079517001,0.3899886079517001,0.7532990794371923,0.7532990794371923
203937,TOR,F,late_first,15325.24,0,15.664649262709608,49.71385322381387,778.7500742488696,0.32896007836926866,256.17768545498194,0.19007659024846818,148.02215876896656,0.1448217318619243,112.77993444032343,0.03685043088324342,28.69727578642865,0.028030207404328836,21.828526097332297,0.024490045133320888,19.07162446593181,0.045110991104179356,35.13018767181977,0.46240784322420647,0.46240784322420647,0.728904266998251,0.728904266998251
1630692,PHX,G,undrafted,2709.6299999999997,0,15.594702301543588,37.9728399586318,592.1751346990217,0.31993164816570546,189.45556684700665,0.19593832208272066,116.0298022720354,0.11211939200956259,66.39431606563514,0.04897736237267401,29.00317616024103,0.01771236049605639,10.488819462589824,0.04766918693205406,28.228507192481956,0.05071974912600329,30.034974270591587,0.4230229920934177,0.4230229920934177,0.7645800709555648,0.7645800709555648
1631204,DAL,G,late_first,2161.67,0,15.573249128503548,51.84278848000531,807.3606605154365,0.42909440592550196,346.4339429914921,0.09818657992205405,79.27198201962126,0.15287106963902178,123.42208775746191,0.038269613868289636,30.89738073037303,0.007693106086813077,6.211111211664731,0.06493533044841687,52.42623128162198,0.06472398155035987,52.25559649568747,0.42724577067049346,0.42724577067049346,0.8266830830187638,0.8266830830187638
1629021,BKN,F,late_first,6050.75,0,15.57108217298805,48.532008382153585,755.6958905386582,0.5821197880742389,439.90553164893697,0.24431334169087612,184.62658831956213,0.0767515847597133,58.000857195244855,0.0346453050861035,26.18131468002649,0.020743684717452037,15.675917295608071,0.04398211852168537,33.23710622402184,0.06987340894797243,52.80304799990988,0.5406475676390465,0.5406475676390465,0.7568813114065348,0.7568813114065348
1631200,MEM,F,late_first,2389.02,0,15.524072936620483,56.472712835292924,876.686512983911,0.3230568173955559,283.21955473819,0.18313423566116252,160.55131446975838,0.06617634103686698,58.01590566564501,0.03383918066163663,29.666353296482814,0.017939782232188263,15.727565128827852,0.03232398255052438,28.337999547972004,0.04181579821610107,36.65934632571249,0.42918586749599,0.42918586749599,0.6124986789968233,0.6124986789968233
1629057,POR,C,late_first,4754.08,0,15.518959736305074,43.72460457173518,678.560377834619,0.3311131610272903,224.68027165269316,0.32966220022105225,223.69570713978902,0.059319953908943915,40.25217033758516,0.034342247648285855,23.303288539910906,0.0695712301469402,47.20828021492697,0.003708031718422734,2.516123403875682,0.04888879839877554,33.174001513353645,0.6105546053774269,0.6105546053774269,0.700924157225733,0.700924157225733
1631323,MIA,F,undrafted,3646.7699999999995,0,15.50815519056799,56.694693898882306,879.230111465615,0.36225567586275226,318.5060982678594,0.16694175107588474,146.7802144067151,0.05636592951912955,49.55862249396727,0.026478595350257192,23.280778341259545,0.012980260075090434,11.412635512674434,0.062014834369618896,54.52530973532167,0.04180115043011418,36.752830152060234,0.4135045169358549,0.4135045169358549,0.8088154452312533,0.8088154452312533
1641715,WAS,F,late_first,1707.02,0,15.491914342995798,51.79780367599313,802.4471377037985,0.5117509227967726,410.6530632155477,0.18894526126664302,151.61858408611408,0.05835268860609335,46.82494794928066,0.033289615304463574,26.71315651632736,0.019516958209280746,15.661327251721987,0.06846668740471618,54.94089733597521,0.05305478129638943,42.57365739278872,0.438551199738104,0.438551199738104,0.7591369260966342,0.7591369260966342
1629011,BOS,C,second_round,8119.7300000000005,0,15.379234031274667,47.055890381890066,723.683550733094,0.28558519054756487,206.67330473224897,0.3345988446136541,242.14367994119996,0.04430170561199988,32.06041562082431,0.047367191844834435,34.27885758252543,0.05270560406762519,38.1421786951916,0.0012009765255816705,0.8691269563800378,0.039708215276130596,28.736182224304272,0.607136763999131,0.607136763999131,0.6017539583922695,0.6017539583922695
1630702,LAL,G,second_round,2605.07,0,15.344150039906504,49.73726498845962,763.1760565575131,0.4754142690390007,362.82478707635715,0.10973893122239806,83.7501247811459,0.10817708792469893,82.55816337224711,0.030966214102583815,23.632673165325567,0.006735242065026644,5.140175479147315,0.07512821821688788,57.33605731495681,0.07124464980931507,54.37221089229405,0.41316610160630246,0.41316610160630246,0.7738721810379646,0.7738721810379646
1629013,NYK,G,late_first,8387.96,0,15.235731775253482,49.29359184688051,751.0239436178933,0.37232097800411584,279.621969192322,0.09777942175413791,73.43468693046988,0.054531491671385254,40.95445592641006,0.02998096816327896,22.516424943468273,0.00782909563560942,5.879838279217024,0.07952980817486589,59.72879017066236,0.033517033785601176,25.172094892036363,0.41795212230751555,0.41795212230751555,0.7656441178941856,0.7656441178941856
204456,IND,G,undrafted,14924.44,0,15.16695353573225,55.9614238402424,848.7643151783753,0.464506122037607,394.25622056741236,0.1448546921482742,122.94749358160433,0.23765119769546264,201.70985606331004,0.0526322788871385,44.67240014591937,0.01264106313970072,10.729283298894686,0.016722546289550676,14.193500549489162,0.07324735031649116,62.16973713000717,0.49259268574641213,0.49259268574641213,0.7666945820694995,0.7666945820694995
1642367,SAC,F,second_round,1285.83,0,15.07119789165486,48.779190378742385,735.1608311927332,0.3335255414989534,245.19491431237702,0.22706758748047864,166.93119634907734,0.08947125261604069,65.77576044106348,0.036976935308345206,27.183994496242985,0.023070849805717386,16.960785119493902,0.018412987176304324,13.536506957273025,0.057302241812541496,42.126363720114995,0.4571146311069486,0.4571146311069486,0.7167910715806304,0.7167910715806304
1629026,OKC,G,undrafted,7775.549999999999,0,15.058756519773402,52.95239966741388,797.3972937293156,0.3458879869738371,275.8101447464185,0.1921792282947432,153.24319655321656,0.08601376968992115,68.58714717419976,0.03533648627945569,28.177218529141058,0.010675838421053806,8.512884665239755,0.053199417546150714,42.42107157927645,0.03776867039268162,30.11663555887885,0.4544612704579359,0.4544612704579359,0.7043892693435682,0.7043892693435682
1631104,POR,G,late_first,2228.16,0,15.052567907398632,53.23297136904214,801.292916445114,0.345039570663479,276.4777638659091,0.11127434844555767,89.16334719147073,0.15593795997588433,124.95198273357781,0.043304221453543755,34.699365902895146,0.00938483252712977,7.519999826012782,0.026493962071722867,21.22942413663705,0.06679790143906751,53.52468525652368,0.43255778444141446,0.43255778444141446,0.6824519003553707,0.6824519003553707
1631217,CHA,F,second_round,1500.1899999999998,0,14.999226416300871,52.94877863065945,794.1907191478542,0.34497806657247065,273.9783787814268,0.31496585201227134,250.1429565166424,0.05501544555728739,43.6927562713817,0.046753748695127426,37.1313932990413,0.0269286296724837,21.386467765256075,0.008760896408646704,6.957822619162979,0.04567902090520687,36.27785446267611,0.5540341551364061,0.5540341551364061,0.602955791568776,0.602955791568776
1626192,CHA,G,second_round,11437.72,0,14.98221908892118,45.89286096590948,687.5768976086547,0.3260507911897304,224.18499146908212,0.1669095053482857,114.76311986876944,0.10580585871727574,72.74966408564408,0.02275330676639596,15.644648076776546,0.01524532569293461,10.482333742981492,0.04757911839362639,32.71430261604451,0.03999407559295017,27.499002418926697,0.43749025917748413,0.43749025917748413,0.7556953150962773,0.7556953150962773
1626172,LAL,F,late_first,10308.2,0,14.95679543854219,51.99639904744971,777.6995040935153,0.30466700155864396,236.93937602581568,0.3680430482069407,286.2268960756036,0.09434729509204685,73.3738446056494,0.03492460945445304,27.160851453387824,0.02922084981236785,22.725040408269567,0.004885266996651308,3.799269720660139,0.043452895240848166,33.79329508023509,0.5463491177915025,0.5463491177915025,0.5954501789387788,0.5954501789387788
1642354,DEN,G,second_round,842.04,0,14.92492255851865,44.23641088047167,660.2250066578514,0.34947946474875247,230.73508194052744,0.12399093742154267,81.86191748465124,0.12643199135770494,83.47356233590615,0.037078234550782074,24.479977653151472,0.009758129628997449,6.442561199273017,0.040639091066758504,26.83094417011966,0.05928715058051791,39.142859386747475,0.3924724334000374,0.3924724334000374,0.7744047329196155,0.7744047329196155
1628418,CLE,C,second_round,5910.65,0,14.886888321310533,53.33062829309857,793.9271075046822,0.4266978233972982,338.7669687083607,0.26644055905182806,211.53438236994833,0.0559717955455243,44.43752573930156,0.026815530642384067,21.289576679111157,0.03666924331302594,29.1127062778961,0.04451114810539034,35.33860706702507,0.038957068334907315,30.92907257999521,0.5111025983575171,0.5111025983575171,0.8173910836635193,0.8173910836635193
1628988,HOU,G,late_first,7367.26,0,14.720985383995165,48.61616053040727,715.677788594088,0.3976419919318766,284.58354143795367,0.10320342624236042,73.86039986846558,0.10259671164090513,73.42618770418831,0.02806379958975053,20.084638029940333,0.011306754009137063,8.091992705436553,0.07930923596306937,56.7598586091362,0.04563603461481162,32.660696333331636,0.412777154367221,0.412777154367221,0.8328037170565147,0.8328037170565147
1642272,OKC,G,late_first,591.79,0,14.499043731422901,49.93231605733345,723.9708341265076,0.45675737169545294,330.6790153797883,0.11627989031738671,84.18324918521728,0.10341713654399899,74.87099060673388,0.03218654217637752,23.302117787080054,0.008620420608130994,6.240933098189932,0.0667302020288068,48.31072002422563,0.061949266081469806,44.84946183852666,0.42087407559918666,0.42087407559918666,0.8080739348406119,0.8080739348406119
1628371,ORL,F,lottery,5640.379999999999,0,14.438772998025488,59.1665162051979,854.291896570849,0.3672412147386331,313.73119383804925,0.261649530411876,223.52507357243357,0.04382580988699513,37.44003424711453,0.05292963029734773,45.21735425151506,0.05133886534475891,43.85837664316952,0.032654888674542776,27.896806778085086,0.03855493475210854,32.93716833154414,0.45786431001409494,0.45786431001409494,0.6790396719848935,0.6790396719848935
1629020,LAL,F,second_round,6176.9,0,14.434278642831497,49.82981387764271,719.2574182303267,0.27782514956899385,199.8277997984489,0.28957892864064466,208.28179258797408,0.07204073490928443,51.81583299826729,0.058989624909886816,42.42872531506056,0.01819014991024611,13.083400261666227,0.01770175456775169,12.732118288547973,0.05108204803958855,36.74114199087199,0.4883176266960553,0.4883176266960553,0.6045789370717244,0.6045789370717244
1642358,MEM,G,late_first,638.2900000000001,0,14.420737035133225,51.27972774919327,739.4914691043404,0.3709956090819922,274.34808799130195,0.11489265466745649,84.96213798933505,0.10581457076861739,78.24897239033007,0.03023090657653816,22.355497516640266,0.009060993297788353,6.700527245326091,0.04458525581725799,32.97041632469695,0.06013056419691285,44.466039256047935,0.41060180161475557,0.41060180161475557,0.7822358973472465,0.7822358973472465
1641748,TOR,G,second_round,1552.49,0,14.40157018931103,52.46865224522523,755.6309780481629,0.2764744155257549,208.91263300902037,0.16266385712966044,122.91384945597196,0.09453283245758363,71.43193664758704,0.034232042705935564,25.86679191047257,0.014441232905201364,10.912242944378619,0.03492140840162886,26.38769798534215,0.05543804983668624,41.89070781917802,0.45225591657801123,0.45225591657801123,0.6527697567600469,0.6527697567600469
1631119,OKC,F,second_round,2595.3,0,14.400598971611043,48.32435852951431,695.8997077438871,0.3571062858496978,248.5101599563097,0.2858382266247047,198.91473837016298,0.12238854828852133,85.17015498518062,0.03153324358598235,21.943974995701918,0.029281299213867462,20.37684756529168,0.059432947117892924,41.35937052969958,0.0460298988560843,32.032193161429745,0.43769566658599623,0.43769566658599623,0.7611709144022638,0.7611709144022638
1642345,PHX,F,second_round,1045.54,0,14.3276080263157,44.91056840030442,643.4610202786018,0.30777151304472106,198.03897179644522,0.21886076144272457,140.82836885688724,0.06425881510506978,41.34804272940223,0.029304051143559252,18.856014647130966,0.025555335715167257,16.443862392843716,0.012352445154742861,7.948316962206313,0.04353700613931377,28.014366390278592,0.5023528199469874,0.5023528199469874,0.6245711386572566,0.6245711386572566
1630543,LAC,F,late_first,2438.0,0,14.269902705781679,37.437119765731325,534.2240566416822,0.40081420098053094,214.12458840741374,0.3178346877502114,169.7949362313603,0.06174282856574795,32.9845043449258,0.03867258971496372,20.659827758367314,0.0674848735189953,36.052042893268506,0.0055882413021683735,2.985372937936985,0.05163962243733289,27.587128581916808,0.5758088402074604,0.5758088402074604,0.6114021783987972,0.6114021783987972
1631172,MIL,F,lottery,1338.38,0,14.115504843790191,49.817807605638095,703.2035045643923,0.374806606135074,263.5653189680699,0.18542996379021867,130.39500038853015,0.08129757309559538,57.16873831340252,0.031884900434699895,22.421573728367683,0.01824632632691105,12.830880618509386,0.049628639964028776,34.89903354946949,0.05072261817526569,35.668322861528374,0.42778332512513795,0.42778332512513795,0.7187093181862853,0.7187093181862853
1642863,PHX,C,lottery,0.0,1,14.075107604017218,52.44117647058823,738.1152017047852,0.4099242126937367,302.57129293611274,0.289464697997523,213.65829394885643,0.05361684343575917,39.57540720735927,0.025457807315743066,18.790794581821253,0.049972732879051206,36.88563380876023,0.006778555301288945,5.003354713477931,0.06070119822432431,44.80447717106929,0.5182279283563164,0.5182279283563164,0.659293099302717,0.659293099302717
1642852,NOP,C,lottery,0.0,1,14.075107604017218,52.44117647058823,738.1152017047852,0.4099242126937367,302.57129293611274,0.289464697997523,213.65829394885643,0.05361684343575917,39.57540720735927,0.025457807315743066,18.790794581821253,0.049972732879051206,36.88563380876023,0.006778555301288945,5.003354713477931,0.06070119822432431,44.80447717106929,0.5182279283563164,0.5182279283563164,0.659293099302717,0.659293099302717
1643530,OKC,C,lottery,0.0,1,14.075107604017218,52.44117647058823,738.1152017047852,0.4099242126937367,302.57129293611274,0.289464697997523,213.65829394885643,0.05361684343575917,39.57540720735927,0.025457807315743066,18.790794581821253,0.049972732879051206,36.88563380876023,0.006778555301288945,5.003354713477931,0.06070119822432431,44.80447717106929,0.5182279283563164,0.5182279283563164,0.659293099302717,0.659293099302717
1631133,PHI,F,second_round,3069.4,0,14.073293268389362,48.81950108950336,687.0511560490348,0.3971632417069883,272.87146435496857,0.26120128309017804,179.45864350859804,0.05792043792402923,39.79430383457064,0.03484063480570948,23.937298420744938,0.014742582397332917,10.128908279235732,0.034936269089407994,24.003004065917924,0.04391136577767813,30.169354621245784,0.4801615278072356,0.4801615278072356,0.7230957336491124,0.7230957336491124
1628963,DEN,F,lottery,6468.77,0,13.778757741996746,45.139823628472925,621.9706942931889,0.475844943826226,295.96161008750124,0.3089567576587196,192.16204906756633,0.054183211279594204,33.70036953860375,0.028974359434394123,18.021202454110522,0.028757311342849447,17.886204901917466,0.016755049287332655,10.42114963815889,0.05061826817112454,31.483079398313155,0.5217646513898764,0.5217646513898764,0.6968171503351553,0.6968171503351553
1629723,UTA,G,undrafted,5273.8,0,13.759432597541197,42.86377868195311,589.781273650257,0.21126262592755923,124.5987405942537,0.23701782718181852,139.78867599310945,0.08081326586032725,47.66215086694064,0.05905857877826425,34.83164381181873,0.027841249934898362,16.420247846619493,0.04139376129167421,24.413265255778324,0.039023202780963474,23.01515423806889,0.431977528575285,0.431977528575285,0.7194426863513069,0.7194426863513069
1630192,DEN,F,late_first,3006.55,0,13.59715992273285,53.470450736112795,727.0462697995341,0.3300422301415424,239.95597230072775,0.1718453342344368,124.93950923760144,0.050526774864938034,36.735303190554056,0.031356124078018466,22.79735304629468,0.043792311809919,31.839036947299693,0.029505425680016087,21.45180967950308,0.03460196416135793,25.15722897125245,0.4916439716026001,0.4916439716026001,0.6709417823305135,0.6709417823305135
1631218,TOR,F,second_round,2096.7400000000002,0,13.534558466287383,47.809524364696635,647.0808027593778,0.39716357736843544,256.99692647035346,0.29255075211517767,189.3039755265489,0.08925340179677703,57.754162883663774,0.02722868420017403,17.619158830330196,0.040434003135060896,26.1640672074104,0.006749462950909736,4.36744790446935,0.04991612864378486,32.29976859346068,0.5789326373355324,0.5789326373355324,0.6028036173528003,0.6028036173528003
1629234,SAC,F,undrafted,5883.55,0,13.480518039519433,47.2729877578645,637.2643642518736,0.3476904161237931,221.5707119875984,0.29107844913360026,185.49392283454512,0.0667516592994612,42.53845372622881,0.02138613229113004,13.62861999831345,0.045904150054835675,29.25307900121747,0.010469629559096668,6.6719218249303625,0.05321587234916002,33.91257906069632,0.5750553492484252,0.5750553492484252,0.6844203360682332,0.6844203360682332
1641763,HOU,F,second_round,1444.9900000000002,0,13.436236703314174,50.913327820636354,684.0835239515009,0.34748383131010774,237.70796383878738,0.1590600847144315,108.81038327147256,0.05094062255813364,34.84764059185138,0.031252814808232096,21.37953568741906,0.01992610317142993,13.631118876132964,0.04582741288351587,31.349778098935946,0.036354012758035056,24.86918115729444,0.4325826658487496,0.4325826658487496,0.7483474793553269,0.7483474793553269
1627780,GSW,G,undrafted,4029.97,0,13.05536310365173,43.979133025355,574.163550629811,0.3581969173459112,205.66361388798128,0.18655002148180885,107.11022270406288,0.08845794104711369,50.789325513013296,0.056288058344252136,32.318551436993765,0.017637180985428796,10.126626457694385,0.03348126087216881,19.223719621927405,0.043506919703078885,24.980087493685854,0.516571622260796,0.516571622260796,0.7021330350443213,0.7021330350443213
203552,GSW,G,undrafted,12377.87,0,13.015732276286757,46.02914319197761,599.1030046936478,0.36130973333642497,216.46174686691285,0.10597947388459392,63.49262124011219,0.0639864972921296,38.3345027875368,0.02899668489502488,17.372001046764314,0.00782476044300185,4.687837492410408,0.07337551005070661,43.959488542307284,0.03383188846339811,20.268786032882165,0.4097185183363377,0.4097185183363377,0.8688103026064331,0.8688103026064331
1641765,MEM,F,late_first,920.36,0,12.97391687420535,51.15069144400735,663.6248188526782,0.36455938985534964,241.9306590537993,0.20862291374502062,138.44734334255722,0.064199733141889,42.60453627667637,0.03529008198839412,23.41937426684421,0.018062935391129523,11.98701222688596,0.030979053125011514,20.558468518313262,0.039288233862477706,26.07264708002843,0.4424060083604192,0.4424060083604192,0.6836616349378981,0.6836616349378981
1630538,MIN,G,late_first,3173.9,0,12.962651116603155,42.12812734683989,546.092216992914,0.4738397810400281,258.7602165275859,0.10724385335034117,58.56503363495076,0.14356985515422777,78.40238049452378,0.05076373398361693,27.7216800339519,0.015331262358171132,8.372283050473685,0.09551171897721153,52.158206365069624,0.08770303989052465,47.893947490834584,0.40437896807054463,0.40437896807054463,0.823198422140046,0.823198422140046
1630579,MIL,C,second_round,2583.61,0,12.95738475147195,48.83663958570396,632.7951290809319,0.2088527666945979,132.16101345941783,0.2919574884775541,184.74927660729853,0.053748756018132116,34.01195100243343,0.025795230015747087,16.32309590748701,0.036711398827506084,23.230794359793286,0.0025330819296107703,1.6029219066206235,0.048474120381866895,30.674187264128093,0.623734636644116,0.623734636644116,0.5686200046270162,0.5686200046270162
1641713,MEM,F,second_round,1691.6100000000001,0,12.868938978103454,46.18099738404266,594.3004372832003,0.43162991681387186,256.5178483069954,0.1881121520323108,111.79513421108615,0.06880829573504005,40.892800244046065,0.02878127205794906,17.10472256960588,0.01735440440765883,10.313730128261142,0.06400609588022718,38.03885077040946,0.058584719309663635,34.81692430384665,0.4101755658483017,0.4101755658483017,0.7604694772475769,0.7604694772475769
1631157,MIL,G,second_round,959.19,0,12.847081636035211,47.17157805602939,606.0171141864167,0.41451013712382767,251.20023710079792,0.1402912972230972,85.01892708861021,0.12735846244095675,77.18140787568775,0.04382198925804626,26.556875468069347,0.02283458136067237,13.83814709984961,0.04905138197334483,29.72597695034206,0.06775604385068942,41.06132216308311,0.44144538874917194,0.44144538874917194,0.7801614294272321,0.7801614294272321
1631223,DEN,F,late_first,2845.61,0,12.80920361728601,43.04250060556612,551.3401544538528,0.36791196526046005,202.8446397521226,0.1919394418365309,105.82392150793925,0.07391019981483093,40.74966098162401,0.030412752497545784,16.767771659363692,0.020207781767185313,11.141361520689701,0.0462386687386141,25.493234764088033,0.04961768560591657,27.35622244560875,0.4385443114369335,0.4385443114369335,0.7390290236302881,0.7390290236302881
1628975,ORL,G,second_round,6279.13,0,12.796927229355303,40.05808965031858,512.6204582021177,0.4043615619327258,207.2840091572779,0.11037730638087916,56.5816653720818,0.10752768543063036,55.12089137486291,0.0341020428240703,17.481404818103154,0.011582433412589233,5.9373923230570105,0.09051649973312138,46.400609568044544,0.039004078385437756,19.994288533694416,0.390835253622802,0.390835253622802,0.7903544893292109,0.7903544893292109
1631111,DET,G,late_first,726.75,0,12.695029799040633,47.10385575886289,597.9848525084761,0.340993130447357,203.90872681696635,0.14660970878376853,87.67038508337247,0.09035081516084592,54.028418877979036,0.0400601395501861,23.955356640387006,0.011948818913772813,7.145212715802925,0.03602136591267116,21.540231182442515,0.05457881784278994,32.63730633780773,0.4620720237002278,0.4620720237002278,0.76450965615624,0.76450965615624
1631102,LAC,G,late_first,607.0400000000001,0,12.69054146255612,40.066019275729786,508.45947885822153,0.3539151242257582,179.95149962387177,0.11878783536719041,60.398800865497854,0.10833488054043847,55.083896901759026,0.04008820577065844,20.38322821451014,0.00785755559962352,3.9952486252840753,0.043837316712630366,22.28949921024684,0.045822701600175264,23.29898697550091,0.3807355405608888,0.3807355405608888,0.7386954470481273,0.7386954470481273
1631255,NOP,F,second_round,790.44,0,12.67763752632804,40.235651301737555,510.09300283915763,0.36541555019191735,186.39591528151806,0.22469068552106086,114.61314648742677,0.05868734581865591,29.936004457298274,0.030304452778928223,15.458089317400953,0.03729934026088022,19.02613247759188,0.02819490356890839,14.382023026224962,0.05551053357463879,28.315534760291378,0.5092951558459154,0.5092951558459154,0.7379903934725649,0.7379903934725649
1630256,HOU,F,undrafted,6395.7,0,12.626789750974577,45.1042472353944,569.5218467173015,0.31516997842619343,179.49618814313777,0.18439398886720723,105.0164050632214,0.07199187580513353,41.00094605718226,0.037565825960477486,21.394558574471883,0.013638780240573752,7.767583309583005,0.028586841815845355,16.280830942775623,0.039689208103698165,22.603871093965466,0.45360858887127586,0.45360858887127586,0.6920874634075688,0.6920874634075688
1629674,BOS,C,second_round,1344.49,0,12.585963863910345,45.5000312602339,572.6617492480949,0.3671933540647,210.27758845096616,0.29730621712663635,170.25589836207348,0.0529674552024835,30.332435549474305,0.02495015206512861,14.287997725622517,0.05153111372807882,29.509897728224136,0.0075902314721295015,4.346635232027623,0.04441912525861966,25.43713397067137,0.6120636014320913,0.6120636014320913,0.7236643349149078,0.7236643349149078
1642419,TOR,F,undrafted,1041.94,0,12.547352353527371,42.42347804842004,532.3023271356599,0.36755580476135713,195.65081022669065,0.1626676713049451,86.58837998536089,0.058145537218513135,30.951004773967664,0.025058550167382357,13.338724568743308,0.013983137870381496,7.443256829062845,0.06918137067256883,36.825404603443076,0.03860777034748582,20.551006001485824,0.41741468152193706,0.41741468152193706,0.8105662821187434,0.8105662821187434
1630572,LAL,F,second_round,2198.92,0,12.31337140770444,50.07138975834113,616.5476189943826,0.46230813380607105,285.0349791398695,0.26432515361883213,162.96904410401535,0.07625051507819608,47.01207351855706,0.03150093838123122,19.421828555036868,0.02458722028667235,15.159192125438217,0.06305130463563921,38.874131747592834,0.04085158299793232,25.186946229526573,0.4776963116739491,0.4776963116739491,0.7539543229158331,0.7539543229158331
1629162,SAS,G,undrafted,4048.5699999999997,0,12.170321032924363,39.375174404337734,479.20851322817657,0.3090653031275385,148.10672440216342,0.1124298786015355,53.87735496706621,0.1570731406772368,75.27078621201886,0.04176219009172262,20.012797023006883,0.007254490047699917,3.476413389986881,0.04827534214639295,23.133954935554495,0.04767329360222505,22.84544814781261,0.41198542597193305,0.41198542597193305,0.795450554294624,0.795450554294624
1641737,PHI,F,second_round,904.8,0,12.152074387579654,43.937141861622315,533.9274162800743,0.3578768788624618,191.08027727741137,0.2551685506748596,136.241484977759,0.0488013559167652,26.056381875602764,0.02948945498058827,15.745228505293063,0.05638202826031029,30.103910673657605,0.010969387562664898,5.856856759508451,0.05655707072544226,30.197370644804817,0.5726077091662852,0.5726077091662852,0.6472368639758272,0.6472368639758272
1629111,ATL,C,undrafted,2830.52,0,12.129115853059163,38.47564911903778,466.67560568646303,0.36462165342255726,170.1600309573715,0.25364697773218475,118.37085696370812,0.0695400441220802,32.45264221013514,0.026286786373739976,12.267401952515767,0.031156511637442482,14.539983939480804,0.02407540152351469,11.235402588131013,0.045312931209829946,21.146439617776423,0.5013581338942487,0.5013581338942487,0.71607707241209,0.71607707241209
1630194,DET,F,second_round,3261.22,0,12.126440558074718,42.98049826615949,521.2004573810166,0.3854573418836127,200.9005428906098,0.2716262666250355,141.57173440166645,0.08879466569525235,46.27982037335999,0.05725176024323499,29.83964362464238,0.049803977802399396,25.957856010004562,0.02573799533367653,13.414654939982679,0.054779504313213476,28.551102703152235,0.5073885994623177,0.5073885994623177,0.7364446838292888,0.7364446838292888
1641796,MIA,G,second_round,782.1,0,12.115298291830953,44.45493891266486,538.584845472058,0.3329324185736963,179.31235521015276,0.12449785724877371,67.05265920793312,0.09195929461663943,49.5278824808222,0.03626802340960997,19.533407783641763,0.009573677711255725,5.156237730715951,0.04154798444161132,22.377114780160703,0.04693285066520095,25.277322123080424,0.41569478046175423,0.41569478046175423,0.7161702885933673,0.7161702885933673
1630611,GSW,F,second_round,953.65,0,12.072366858676823,45.00808657785689,543.3541327749767,0.3405100329529897,185.01753365635048,0.21423506115503582,116.40550586388859,0.08823635591007051,47.94358864474055,0.032392499771358566,17.600598621680167,0.01909140859725217,10.373395761812688,0.04244421476034892,23.06223950242425,0.049907654232670455,27.11753018442605,0.46162714743446304,0.46162714743446304,0.7259028741423532,0.7259028741423532
1642281,CLE,G,late_first,453.08000000000004,0,12.07028881242428,45.11205573539656,544.5155416484176,0.3748553737119102,204.1145768565608,0.15653248264622976,85.23436957368334,0.09666692851990955,52.63664494250742,0.03266761836035333,17.788025905851587,0.011481539008438863,6.251876432137523,0.04625194006580431,25.184900197221584,0.06032645593380398,32.84869282852467,0.42110147595268616,0.42110147595268616,0.7617208362459412,0.7617208362459412
1628396,ATL,C,late_first,2106.64,0,12.00599056486482,34.98939722734616,420.0823729818253,0.43186678798367156,181.41962510821958,0.32876992429046364,138.110449960993,0.05417232764899019,22.756839948736744,0.02236926160302158,9.396932496048533,0.05850091299575426,24.57520235285975,0.026347725055688314,11.068214864066242,0.0516985474089826,21.717648475278807,0.5984561181739065,0.5984561181739065,0.6018700258026483,0.6018700258026483
1630695,POR,C,undrafted,974.72,0,11.994302457529958,42.18160508894966,505.9389295809471,0.2756394480672428,139.45672730542387,0.23885689365288504,120.84700109777077,0.04502308626068375,22.778932069160984,0.021817479859868837,11.03831240645591,0.03246230897166767,16.423945852851517,0.036894847705945075,18.666539755397913,0.04445295157619198,22.490478737172246,0.4501881335261362,0.4501881335261362,0.7370801109983193,0.7370801109983193
1630314,DAL,G,undrafted,1239.56,0,11.843237894411688,36.77036912572991,435.48022902135,0.45910029063483004,199.92909970942412,0.11865111487270479,51.67021467840399,0.14847712234020946,64.65885124114541,0.03534285104984032,15.391112869451923,0.009959554219440173,4.337188952432359,0.04207217844916826,18.3216019064709,0.06035535052783493,26.283561870525414,0.43931662265734955,0.43931662265734955,0.7821706834702462,0.7821706834702462
1641712,PHI,G,second_round,1093.04,0,11.746522780445904,40.40996331194681,474.67655460076645,0.3534891139810628,167.79299471340852,0.14642111347487002,69.50266966505916,0.08445326906127891,40.08798678277938,0.03358248008850609,15.940815943360914,0.011494105552076162,5.455982421677053,0.04047744739458542,19.213695268295577,0.05744314980226997,27.26691643355721,0.4168470633803078,0.4168470633803078,0.7605449693402297,0.7605449693402297
1641810,CHA,G,second_round,659.5600000000001,0,11.604431983723615,43.02532134675703,499.28441514629367,0.37853653614028604,188.99739305830659,0.11573203554055542,57.78320167855628,0.08330782989604135,41.59430112675192,0.032569245765951056,16.261316824008773,0.008681900674835418,4.334737700793414,0.05889461645383553,29.405164131418555,0.04843144200086971,24.181064194095878,0.41872653574441765,0.41872653574441765,0.796556828517595,0.796556828517595
1629618,LAC,G,second_round,788.17,0,11.561741717153241,46.011209556262386,531.9697209833187,0.3292927469310103,175.17377070672012,0.11634712553105211,61.893147905964945,0.14125005383049688,75.14075172508817,0.03302383149663477,17.56767842706493,0.008359323766113456,4.4469071314686,0.054154187085943044,28.80838779418756,0.049484751813008106,26.324389614894695,0.41012751755876,0.41012751755876,0.7956276240368593,0.7956276240368593
1641794,NYK,F,late_first,551.34,0,11.547943667058966,45.701045335002675,527.7530970543189,0.32947525924369914,173.88158846863683,0.1985946974708006,104.80896664878054,0.07208547486278935,38.04333261146834,0.03069219767063864,16.197902376082894,0.019221094580782194,10.143992193781788,0.03115802407980798,16.443743706211706,0.04919682060375602,25.963774438857968,0.4381373827380042,0.4381373827380042,0.6980652332074911,0.6980652332074911
1641854,CLE,G,undrafted,1162.29,0,11.482912788773442,40.47941088095425,464.82154488692436,0.36013245797948346,167.39732548194888,0.1404287435328855,65.27430551548552,0.1411542208629463,65.61152300882483,0.03517669414788349,16.350885317834035,0.019809448168710646,9.207858301137538,0.04271976526434489,19.85706728737956,0.06427279641740949,29.875380524943054,0.45764126872576266,0.45764126872576266,0.7407529073615954,0.7407529073615954
203926,SAC,F,lottery,13571.38,0,11.425152600918402,34.18744258118833,390.5967485252124,0.3631121619367217,141.8304298024439,0.09169765278290913,35.8168050243982,0.05163916761599461,20.170090967355936,0.018353535088724147,7.168831129599047,0.0066290542898298594,2.589287051404654,0.09612967934800021,37.547940190100135,0.031244961615278035,12.204180414722668,0.3953072585578097,0.3953072585578097,0.7107004839555264,0.7107004839555264
1630214,CHA,F,second_round,4171.13,0,11.337554086889089,37.31173432213432,423.02380595283387,0.2590054956914431,109.56549055009458,0.23698141014616908,100.24877806010197,0.05450606190461124,23.057361754389415,0.05957621730575803,25.202158188954847,0.02817824652976331,11.920069092097709,0.029786763350506087,12.600509999547471,0.04624175335722181,19.561362499104202,0.4178655619327105,0.4178655619327105,0.684125515295181,0.684125515295181
1631248,BOS,G,late_first,383.78000000000003,0,11.225271729023016,43.86374328590146,492.38243743635275,0.3488246496617926,171.75513123835526,0.13601992396236062,66.97382170049448,0.09233460568955479,45.463938209147514,0.03481697619869585,17.14326760487734,0.010210928437628922,5.027681832607898,0.05436120838293902,26.766504285577007,0.049863573147059095,24.551947685434826,0.39534538269390734,0.39534538269390734,0.7688711732881206,0.7688711732881206
1631121,NOP,G,second_round,1700.4999999999998,0,11.118659734807771,29.79060999345239,331.23165580956106,0.3402408495859094,112.69853998239257,0.12354420062019289,40.92175013709509,0.11698395657159764,38.74878963836407,0.03014803391265958,9.985983192293032,0.012801962608955665,4.240415272576473,0.04508858874726107,14.934767908871628,0.05619787843593389,18.61451632731881,0.3712143369415149,0.3712143369415149,0.7796337908459305,0.7796337908459305
1630639,TOR,G,undrafted,905.5600000000001,0,11.106813113163934,37.0404005509665,411.40080655631937,0.4088904977642474,168.21788057342627,0.15058524522914188,61.95089134275011,0.0854719871415768,35.16324444801606,0.02938539722869807,12.089176120864218,0.011386444967571123,4.684392643467904,0.052038123212112014,21.408525861140006,0.043242306271302614,17.789919677369284,0.40981654447984345,0.40981654447984345,0.7349652532366705,0.7349652532366705
1630545,MIN,G,late_first,338.88,0,11.091862415855909,43.81006248338792,485.9351854957894,0.3755817200666396,182.50837280941016,0.13070336480407388,63.51336382099147,0.09618669965322522,46.74050173821779,0.030911112746241903,15.02079730622632,0.011584010891850249,5.629078481516496,0.043829022730170586,21.298064290484614,0.05552258862938857,26.98037940482834,0.427926370126871,0.427926370126871,0.7787116704239619,0.7787116704239619
1631132,NOP,C,second_round,1143.0700000000002,0,11.070248834661223,35.96455746475691,398.13660036333175,0.29489290785313266,117.4076598039035,0.2674689330936047,106.48917172469521,0.04992660850832672,19.877610179176195,0.02344216485745582,9.333183821504228,0.05134899136706775,20.443912854970424,0.007032526059550397,2.7999060173159322,0.04111319735728998,16.36866862589815,0.558079879547111,0.558079879547111,0.6704137572919022,0.6704137572919022
203939,DAL,F,second_round,12564.74,0,11.027723852747016,39.39021633737306,434.3844282685141,0.19242665047725993,83.58714055118975,0.2146222900696143,93.22858076556861,0.09470314331358634,41.137570763503355,0.030803560565901483,13.380587045053662,0.03414106456126325,14.830346809922766,0.0053761810408372935,2.3353293276921328,0.03982828294726327,17.300785916963566,0.6130336610291995,0.6130336610291995,0.6590446197733935,0.6590446197733935
1642349,OKC,G,second_round,596.8799999999999,0,10.934570280212192,40.984857925813124,448.15180941431527,0.3647997895453429,163.48568575870684,0.11963416550389477,53.6142677383421,0.1042000665621873,46.69744837093633,0.03649211867765471,16.354009014752886,0.00893915936562965,4.00610044434985,0.03976142012289841,17.81915237295969,0.05414656375132358,24.265880518723236,0.43813899076729623,0.43813899076729623,0.7870499614645967,0.7870499614645967
1641738,IND,F,late_first,666.1999999999999,0,10.930964762404319,43.05174717937912,470.5971313777327,0.33600655922628625,158.12372289599256,0.20303456181143253,95.54748235899511,0.06938151468842124,32.65074178301306,0.028026783005490753,13.189323684130137,0.020080035015594095,9.449606876303006,0.030794557479898822,14.491830412087086,0.046314462722640226,21.795453298575428,0.4617942959761247,0.4617942959761247,0.6922311665070782,0.6922311665070782
1631221,PHX,G,undrafted,686.7,0,10.890622049754871,33.35920013373245,363.30244053861225,0.3732156904022331,135.59017117043442,0.13628953096630217,49.514319219920345,0.14008878938581792,50.89459907596729,0.04110435396892525,14.933312113673535,0.009649292300733381,3.5056114423268783,0.06423114804790854,23.335332844402092,0.049998479209945754,18.16456952019236,0.41598334520572994,0.41598334520572994,0.7894930298267031,0.7894930298267031
1631216,NOP,G,second_round,2416.0299999999997,0,10.867356595484319,21.667205123228108,235.4652445016246,0.32718547552709143,77.0408079923669,0.10892035435965218,25.646957870499094,0.059779172713439216,14.07591751907481,0.02754655286839916,6.486255806334537,0.008501360028377328,2.0017748176782058,0.07749825005597906,18.24814439787915,0.03113005455604649,7.3300459073884,0.4060553350536349,0.4060553350536349,0.7617359475477403,0.7617359475477403
1631230,PHI,F,undrafted,1201.96,0,10.86512606172752,36.6263193422941,397.94957683111437,0.3728381115493937,148.37076871759305,0.2125335491785541,84.57763595802044,0.06574326905686356,26.16250610067295,0.02659102579174296,10.581887461329359,0.03043757928099245,12.11262179463444,0.024599775265628544,9.789470157097393,0.03635244773584084,14.466441193253065,0.5151110738457629,0.5151110738457629,0.673068556941428,0.673068556941428
1630699,PHI,F,late_first,1465.6100000000001,0,10.680747243940159,39.877152751120896,425.91778934271525,0.39625748350084977,168.7731113831894,0.22545989990680512,96.02738215373628,0.06486160424979143,27.62571109529323,0.023799410871068946,10.136592465864672,0.013936516162771629,5.935810155186713,0.04063037719769087,17.30520043620116,0.05892014132208142,25.095136339661288,0.4475870218863483,0.4475870218863483,0.7411486985257607,0.7411486985257607
1630643,IND,C,undrafted,912.72,0,10.67089444063272,44.3530299128593,473.286500322347,0.4419392234652023,209.16386842902128,0.2062359163933576,97.60867511058437,0.047990486871180106,22.713249580026375,0.024442577159612476,11.568341802731922,0.056228942285639294,26.612399311197453,0.056309963539786345,26.650745577024438,0.04326699704931181,20.477685612926102,0.5140771310656425,0.5140771310656425,0.7862752811111244,0.7862752811111244
1631243,ATL,F,second_round,605.4,0,10.666402833593812,36.71543229146053,391.62159103025635,0.3615922325805689,141.6073254273849,0.22700934800312444,88.90176204372474,0.058565707486038995,22.935595545495186,0.04229391508960839,16.563210318291006,0.04155973401255564,16.275689156791298,0.03752670967656936,14.69626974966861,0.03924548793718467,15.369380426718996,0.4482120829538401,0.4482120829538401,0.7474306279752041,0.7474306279752041
201145,HOU,F,undrafted,25089.86,0,10.632916527157354,24.51499229776302,260.66586676601963,0.3748900555104488,97.72104126159235,0.1453304416845991,37.882685549204496,0.05679386720414274,14.804222621762085,0.01787608929110801,4.659686309453431,0.014080070777736068,3.6701938534054763,0.05970442418449958,15.562905479818689,0.030830391508116888,8.03643072519902,0.43094731066460656,0.43094731066460656,0.8047986665918354,0.8047986665918354
201567,UTA,F,undrafted,23742.42,0,10.629057047409997,28.781860829923076,305.9240406918676,0.42364652296709604,129.6036561311541,0.3555762668386806,108.7793283254189,0.08874277439246109,27.148548124348494,0.03850700843386234,11.780219615042991,0.01433560747483827,4.385606964475064,0.08717468133490826,26.668830760001065,0.05365001235127726,16.412828561671343,0.4155907158063749,0.4155907158063749,0.7748375570681457,0.7748375570681457
1631116,SAC,F,late_first,826.4100000000001,0,10.527353360811182,36.776683220947746,387.16113970553243,0.3742180464103476,144.882685346608,0.22191738287541285,85.91778687451385,0.04759814386728008,18.428151627524052,0.028530013492396263,11.045712539530355,0.026812826026170654,10.380884283018393,0.05860551955697196,22.689779744712137,0.04587110218431414,17.759508201227998,0.4803664351901211,0.4803664351901211,0.7405419456392518,0.7405419456392518
201959,MEM,F,late_first,20865.33,0,10.482976872335511,25.174737210304066,263.9061879427417,0.2922163275377095,77.11769705510453,0.2544282064662819,67.14517807362529,0.05711665893670621,15.073439728011868,0.022442530104610503,5.922722567697979,0.03952001819698123,10.429577349793101,0.011066468573861605,2.920509535315966,0.0486133168448881,12.829355131787091,0.4942298883733506,0.4942298883733506,0.6453853926755667,0.6453853926755667
1641774,WAS,F,second_round,665.8,0,10.402431319763705,37.91996126343443,394.4597926909768,0.478103644846269,188.59266463085967,0.22215875966815352,87.63269828318438,0.07403223983579216,29.202741978075252,0.02883813417592702,11.375484428630747,0.036737117258089064,14.491315657689919,0.05030220034504669,19.8421955200071,0.05953721511721327,23.48503753253404,0.47902485753525703,0.47902485753525703,0.7534204014353068,0.7534204014353068
1641757,LAC,G,second_round,448.48,0,10.332806728774026,35.84396925280993,370.3688066814037,0.35376677639829257,131.0241788181626,0.13618313069167876,50.437983604414704,0.09253103932903436,34.2706106172845,0.03577613564661694,13.250364667109547,0.010183788180699701,3.7717574759819317,0.03362433576506468,12.453405112761851,0.05294460130930047,19.6090288071483,0.4295754262098256,0.4295754262098256,0.7923881701079151,0.7923881701079151
1630264,WAS,F,undrafted,2170.57,0,10.233686800219488,32.36778408504991,331.2417647435297,0.31907473837054934,105.6908794229408,0.16855189605164833,55.831427499015966,0.053607909989702704,17.75717870920142,0.023760078631624368,7.870330376384286,0.01350129797726956,4.472193768319017,0.02789404832345703,9.239673792503202,0.037145640315132566,12.304187450512915,0.4565168724737504,0.4565168724737504,0.7235865171738045,0.7235865171738045
1628964,UTA,C,lottery,6115.32,0,10.223924221536823,15.533028584477812,158.80850717866653,0.3437117381039424,54.58434802807189,0.32634970473435365,51.8271094270613,0.05120051315868805,8.131077061512922,0.024414308336205743,3.877199860672508,0.06416887122768296,10.190562647008417,0.032425928728916954,5.149513335321138,0.048745016406655725,7.741123287940604,0.48385235877465055,0.48385235877465055,0.7058138685263895,0.7058138685263895
201599,NOP,C,undrafted,25958.11,0,10.102517474763815,40.10953550384819,405.207283332286,0.2919302415788152,118.29226011268968,0.37988027634542826,153.93025476944905,0.06932753769743417,28.09202321049395,0.023353813729724865,9.463135416870054,0.03982198813985967,16.13615963104305,0.0007499146950312432,0.3038708963045698,0.06217505504375985,25.193785145317275,0.62335038453941,0.62335038453941,0.557597911711863,0.557597911711863
1641740,MIN,G,second_round,522.0,0,9.908068423694631,39.04105323841873,386.82142681935767,0.32548163669512065,125.90327110990637,0.11918202853291807,46.10216232832877,0.08620639249340412,33.346479745248146,0.043896722857847834,16.980192968566612,0.008939190727960148,3.4578705119999174,0.040861832804047926,15.806232467715853,0.04419443136771317,17.095352999128984,0.4240747279520258,0.4240747279520258,0.7496695712837442,0.7496695712837442
1630811,ATL,G,undrafted,501.27000000000004,0,9.873593981608948,31.15189191912585,307.5811325684134,0.34190814321601504,105.1644939247452,0.11423518973703214,35.13658903848394,0.1334495411281103,41.04656100091923,0.04021748099131843,12.37013835235836,0.011108377689205412,3.4167273906434956,0.05029032470908962,15.46835503125505,0.06179489418798692,19.006943541286283,0.39963614861752694,0.39963614861752694,0.7784555742574919,0.7784555742574919
1630696,MIA,G,undrafted,557.5,0,9.858564616784363,31.978732281416548,315.26439855919307,0.3370777588140347,106.26861690018738,0.12648692912853954,39.87682563730829,0.10179637551285028,32.09277310156451,0.049449953161952276,15.589809742383151,0.017387232326503823,5.481575342024187,0.04801275381598963,15.136711954968572,0.053694898456566845,16.92808986760649,0.4425342398506331,0.4425342398506331,0.7670281390916547,0.7670281390916547
1642366,MEM,C,second_round,685.8599999999999,0,9.831297249793614,38.48779388895457,378.38494221110255,0.4124592303824901,156.06836205271435,0.23139119208516645,87.55494284530384,0.06267724206702882,23.716124617483988,0.02560678771976397,9.689222891554861,0.03407362190343593,12.892945454854562,0.051838650786115284,19.614964882005758,0.04799831256686765,18.161838726844653,0.4640304030554996,0.4640304030554996,0.7671868774636953,0.7671868774636953
1641775,BOS,G,second_round,486.43,0,9.496209790133776,38.83354940234874,368.7715320202277,0.2904029767352492,107.09235063389238,0.17339109027614952,63.94169799979326,0.08336646803377472,30.743180135930444,0.03392063237417371,12.508963567718974,0.017385236834260923,6.411180421904894,0.03953525323124294,14.579475902893117,0.04697927269020712,17.324618363163726,0.3764626966769574,0.3764626966769574,0.6854497218798473,0.6854497218798473
1641723,NOP,G,late_first,319.61,0,9.403559320958383,31.080864148814765,292.2707497700283,0.39859558416782315,116.4978302397521,0.13997401168425877,40.910309343277014,0.11718374904809302,34.24938219514899,0.03529812939297107,10.31661074316313,0.013317721835511723,3.892380546093689,0.045537896089234586,13.309395032950233,0.0602364633926671,17.605356319269678,0.41018720695387756,0.41018720695387756,0.7118341653419742,0.7118341653419742
1629646,GSW,C,second_round,1256.4299999999998,0,9.382459947309558,37.84568594369281,355.0856325451541,0.37763032225250226,134.09110184526014,0.3604491698908206,127.99032149105776,0.057176575462407044,20.30258046483454,0.028690507334599567,10.187586944947672,0.06470653177128899,22.976359763811264,0.005689619803499683,2.0203022468671206,0.05501612106039562,19.535434146911353,0.5978644525397497,0.5978644525397497,0.6463669504884589,0.6463669504884589
1631169,BKN,F,second_round,464.13,0,9.300542620500897,35.24595146685251,327.8064738175679,0.37837983574914336,124.0353597205972,0.18682568178919878,61.242667965880266,0.0621650847395175,20.378117223031534,0.04044015610542917,13.256544973552726,0.034951547082226,11.45734340349321,0.04084213518953901,13.388316319663188,0.04298559000139712,14.090954683325695,0.4832542943061242,0.4832542943061242,0.7713461499542116,0.7713461499542116
1642359,NYK,F,late_first,111.24,0,9.25910775185581,41.498823794876806,384.24208109204216,0.35664820684332144,137.03924921522295,0.1915113401760822,73.58671590198385,0.05120749019199597,19.676072598872867,0.029566183425720635,11.360571849447942,0.02348512228740633,9.023972262414109,0.036462333099407204,14.010362751587476,0.04328200301894113,16.63076691382999,0.4357024880234915,0.4357024880234915,0.7016898346575611,0.7016898346575611
1642363,SAC,G,late_first,0.0,1,9.257916494419181,44.5,411.9772840016536,0.3734033636922389,153.83370361101026,0.12387550986198805,51.03389610726189,0.10265407610214003,42.2911474642587,0.03369279767558809,13.880667276806008,0.010348103034028049,4.263183382528147,0.04822037212940716,19.865697943422195,0.058736101022517744,24.19793937210361,0.40889454472388737,0.40889454472388737,0.7754391779913822,0.7754391779913822
1642859,ORL,G,late_first,0.0,1,9.257916494419181,44.5,411.9772840016536,0.3734033636922389,153.83370361101026,0.12387550986198805,51.03389610726189,0.10265407610214003,42.2911474642587,0.03369279767558809,13.880667276806008,0.010348103034028049,4.263183382528147,0.04822037212940716,19.865697943422195,0.058736101022517744,24.19793937210361,0.40889454472388737,0.40889454472388737,0.7754391779913822,0.7754391779913822
1642889,PHI,G,late_first,0.0,1,9.257916494419181,44.5,411.9772840016536,0.3734033636922389,153.83370361101026,0.12387550986198805,51.03389610726189,0.10265407610214003,42.2911474642587,0.03369279767558809,13.880667276806008,0.010348103034028049,4.263183382528147,0.04822037212940716,19.865697943422195,0.058736101022517744,24.19793937210361,0.40889454472388737,0.40889454472388737,0.7754391779913822,0.7754391779913822
1643515,CHA,G,late_first,0.0,1,9.257916494419181,44.5,411.9772840016536,0.3734033636922389,153.83370361101026,0.12387550986198805,51.03389610726189,0.10265407610214003,42.2911474642587,0.03369279767558809,13.880667276806008,0.010348103034028049,4.263183382528147,0.04822037212940716,19.865697943422195,0.058736101022517744,24.19793937210361,0.40889454472388737,0.40889454472388737,0.7754391779913822,0.7754391779913822
1642879,BKN,G,late_first,0.0,1,9.257916494419181,44.5,411.9772840016536,0.3734033636922389,153.83370361101026,0.12387550986198805,51.03389610726189,0.10265407610214003,42.2911474642587,0.03369279767558809,13.880667276806008,0.010348103034028049,4.263183382528147,0.04822037212940716,19.865697943422195,0.058736101022517744,24.19793937210361,0.40889454472388737,0.40889454472388737,0.7754391779913822,0.7754391779913822
1642857,MIL,G,late_first,0.0,1,9.257916494419181,44.5,411.9772840016536,0.3734033636922389,153.83370361101026,0.12387550986198805,51.03389610726189,0.10265407610214003,42.2911474642587,0.03369279767558809,13.880667276806008,0.010348103034028049,4.263183382528147,0.04822037212940716,19.865697943422195,0.058736101022517744,24.19793937210361,0.40889454472388737,0.40889454472388737,0.7754391779913822,0.7754391779913822
1642962,BKN,G,late_first,0.0,1,9.257916494419181,44.5,411.9772840016536,0.3734033636922389,153.83370361101026,0.12387550986198805,51.03389610726189,0.10265407610214003,42.2911474642587,0.03369279767558809,13.880667276806008,0.010348103034028049,4.263183382528147,0.04822037212940716,19.865697943422195,0.058736101022517744,24.19793937210361,0.40889454472388737,0.40889454472388737,0.7754391779913822,0.7754391779913822
1642383,MEM,G,late_first,0.0,1,9.257916494419181,44.5,411.9772840016536,0.3734033636922389,153.83370361101026,0.12387550986198805,51.03389610726189,0.10265407610214003,42.2911474642587,0.03369279767558809,13.880667276806008,0.010348103034028049,4.263183382528147,0.04822037212940716,19.865697943422195,0.058736101022517744,24.19793937210361,0.40889454472388737,0.40889454472388737,0.7754391779913822,0.7754391779913822
1643536,DET,G,late_first,0.0,1,9.257916494419181,44.5,411.9772840016536,0.3734033636922389,153.83370361101026,0.12387550986198805,51.03389610726189,0.10265407610214003,42.2911474642587,0.03369279767558809,13.880667276806008,0.010348103034028049,4.263183382528147,0.04822037212940716,19.865697943422195,0.058736101022517744,24.19793937210361,0.40889454472388737,0.40889454472388737,0.7754391779913822,0.7754391779913822
1643418,LAL,G,late_first,0.0,1,9.257916494419181,44.5,411.9772840016536,0.3734033636922389,153.83370361101026,0.12387550986198805,51.03389610726189,0.10265407610214003,42.2911474642587,0.03369279767558809,13.880667276806008,0.010348103034028049,4.263183382528147,0.04822037212940716,19.865697943422195,0.058736101022517744,24.19793937210361,0.40889454472388737,0.40889454472388737,0.7754391779913822,0.7754391779913822
1642864,BOS,G,late_first,0.0,1,9.257916494419181,44.5,411.9772840016536,0.3734033636922389,153.83370361101026,0.12387550986198805,51.03389610726189,0.10265407610214003,42.2911474642587,0.03369279767558809,13.880667276806008,0.010348103034028049,4.263183382528147,0.04822037212940716,19.865697943422195,0.058736101022517744,24.19793937210361,0.40889454472388737,0.40889454472388737,0.7754391779913822,0.7754391779913822
1643547,DAL,G,late_first,0.0,1,9.257916494419181,44.5,411.9772840016536,0.3734033636922389,153.83370361101026,0.12387550986198805,51.03389610726189,0.10265407610214003,42.2911474642587,0.03369279767558809,13.880667276806008,0.010348103034028049,4.263183382528147,0.04822037212940716,19.865697943422195,0.058736101022517744,24.19793937210361,0.40889454472388737,0.40889454472388737,0.7754391779913822,0.7754391779913822
1642892,OKC,G,late_first,0.0,1,9.257916494419181,44.5,411.9772840016536,0.3734033636922389,153.83370361101026,0.12387550986198805,51.03389610726189,0.10265407610214003,42.2911474642587,0.03369279767558809,13.880667276806008,0.010348103034028049,4.263183382528147,0.04822037212940716,19.865697943422195,0.058736101022517744,24.19793937210361,0.40889454472388737,0.40889454472388737,0.7754391779913822,0.7754391779913822
1642849,BKN,G,late_first,0.0,1,9.257916494419181,44.5,411.9772840016536,0.3734033636922389,153.83370361101026,0.12387550986198805,51.03389610726189,0.10265407610214003,42.2911474642587,0.03369279767558809,13.880667276806008,0.010348103034028049,4.263183382528147,0.04822037212940716,19.865697943422195,0.058736101022517744,24.19793937210361,0.40889454472388737,0.40889454472388737,0.7754391779913822,0.7754391779913822
1641998,TOR,C,undrafted,966.1600000000001,0,9.225245562867531,35.35023558417246,326.1146039692089,0.3053462745132601,99.57787938636514,0.2624481330305605,85.58816896571949,0.04645444615525455,15.149473310529775,0.024233854828393166,7.903013970008738,0.04448005731322789,14.505596275231026,0.0054025924592436035,1.761864300253262,0.0605263150352533,19.7385152574372,0.5342019305589826,0.5342019305589826,0.5077498601513664,0.5077498601513664
1631245,IND,G,undrafted,526.16,0,9.056548860033512,31.00591294984055,280.80656558017677,0.3758341038704921,105.53668393577631,0.14113927714489222,39.63283568352592,0.12326372475720794,34.61326320969177,0.04534076249740045,12.731983797681497,0.010841187498369442,3.044276628227871,0.04068640252946349,11.42500896011126,0.048820985018806336,13.709253131372268,0.4181193743321825,0.4181193743321825,0.756038580697195,0.756038580697195
1630568,BOS,C,second_round,973.37,0,8.993232421156277,34.996741050328154,314.73382624862194,0.5150662381336596,162.10876789929054,0.24578039857730194,77.35540526114559,0.05535665706919085,17.422612487719263,0.02396639888363216,7.543036422046251,0.026291191893752733,8.27472742135755,0.03163465774051249,9.95649687273708,0.05321438641685245,16.748367448448665,0.49816907881923705,0.49816907881923705,0.6920471589774796,0.6920471589774796
1631288,ORL,F,undrafted,1001.0600000000001,0,8.975597804360124,38.412700398215314,344.7769493537646,0.3718918751448953,128.21974620190812,0.17186581525322553,59.255371481204804,0.0529276796571504,18.24824392856562,0.03218263003580192,11.095829005924623,0.017570825064291265,6.058015463295008,0.046359864657440075,15.9838127090456,0.040766141340426436,14.055225848276615,0.4204226002945475,0.4204226002945475,0.7285031378622602,0.7285031378622602
1642277,IND,G,second_round,379.5,0,8.943039177426472,38.58242617658599,345.04414885737316,0.32687543994331647,112.78645795762102,0.15151733447247964,52.28016971019466,0.08661240032920836,29.885101952085765,0.03534601484441376,12.195935607490824,0.01753545656836797,6.050506686457959,0.04066410295893513,14.030910794514362,0.04769912181558101,16.458302888101308,0.40999972917962824,0.40999972917962824,0.7342975558492582,0.7342975558492582
1643416,BOS,F,late_first,0.0,1,8.823182346109174,42.61904761904762,376.03562856036723,0.3632161026905581,136.58219547849092,0.19960714842027727,75.05939952136147,0.050545319178707866,19.006840868149798,0.029688279663858445,11.163850904274979,0.02500204610197772,9.401660121252473,0.03416330269900652,12.846619004119006,0.04498784219405495,16.917031517016063,0.45408250599109895,0.45408250599109895,0.7103144171779141,0.7103144171779141
1642284,SAC,F,late_first,0.0,1,8.823182346109174,42.61904761904762,376.03562856036723,0.3632161026905581,136.58219547849092,0.19960714842027727,75.05939952136147,0.050545319178707866,19.006840868149798,0.029688279663858445,11.163850904274979,0.02500204610197772,9.401660121252473,0.03416330269900652,12.846619004119006,0.04498784219405495,16.917031517016063,0.45408250599109895,0.45408250599109895,0.7103144171779141,0.7103144171779141
1643517,CHI,F,late_first,0.0,1,8.823182346109174,42.61904761904762,376.03562856036723,0.3632161026905581,136.58219547849092,0.19960714842027727,75.05939952136147,0.050545319178707866,19.006840868149798,0.029688279663858445,11.163850904274979,0.02500204610197772,9.401660121252473,0.03416330269900652,12.846619004119006,0.04498784219405495,16.917031517016063,0.45408250599109895,0.45408250599109895,0.7103144171779141,0.7103144171779141
1641747,DEN,F,late_first,0.0,1,8.823182346109174,42.61904761904762,376.03562856036723,0.3632161026905581,136.58219547849092,0.19960714842027727,75.05939952136147,0.050545319178707866,19.006840868149798,0.029688279663858445,11.163850904274979,0.02500204610197772,9.401660121252473,0.03416330269900652,12.846619004119006,0.04498784219405495,16.917031517016063,0.45408250599109895,0.45408250599109895,0.7103144171779141,0.7103144171779141
1643538,BKN,F,late_first,0.0,1,8.823182346109174,42.61904761904762,376.03562856036723,0.3632161026905581,136.58219547849092,0.19960714842027727,75.05939952136147,0.050545319178707866,19.006840868149798,0.029688279663858445,11.163850904274979,0.02500204610197772,9.401660121252473,0.03416330269900652,12.846619004119006,0.04498784219405495,16.917031517016063,0.45408250599109895,0.45408250599109895,0.7103144171779141,0.7103144171779141
1642874,BKN,F,late_first,0.0,1,8.823182346109174,42.61904761904762,376.03562856036723,0.3632161026905581,136.58219547849092,0.19960714842027727,75.05939952136147,0.050545319178707866,19.006840868149798,0.029688279663858445,11.163850904274979,0.02500204610197772,9.401660121252473,0.03416330269900652,12.846619004119006,0.04498784219405495,16.917031517016063,0.45408250599109895,0.45408250599109895,0.7103144171779141,0.7103144171779141
1643519,SAS,F,late_first,0.0,1,8.823182346109174,42.61904761904762,376.03562856036723,0.3632161026905581,136.58219547849092,0.19960714842027727,75.05939952136147,0.050545319178707866,19.006840868149798,0.029688279663858445,11.163850904274979,0.02500204610197772,9.401660121252473,0.03416330269900652,12.846619004119006,0.04498784219405495,16.917031517016063,0.45408250599109895,0.45408250599109895,0.7103144171779141,0.7103144171779141
1642860,WAS,F,late_first,0.0,1,8.823182346109174,42.61904761904762,376.03562856036723,0.3632161026905581,136.58219547849092,0.19960714842027727,75.05939952136147,0.050545319178707866,19.006840868149798,0.029688279663858445,11.163850904274979,0.02500204610197772,9.401660121252473,0.03416330269900652,12.846619004119006,0.04498784219405495,16.917031517016063,0.45408250599109895,0.45408250599109895,0.7103144171779141,0.7103144171779141
1643510,MEM,F,late_first,0.0,1,8.823182346109174,42.61904761904762,376.03562856036723,0.3632161026905581,136.58219547849092,0.19960714842027727,75.05939952136147,0.050545319178707866,19.006840868149798,0.029688279663858445,11.163850904274979,0.02500204610197772,9.401660121252473,0.03416330269900652,12.846619004119006,0.04498784219405495,16.917031517016063,0.45408250599109895,0.45408250599109895,0.7103144171779141,0.7103144171779141
1642862,CHA,F,late_first,0.0,1,8.823182346109174,42.61904761904762,376.03562856036723,0.3632161026905581,136.58219547849092,0.19960714842027727,75.05939952136147,0.050545319178707866,19.006840868149798,0.029688279663858445,11.163850904274979,0.02500204610197772,9.401660121252473,0.03416330269900652,12.846619004119006,0.04498784219405495,16.917031517016063,0.45408250599109895,0.45408250599109895,0.7103144171779141,0.7103144171779141
1643544,ATL,F,late_first,0.0,1,8.823182346109174,42.61904761904762,376.03562856036723,0.3632161026905581,136.58219547849092,0.19960714842027727,75.05939952136147,0.050545319178707866,19.006840868149798,0.029688279663858445,11.163850904274979,0.02500204610197772,9.401660121252473,0.03416330269900652,12.846619004119006,0.04498784219405495,16.917031517016063,0.45408250599109895,0.45408250599109895,0.7103144171779141,0.7103144171779141
1643520,PHX,F,late_first,0.0,1,8.823182346109174,42.61904761904762,376.03562856036723,0.3632161026905581,136.58219547849092,0.19960714842027727,75.05939952136147,0.050545319178707866,19.006840868149798,0.029688279663858445,11.163850904274979,0.02500204610197772,9.401660121252473,0.03416330269900652,12.846619004119006,0.04498784219405495,16.917031517016063,0.45408250599109895,0.45408250599109895,0.7103144171779141,0.7103144171779141
1642854,ATL,F,late_first,0.0,1,8.823182346109174,42.61904761904762,376.03562856036723,0.3632161026905581,136.58219547849092,0.19960714842027727,75.05939952136147,0.050545319178707866,19.006840868149798,0.029688279663858445,11.163850904274979,0.02500204610197772,9.401660121252473,0.03416330269900652,12.846619004119006,0.04498784219405495,16.917031517016063,0.45408250599109895,0.45408250599109895,0.7103144171779141,0.7103144171779141
1642866,MIN,F,late_first,0.0,1,8.823182346109174,42.61904761904762,376.03562856036723,0.3632161026905581,136.58219547849092,0.19960714842027727,75.05939952136147,0.050545319178707866,19.006840868149798,0.029688279663858445,11.163850904274979,0.02500204610197772,9.401660121252473,0.03416330269900652,12.846619004119006,0.04498784219405495,16.917031517016063,0.45408250599109895,0.45408250599109895,0.7103144171779141,0.7103144171779141
1643512,TOR,F,late_first,0.0,1,8.823182346109174,42.61904761904762,376.03562856036723,0.3632161026905581,136.58219547849092,0.19960714842027727,75.05939952136147,0.050545319178707866,19.006840868149798,0.029688279663858445,11.163850904274979,0.02500204610197772,9.401660121252473,0.03416330269900652,12.846619004119006,0.04498784219405495,16.917031517016063,0.45408250599109895,0.45408250599109895,0.7103144171779141,0.7103144171779141
1630658,ORL,C,undrafted,491.16,0,8.576991479102576,33.71138201958705,289.1422363307699,0.33404604430998125,96.58682028923543,0.26384107352285857,76.2875980343104,0.054160213879718706,15.66000536133467,0.02513684979848284,7.268124965043992,0.036162327390149324,10.456056212513229,0.010297073804254096,2.9773189474250175,0.05201424833117374,15.03951608353959,0.49034935014258463,0.49034935014258463,0.7342659661962988,0.7342659661962988
203648,MIL,F,second_round,1520.78,0,8.334724817029539,28.792950168721713,239.98131632673972,0.23868178631409465,57.27916926287404,0.16615917044581074,39.875096443344766,0.08193374802183016,19.66256870186221,0.046165471836566885,11.07885070018435,0.022208145414955936,5.329539969856775,0.010528269422101657,2.526587954558519,0.06241590820522097,14.978651810817883,0.4413712766616679,0.4413712766616679,0.5425335009117593,0.5425335009117593
1642278,NYK,G,second_round,296.02,0,7.997016919130692,34.68076445166725,277.34266008836926,0.33105960741413015,91.81695216804607,0.1183030212268418,32.81047460354312,0.12810095680740263,35.52786012083034,0.035751942876846986,9.915538940792167,0.011379471606655636,3.1560129257899434,0.03941661449809664,10.931908716579905,0.05500206091706798,15.254417885082164,0.3972691034785201,0.3972691034785201,0.7551179339072036,0.7551179339072036
1642285,MEM,G,second_round,252.25,0,7.7650184270844065,32.36283494084065,251.29800966831874,0.3529264823722975,88.68972257939934,0.12076527278478441,30.3480726878679,0.11284652443563292,28.35810698866185,0.03474719915994158,8.731901990441996,0.0097551205820515,2.451442386343993,0.05344636595493256,13.430965388479144,0.05068102790109513,12.736041439489737,0.40601057598155155,0.40601057598155155,0.7777546945544054,0.7777546945544054
1631131,HOU,F,undrafted,297.14,0,7.561299830108477,27.87003247825907,210.73367184297805,0.36866800941052175,77.69076331412083,0.24904304025133528,52.481754319102464,0.053422027942585396,11.257820105639194,0.03655233283422374,7.7028073125826175,0.020377505249726757,4.294226504274481,0.024564570599668406,5.176582159714188,0.04277536091220391,9.01420886943733,0.5297149372095322,0.5297149372095322,0.7260851290197089,0.7260851290197089
1631321,POR,G,second_round,255.28,0,7.456216081882241,30.622818047383113,228.3303483974517,0.3343930913704325,76.35209105431176,0.14215884048392344,32.459177575472,0.11392352418678356,26.012197968233806,0.0415267534666045,9.481818086844891,0.01253778839038288,2.862757591309648,0.03694393357124143,8.435421223493867,0.06056395968570634,13.828590015366547,0.43881284514713736,0.43881284514713736,0.7366375453338962,0.7366375453338962
1631466,GSW,G,undrafted,402.51,0,7.308445309238305,26.636758256352923,194.6732909319572,0.3719001121374337,72.39901872775813,0.12163568379851603,23.679218859816064,0.09022598994863064,17.56459039089362,0.03550766748873102,6.912394483348932,0.012101679627161138,2.3558737988236795,0.03890544422209402,7.573850861884743,0.06119752813418357,11.913524198782554,0.4219654969122748,0.4219654969122748,0.6773292782634857,0.6773292782634857
1642403,DET,F,undrafted,304.0,0,7.201285187838664,28.519358504536434,205.37603396537887,0.35574433292496244,73.06136020178813,0.18828458732997005,38.66914180263727,0.052384357793214265,10.758491645393732,0.027043959682245534,5.554181182259195,0.022718311240380498,4.665796660940433,0.026585859064741604,5.460098294279147,0.047536414324668354,9.762840242935411,0.4997213278112113,0.4997213278112113,0.6848729750438519,0.6848729750438519
1631123,PHX,G,undrafted,227.10999999999999,0,6.958990485077294,21.66824311415644,150.78909765975627,0.3538184594898058,53.35196624183284,0.12634939010092816,19.052110523179497,0.12458176964250822,18.78557262924943,0.03634781967619892,5.480854930873569,0.01316327613489012,1.9848785306262853,0.03254939099683794,4.908093297787788,0.06301185360146967,9.501500546434276,0.42499126990538244,0.42499126990538244,0.7134575404193397,0.7134575404193397
1642355,LAL,G,second_round,181.17,0,6.935112845471239,32.58600340109724,225.98761076951894,0.3432762348712133,77.57617615250172,0.12016226836279054,27.155183931952788,0.11240413161947048,25.401941145306672,0.03535765559451163,7.990392110215198,0.011597181050809865,2.6208192373340604,0.0405114958430521,9.155096154270643,0.05657578852127873,12.785427275325356,0.40259804163972346,0.40259804163972346,0.7466775987026416,0.7466775987026416
1630311,PHX,G,undrafted,275.22,0,6.732016950456593,25.76250057084394,173.43359052906905,0.34841155189338746,60.426266426675255,0.14444706721043443,25.0519735076994,0.13309710011659154,23.083507962227447,0.03914633502681225,6.789289439753909,0.010362691363304316,1.797238770682441,0.03478854731648583,6.033502670388547,0.057181180717653185,9.91713748255416,0.4296192002470811,0.4296192002470811,0.735846955319228,0.735846955319228
1643624,DEN,UNK,second_round,0.0,1,6.634959349593497,36.0,238.85853658536587,0.3411847221371031,81.49488343495312,0.1631563536325441,38.97128786327393,0.08375041708375042,20.00450206303865,0.032229508419984614,7.698293216063252,0.020149401101782056,4.8128564602432204,0.033373509563985757,7.971547655171349,0.05002962145819289,11.950002167423772,0.43880126913545936,0.43880126913545936,0.7238783797167475,0.7238783797167475
1643542,SAS,C,late_first,0.0,1,6.439417781274588,33.58064516129032,216.23980355828533,0.37057320189850307,80.13267638249711,0.31278719895254997,67.63704245704572,0.04689604814241291,10.14079223797526,0.02574561569160655,5.567226879640109,0.06068159786481348,13.121776801890134,0.005728242122093389,1.2386739512157698,0.05564578061462149,12.032832668953194,0.5356342447333035,0.5356342447333035,0.6516998075689544,0.6516998075689544
1642949,LAC,C,late_first,0.0,1,6.439417781274588,33.58064516129032,216.23980355828533,0.37057320189850307,80.13267638249711,0.31278719895254997,67.63704245704572,0.04689604814241291,10.14079223797526,0.02574561569160655,5.567226879640109,0.06068159786481348,13.121776801890134,0.005728242122093389,1.2386739512157698,0.05564578061462149,12.032832668953194,0.5356342447333035,0.5356342447333035,0.6516998075689544,0.6516998075689544
1642905,POR,C,late_first,0.0,1,6.439417781274588,33.58064516129032,216.23980355828533,0.37057320189850307,80.13267638249711,0.31278719895254997,67.63704245704572,0.04689604814241291,10.14079223797526,0.02574561569160655,5.567226879640109,0.06068159786481348,13.121776801890134,0.005728242122093389,1.2386739512157698,0.05564578061462149,12.032832668953194,0.5356342447333035,0.5356342447333035,0.6516998075689544,0.6516998075689544
1642850,OKC,C,late_first,0.0,1,6.439417781274588,33.58064516129032,216.23980355828533,0.37057320189850307,80.13267638249711,0.31278719895254997,67.63704245704572,0.04689604814241291,10.14079223797526,0.02574561569160655,5.567226879640109,0.06068159786481348,13.121776801890134,0.005728242122093389,1.2386739512157698,0.05564578061462149,12.032832668953194,0.5356342447333035,0.5356342447333035,0.6516998075689544,0.6516998075689544
1642402,MIN,F,second_round,181.28,0,6.176321621086689,28.029843015478157,173.12132545216346,0.3258382866400279,56.4095560661836,0.18813674935694583,32.57048341493592,0.058345998565244014,10.100936606445071,0.02898970212611702,5.018735656536779,0.023259470023423077,4.026710279769866,0.02546809239929581,4.40906991290426,0.044410565871020276,7.688416027671645,0.44848275629898743,0.44848275629898743,0.6808561511137563,0.6808561511137563
1642353,LAC,G,second_round,58.629999999999995,0,6.108491378764565,29.87223686176706,182.47430133451715,0.3374408256282108,61.5742788982504,0.13040000533539897,23.794649867594234,0.10430826975646242,19.033578647222825,0.03339491097572567,6.09371304842394,0.012484403687121032,2.2780828403854803,0.03936779785450357,7.183611408579042,0.054768116474231306,9.993773789042816,0.4146279713168564,0.4146279713168564,0.7493831572305035,0.7493831572305035
1642382,POR,C,undrafted,246.4,0,5.955502393523583,28.973418844749673,172.55126527846795,0.3706493223884491,63.956009552733676,0.24775322686662998,42.75013277266032,0.045409748823947244,7.835509615549519,0.025597027258168925,4.416799440764481,0.0562722137703139,9.70984168608809,0.0348078980475875,6.006146849795138,0.04862630711063586,8.390530817759581,0.48293437882824264,0.48293437882824264,0.7113056979552134,0.7113056979552134
1630574,PHI,C,second_round,217.25,0,5.763011220439667,26.53534125407053,152.92346938540405,0.3422745116686533,52.341805806565425,0.27118742858374095,41.47092243273216,0.04925270599704065,7.531894677686752,0.023132252374046237,3.5374642877378997,0.05297797734034958,8.101576095907578,0.01042024480546342,1.5934999874967009,0.056747940648452705,8.678091964438384,0.566555217448613,0.566555217448613,0.6089330446494592,0.6089330446494592
1631250,MIL,F,undrafted,165.55,0,5.666466025250076,23.563823966551894,133.52360793143978,0.32357061276127397,43.204315636472074,0.17027246714386463,22.73539414443634,0.06157352143162059,8.221518734593813,0.030551941500599297,4.079405458470305,0.01788845259165686,2.388530730348539,0.04147469475631005,5.537850881717684,0.04139342381526611,5.526999292449514,0.42261930098894185,0.42261930098894185,0.6204497850979183,0.6204497850979183
1641989,DET,G,undrafted,138.0,0,5.64674043965835,22.280568415259058,125.81258668901788,0.3273994185383655,41.19096772679216,0.12592212658067256,15.842588466496348,0.10564637414512977,13.291643605514556,0.03522748396153396,4.432060879746478,0.009424016445058974,1.1856598859527123,0.04258101478834781,5.357227614365361,0.05179997501915731,6.51708884758669,0.40045815242679583,0.40045815242679583,0.7231410217347769,0.7231410217347769
1630536,WAS,G,second_round,38.61,0,5.6186889111581415,29.36130335978042,164.9720296047485,0.33742320910732776,55.66539164218332,0.12504248246410937,20.6285121189203,0.10789926000503214,17.80035991588062,0.0347849628079035,5.738545914145532,0.010974025755490282,1.8104073018180153,0.04034531726318592,6.6558488739552795,0.05485348597906463,9.049290912861908,0.4033190202045045,0.4033190202045045,0.7546798846010123,0.7546798846010123
1641755,NYK,G,second_round,29.16,0,5.546620258126475,29.27495650656105,162.377066815063,0.33565070429371224,54.50197683762306,0.1329152934631414,21.582395487408217,0.106335932987596,17.266516895568937,0.033869961683080964,5.499705031237261,0.01154681317414332,1.8749376542789196,0.03924125696650821,6.371880204357759,0.05330894951668804,8.656150857512074,0.4145624749359267,0.4145624749359267,0.7489782309063767,0.7489782309063767
1631159,CHI,F,second_round,83.95,0,5.536647162150514,26.029348247824327,144.115317108944,0.3513284310559119,50.63180825101051,0.21450341220810795,30.913227271322008,0.0621932259356139,8.962996477739196,0.03260842527089905,4.69937354833892,0.026514905795730872,3.8212040568655317,0.03482160547504794,5.018326715279074,0.04651228698045105,6.7031329876499095,0.4443220209437785,0.4443220209437785,0.7108359167442162,0.7108359167442162
1641803,HOU,G,second_round,16.16,0,5.413714947170951,29.39169458813015,159.11825631444376,0.3433807187270425,54.63814121584747,0.1269272254281372,20.19643878895552,0.10792945741742853,17.173547069225236,0.03402905658046492,5.414644147109127,0.011267425914447415,1.7928531646590495,0.04061526105911866,6.462629519482889,0.05467040287272683,8.69905917711645,0.4126842261513996,0.4126842261513996,0.7563385462054998,0.7563385462054998
1641725,UTA,G,undrafted,117.12,0,5.334749940019669,22.248681390860305,118.69115171540874,0.33868146955799416,40.19849368650547,0.11902556467097766,14.127281354375205,0.11112152111414804,13.18914132140634,0.03514410390615083,4.171294168627037,0.009145583292663382,1.0854998141154169,0.040664768505263814,4.826548208130243,0.05609184852158848,6.657606102873584,0.3993918322159153,0.3993918322159153,0.7416542792644815,0.7416542792644815
1631211,MIA,G,second_round,8.040000000000001,0,5.33341925682339,29.396169731367088,156.7820977221221,0.33817415447418636,53.0196533338679,0.12587428340006063,19.734834200730397,0.10676159249626799,16.738306427719266,0.034338914326285934,5.38372702157534,0.01108823082772279,1.7384360891974815,0.03962048966305935,6.2117834821521,0.054104829988751504,8.48266874253524,0.40777811423827026,0.40777811423827026,0.7567914105179794,0.7567914105179794
1642530,LAC,G,undrafted,92.62,0,5.2660396249262895,22.341185849692327,117.64956995232231,0.3392810892966903,39.916274248711076,0.12382436613964545,14.567883425948187,0.12114118843463884,14.2522087228485,0.03469080165742062,4.081357896296845,0.009007323307474778,1.059707713545937,0.04556447447400432,5.360640826970176,0.05872011730860721,6.9083965489075565,0.39989476038726235,0.39989476038726235,0.7597216174305575,0.7597216174305575
1642876,LAL,G,second_round,0.0,1,5.248358348968106,29.467032967032967,154.65354849184587,0.3385812643492998,52.36279398447492,0.12502308330026365,19.33526347577741,0.1076434864492842,16.64744715141573,0.034326995739575844,5.30879170018988,0.011014499586792554,1.7034314459594386,0.03938240220866256,6.090628249702774,0.05411642365353964,8.369296949707968,0.41155017805809413,0.41155017805809413,0.7587564766839379,0.7587564766839379
1642886,PHX,G,second_round,0.0,1,5.248358348968106,29.467032967032967,154.65354849184587,0.3385812643492998,52.36279398447492,0.12502308330026365,19.33526347577741,0.1076434864492842,16.64744715141573,0.034326995739575844,5.30879170018988,0.011014499586792554,1.7034314459594386,0.03938240220866256,6.090628249702774,0.05411642365353964,8.369296949707968,0.41155017805809413,0.41155017805809413,0.7587564766839379,0.7587564766839379
1642954,GSW,G,second_round,0.0,1,5.248358348968106,29.467032967032967,154.65354849184587,0.3385812643492998,52.36279398447492,0.12502308330026365,19.33526347577741,0.1076434864492842,16.64744715141573,0.034326995739575844,5.30879170018988,0.011014499586792554,1.7034314459594386,0.03938240220866256,6.090628249702774,0.05411642365353964,8.369296949707968,0.41155017805809413,0.41155017805809413,0.7587564766839379,0.7587564766839379
1643570,HOU,G,second_round,0.0,1,5.248358348968106,29.467032967032967,154.65354849184587,0.3385812643492998,52.36279398447492,0.12502308330026365,19.33526347577741,0.1076434864492842,16.64744715141573,0.034326995739575844,5.30879170018988,0.011014499586792554,1.7034314459594386,0.03938240220866256,6.090628249702774,0.05411642365353964,8.369296949707968,0.41155017805809413,0.41155017805809413,0.7587564766839379,0.7587564766839379
1643585,DAL,G,second_round,0.0,1,5.248358348968106,29.467032967032967,154.65354849184587,0.3385812643492998,52.36279398447492,0.12502308330026365,19.33526347577741,0.1076434864492842,16.64744715141573,0.034326995739575844,5.30879170018988,0.011014499586792554,1.7034314459594386,0.03938240220866256,6.090628249702774,0.05411642365353964,8.369296949707968,0.41155017805809413,0.41155017805809413,0.7587564766839379,0.7587564766839379
1643558,TOR,G,second_round,0.0,1,5.248358348968106,29.467032967032967,154.65354849184587,0.3385812643492998,52.36279398447492,0.12502308330026365,19.33526347577741,0.1076434864492842,16.64744715141573,0.034326995739575844,5.30879170018988,0.011014499586792554,1.7034314459594386,0.03938240220866256,6.090628249702774,0.05411642365353964,8.369296949707968,0.41155017805809413,0.41155017805809413,0.7587564766839379,0.7587564766839379
1642917,BOS,G,second_round,0.0,1,5.248358348968106,29.467032967032967,154.65354849184587,0.3385812643492998,52.36279398447492,0.12502308330026365,19.33526347577741,0.1076434864492842,16.64744715141573,0.034326995739575844,5.30879170018988,0.011014499586792554,1.7034314459594386,0.03938240220866256,6.090628249702774,0.05411642365353964,8.369296949707968,0.41155017805809413,0.41155017805809413,0.7587564766839379,0.7587564766839379
1642918,TOR,G,second_round,0.0,1,5.248358348968106,29.467032967032967,154.65354849184587,0.3385812643492998,52.36279398447492,0.12502308330026365,19.33526347577741,0.1076434864492842,16.64744715141573,0.034326995739575844,5.30879170018988,0.011014499586792554,1.7034314459594386,0.03938240220866256,6.090628249702774,0.05411642365353964,8.369296949707968,0.41155017805809413,0.41155017805809413,0.7587564766839379,0.7587564766839379
1642880,MIL,G,second_round,0.0,1,5.248358348968106,29.467032967032967,154.65354849184587,0.3385812643492998,52.36279398447492,0.12502308330026365,19.33526347577741,0.1076434864492842,16.64744715141573,0.034326995739575844,5.30879170018988,0.011014499586792554,1.7034314459594386,0.03938240220866256,6.090628249702774,0.05411642365353964,8.369296949707968,0.41155017805809413,0.41155017805809413,0.7587564766839379,0.7587564766839379
1642942,MEM,G,second_round,0.0,1,5.248358348968106,29.467032967032967,154.65354849184587,0.3385812643492998,52.36279398447492,0.12502308330026365,19.33526347577741,0.1076434864492842,16.64744715141573,0.034326995739575844,5.30879170018988,0.011014499586792554,1.7034314459594386,0.03938240220866256,6.090628249702774,0.05411642365353964,8.369296949707968,0.41155017805809413,0.41155017805809413,0.7587564766839379,0.7587564766839379
1643563,MEM,G,second_round,0.0,1,5.248358348968106,29.467032967032967,154.65354849184587,0.3385812643492998,52.36279398447492,0.12502308330026365,19.33526347577741,0.1076434864492842,16.64744715141573,0.034326995739575844,5.30879170018988,0.011014499586792554,1.7034314459594386,0.03938240220866256,6.090628249702774,0.05411642365353964,8.369296949707968,0.41155017805809413,0.41155017805809413,0.7587564766839379,0.7587564766839379
1642914,MEM,G,second_round,0.0,1,5.248358348968106,29.467032967032967,154.65354849184587,0.3385812643492998,52.36279398447492,0.12502308330026365,19.33526347577741,0.1076434864492842,16.64744715141573,0.034326995739575844,5.30879170018988,0.011014499586792554,1.7034314459594386,0.03938240220866256,6.090628249702774,0.05411642365353964,8.369296949707968,0.41155017805809413,0.41155017805809413,0.7587564766839379,0.7587564766839379
1643553,MIA,G,second_round,0.0,1,5.248358348968106,29.467032967032967,154.65354849184587,0.3385812643492998,52.36279398447492,0.12502308330026365,19.33526347577741,0.1076434864492842,16.64744715141573,0.034326995739575844,5.30879170018988,0.011014499586792554,1.7034314459594386,0.03938240220866256,6.090628249702774,0.05411642365353964,8.369296949707968,0.41155017805809413,0.41155017805809413,0.7587564766839379,0.7587564766839379
1643650,GSW,G,second_round,0.0,1,5.248358348968106,29.467032967032967,154.65354849184587,0.3385812643492998,52.36279398447492,0.12502308330026365,19.33526347577741,0.1076434864492842,16.64744715141573,0.034326995739575844,5.30879170018988,0.011014499586792554,1.7034314459594386,0.03938240220866256,6.090628249702774,0.05411642365353964,8.369296949707968,0.41155017805809413,0.41155017805809413,0.7587564766839379,0.7587564766839379
1642920,LAC,G,second_round,0.0,1,5.248358348968106,29.467032967032967,154.65354849184587,0.3385812643492998,52.36279398447492,0.12502308330026365,19.33526347577741,0.1076434864492842,16.64744715141573,0.034326995739575844,5.30879170018988,0.011014499586792554,1.7034314459594386,0.03938240220866256,6.090628249702774,0.05411642365353964,8.369296949707968,0.41155017805809413,0.41155017805809413,0.7587564766839379,0.7587564766839379
1643552,IND,G,second_round,0.0,1,5.248358348968106,29.467032967032967,154.65354849184587,0.3385812643492998,52.36279398447492,0.12502308330026365,19.33526347577741,0.1076434864492842,16.64744715141573,0.034326995739575844,5.30879170018988,0.011014499586792554,1.7034314459594386,0.03938240220866256,6.090628249702774,0.05411642365353964,8.369296949707968,0.41155017805809413,0.41155017805809413,0.7587564766839379,0.7587564766839379
1642910,POR,G,second_round,0.0,1,5.248358348968106,29.467032967032967,154.65354849184587,0.3385812643492998,52.36279398447492,0.12502308330026365,19.33526347577741,0.1076434864492842,16.64744715141573,0.034326995739575844,5.30879170018988,0.011014499586792554,1.7034314459594386,0.03938240220866256,6.090628249702774,0.05411642365353964,8.369296949707968,0.41155017805809413,0.41155017805809413,0.7587564766839379,0.7587564766839379
1642877,NOP,G,second_round,0.0,1,5.248358348968106,29.467032967032967,154.65354849184587,0.3385812643492998,52.36279398447492,0.12502308330026365,19.33526347577741,0.1076434864492842,16.64744715141573,0.034326995739575844,5.30879170018988,0.011014499586792554,1.7034314459594386,0.03938240220866256,6.090628249702774,0.05411642365353964,8.369296949707968,0.41155017805809413,0.41155017805809413,0.7587564766839379,0.7587564766839379
1642869,ORL,G,second_round,0.0,1,5.248358348968106,29.467032967032967,154.65354849184587,0.3385812643492998,52.36279398447492,0.12502308330026365,19.33526347577741,0.1076434864492842,16.64744715141573,0.034326995739575844,5.30879170018988,0.011014499586792554,1.7034314459594386,0.03938240220866256,6.090628249702774,0.05411642365353964,8.369296949707968,0.41155017805809413,0.41155017805809413,0.7587564766839379,0.7587564766839379
1643567,SAC,G,second_round,0.0,1,5.248358348968106,29.467032967032967,154.65354849184587,0.3385812643492998,52.36279398447492,0.12502308330026365,19.33526347577741,0.1076434864492842,16.64744715141573,0.034326995739575844,5.30879170018988,0.011014499586792554,1.7034314459594386,0.03938240220866256,6.090628249702774,0.05411642365353964,8.369296949707968,0.41155017805809413,0.41155017805809413,0.7587564766839379,0.7587564766839379
1643551,SAS,G,second_round,0.0,1,5.248358348968106,29.467032967032967,154.65354849184587,0.3385812643492998,52.36279398447492,0.12502308330026365,19.33526347577741,0.1076434864492842,16.64744715141573,0.034326995739575844,5.30879170018988,0.011014499586792554,1.7034314459594386,0.03938240220866256,6.090628249702774,0.05411642365353964,8.369296949707968,0.41155017805809413,0.41155017805809413,0.7587564766839379,0.7587564766839379
1642883,CHA,G,second_round,0.0,1,5.248358348968106,29.467032967032967,154.65354849184587,0.3385812643492998,52.36279398447492,0.12502308330026365,19.33526347577741,0.1076434864492842,16.64744715141573,0.034326995739575844,5.30879170018988,0.011014499586792554,1.7034314459594386,0.03938240220866256,6.090628249702774,0.05411642365353964,8.369296949707968,0.41155017805809413,0.41155017805809413,0.7587564766839379,0.7587564766839379
1642404,DET,G,second_round,0.0,1,5.248358348968106,29.467032967032967,154.65354849184587,0.3385812643492998,52.36279398447492,0.12502308330026365,19.33526347577741,0.1076434864492842,16.64744715141573,0.034326995739575844,5.30879170018988,0.011014499586792554,1.7034314459594386,0.03938240220866256,6.090628249702774,0.05411642365353964,8.369296949707968,0.41155017805809413,0.41155017805809413,0.7587564766839379,0.7587564766839379
1643555,NOP,G,second_round,0.0,1,5.248358348968106,29.467032967032967,154.65354849184587,0.3385812643492998,52.36279398447492,0.12502308330026365,19.33526347577741,0.1076434864492842,16.64744715141573,0.034326995739575844,5.30879170018988,0.011014499586792554,1.7034314459594386,0.03938240220866256,6.090628249702774,0.05411642365353964,8.369296949707968,0.41155017805809413,0.41155017805809413,0.7587564766839379,0.7587564766839379
1642923,OKC,G,second_round,0.0,1,5.248358348968106,29.467032967032967,154.65354849184587,0.3385812643492998,52.36279398447492,0.12502308330026365,19.33526347577741,0.1076434864492842,16.64744715141573,0.034326995739575844,5.30879170018988,0.011014499586792554,1.7034314459594386,0.03938240220866256,6.090628249702774,0.05411642365353964,8.369296949707968,0.41155017805809413,0.41155017805809413,0.7587564766839379,0.7587564766839379
1642964,OKC,G,second_round,0.0,1,5.248358348968106,29.467032967032967,154.65354849184587,0.3385812643492998,52.36279398447492,0.12502308330026365,19.33526347577741,0.1076434864492842,16.64744715141573,0.034326995739575844,5.30879170018988,0.011014499586792554,1.7034314459594386,0.03938240220866256,6.090628249702774,0.05411642365353964,8.369296949707968,0.41155017805809413,0.41155017805809413,0.7587564766839379,0.7587564766839379
1643509,CLE,G,second_round,0.0,1,5.248358348968106,29.467032967032967,154.65354849184587,0.3385812643492998,52.36279398447492,0.12502308330026365,19.33526347577741,0.1076434864492842,16.64744715141573,0.034326995739575844,5.30879170018988,0.011014499586792554,1.7034314459594386,0.03938240220866256,6.090628249702774,0.05411642365353964,8.369296949707968,0.41155017805809413,0.41155017805809413,0.7587564766839379,0.7587564766839379
1643583,NYK,G,second_round,0.0,1,5.248358348968106,29.467032967032967,154.65354849184587,0.3385812643492998,52.36279398447492,0.12502308330026365,19.33526347577741,0.1076434864492842,16.64744715141573,0.034326995739575844,5.30879170018988,0.011014499586792554,1.7034314459594386,0.03938240220866256,6.090628249702774,0.05411642365353964,8.369296949707968,0.41155017805809413,0.41155017805809413,0.7587564766839379,0.7587564766839379
1643007,SAS,G,second_round,0.0,1,5.248358348968106,29.467032967032967,154.65354849184587,0.3385812643492998,52.36279398447492,0.12502308330026365,19.33526347577741,0.1076434864492842,16.64744715141573,0.034326995739575844,5.30879170018988,0.011014499586792554,1.7034314459594386,0.03938240220866256,6.090628249702774,0.05411642365353964,8.369296949707968,0.41155017805809413,0.41155017805809413,0.7587564766839379,0.7587564766839379
1642878,CLE,G,second_round,0.0,1,5.248358348968106,29.467032967032967,154.65354849184587,0.3385812643492998,52.36279398447492,0.12502308330026365,19.33526347577741,0.1076434864492842,16.64744715141573,0.034326995739575844,5.30879170018988,0.011014499586792554,1.7034314459594386,0.03938240220866256,6.090628249702774,0.05411642365353964,8.369296949707968,0.41155017805809413,0.41155017805809413,0.7587564766839379,0.7587564766839379
1642461,DEN,F,undrafted,124.60000000000001,0,5.062155506402433,22.962457860932684,116.2395325012542,0.32976845796806,38.33213138786679,0.17794559218917866,20.68431244672896,0.05784625710271692,6.724021882567171,0.03000673765300951,3.487969156673607,0.020222982218981212,2.3507099989155527,0.03344203443984431,3.8872864491783448,0.044268369254208004,5.145734546702034,0.43687527956617833,0.43687527956617833,0.7073031553698741,0.7073031553698741
1642484,ATL,G,undrafted,70.4,0,4.941377109225325,21.541746651825292,106.44589379806078,0.3388361658585454,36.06771852592083,0.13011544026771482,13.850254336225094,0.11680479335516164,12.433390628587972,0.03713918275856995,3.9533135036655067,0.01131956664631272,1.204921389073475,0.044700565051805606,4.758191600217807,0.06256797838813608,6.660104382662895,0.3995446003626978,0.3995446003626978,0.7723378385990842,0.7723378385990842
1642352,MIA,F,undrafted,98.08,0,4.861565825655642,22.70270842848781,110.37071144576065,0.3413499990962942,37.675042252267744,0.1956993021705831,21.599471210006147,0.0558579200910933,6.165078380334415,0.0302436520948748,3.3380133984294007,0.021845870540922678,2.41114427375362,0.03468143523493649,3.8278146808400115,0.045019817014480046,4.968869233046123,0.47742438745820903,0.47742438745820903,0.6923549219260723,0.6923549219260723
1631127,UTA,F,second_round,34.75,0,4.813183872491411,25.36755661342455,122.09871437624788,0.33421250016510834,40.80691659863126,0.19327433891197981,23.598548303071954,0.0619030718354777,7.558285487052347,0.03302105482501189,4.031828341481549,0.025259994872571648,3.084212899091612,0.028315038834386772,3.4572298391921574,0.04581051557098805,5.5934050561307265,0.45848418509244154,0.45848418509244154,0.7015000363505203,0.7015000363505203
1641771,IND,F,second_round,36.96,0,4.762836583211896,25.31570259123792,120.57455443126014,0.3339605179506189,40.26714064952873,0.19200155970031862,23.15050251097291,0.060115670743182734,7.248420214195599,0.031038808159352435,3.7424904638912815,0.025265406777540602,3.046365164726498,0.028416357916445072,3.426289694334576,0.047774440018854496,5.760381818476344,0.45066767188637924,0.45066767188637924,0.6875060867914253,0.6875060867914253
1631199,BOS,G,undrafted,68.17,0,4.672840390706188,21.32413142999367,99.64426264280173,0.3643987211305684,36.31024187503542,0.13227425811993865,13.180370916984916,0.11665015514182997,11.623518696276074,0.03609880032553486,3.5970383407276527,0.009749056677137376,0.9714375640562367,0.044683137258876744,4.452418264727874,0.05423407557550595,5.404114470835274,0.43188864711253816,0.43188864711253816,0.7319163810640889,0.7319163810640889
1631342,SAC,G,undrafted,71.52,0,4.667520439699566,21.37785680592053,99.78158359860456,0.34237216193728043,34.16243649817972,0.12793271107297277,12.765328504923955,0.10858435108814267,10.834718505601735,0.0339502926338906,3.387613962645643,0.009336472993424954,0.9316080605095457,0.04688449183275677,4.678208841288312,0.05651399599103131,5.639056015470294,0.40823158462230597,0.40823158462230597,0.7611773660566579,0.7611773660566579
1641772,CLE,F,undrafted,63.4,0,4.5341989261392,21.9609929933085,99.5755108472099,0.3512751363869459,34.97840115365347,0.19218771243216426,19.13718964398943,0.05472110423224628,5.4488819080493425,0.029513990080553065,2.938870639410557,0.019742191282452533,1.9658387821935448,0.035749990619756714,3.559823578745237,0.04439604048375652,4.420758410763467,0.44654348222372253,0.44654348222372253,0.7089035304977176,0.7089035304977176
1641790,CHA,C,undrafted,66.12,0,4.533356396936977,26.086196669865444,118.25802654509057,0.34831025481611644,41.19048335997156,0.26938456027937835,31.856886480356277,0.044069892963960695,5.211618571971364,0.025975624801467236,3.0718261272972254,0.04993472975319872,5.905182596675699,0.016390379937434384,1.9382939857252353,0.052567306902875394,6.216505975124162,0.5033155200238404,0.5033155200238404,0.656736666573714,0.656736666573714
1642885,NYK,F,second_round,0.0,1,4.35907012195122,25.18125,109.76683450838415,0.33957792390164,37.27439377561198,0.1908891429648246,20.953296965267185,0.060211164885819846,6.609188971578818,0.03141924764129149,3.4487913562195818,0.025403567008702808,2.7884691357669285,0.029716012763389872,3.2618326552480474,0.04620477594307572,5.071751994440562,0.45384176130956155,0.45384176130956155,0.702791048529042,0.702791048529042
1643588,DAL,F,second_round,0.0,1,4.35907012195122,25.18125,109.76683450838415,0.33957792390164,37.27439377561198,0.1908891429648246,20.953296965267185,0.060211164885819846,6.609188971578818,0.03141924764129149,3.4487913562195818,0.025403567008702808,2.7884691357669285,0.029716012763389872,3.2618326552480474,0.04620477594307572,5.071751994440562,0.45384176130956155,0.45384176130956155,0.702791048529042,0.702791048529042
1641844,DAL,F,second_round,0.0,1,4.35907012195122,25.18125,109.76683450838415,0.33957792390164,37.27439377561198,0.1908891429648246,20.953296965267185,0.060211164885819846,6.609188971578818,0.03141924764129149,3.4487913562195818,0.025403567008702808,2.7884691357669285,0.029716012763389872,3.2618326552480474,0.04620477594307572,5.071751994440562,0.45384176130956155,0.45384176130956155,0.702791048529042,0.702791048529042
1642853,PHX,F,second_round,0.0,1,4.35907012195122,25.18125,109.76683450838415,0.33957792390164,37.27439377561198,0.1908891429648246,20.953296965267185,0.060211164885819846,6.609188971578818,0.03141924764129149,3.4487913562195818,0.025403567008702808,2.7884691357669285,0.029716012763389872,3.2618326552480474,0.04620477594307572,5.071751994440562,0.45384176130956155,0.45384176130956155,0.702791048529042,0.702791048529042
1643593,ORL,F,second_round,0.0,1,4.35907012195122,25.18125,109.76683450838415,0.33957792390164,37.27439377561198,0.1908891429648246,20.953296965267185,0.060211164885819846,6.609188971578818,0.03141924764129149,3.4487913562195818,0.025403567008702808,2.7884691357669285,0.029716012763389872,3.2618326552480474,0.04620477594307572,5.071751994440562,0.45384176130956155,0.45384176130956155,0.702791048529042,0.702791048529042
1643576,SAS,F,second_round,0.0,1,4.35907012195122,25.18125,109.76683450838415,0.33957792390164,37.27439377561198,0.1908891429648246,20.953296965267185,0.060211164885819846,6.609188971578818,0.03141924764129149,3.4487913562195818,0.025403567008702808,2.7884691357669285,0.029716012763389872,3.2618326552480474,0.04620477594307572,5.071751994440562,0.45384176130956155,0.45384176130956155,0.702791048529042,0.702791048529042
1642881,MIL,F,second_round,0.0,1,4.35907012195122,25.18125,109.76683450838415,0.33957792390164,37.27439377561198,0.1908891429648246,20.953296965267185,0.060211164885819846,6.609188971578818,0.03141924764129149,3.4487913562195818,0.025403567008702808,2.7884691357669285,0.029716012763389872,3.2618326552480474,0.04620477594307572,5.071751994440562,0.45384176130956155,0.45384176130956155,0.702791048529042,0.702791048529042
1642873,BOS,F,second_round,0.0,1,4.35907012195122,25.18125,109.76683450838415,0.33957792390164,37.27439377561198,0.1908891429648246,20.953296965267185,0.060211164885819846,6.609188971578818,0.03141924764129149,3.4487913562195818,0.025403567008702808,2.7884691357669285,0.029716012763389872,3.2618326552480474,0.04620477594307572,5.071751994440562,0.45384176130956155,0.45384176130956155,0.702791048529042,0.702791048529042
1641831,MIL,F,second_round,0.0,1,4.35907012195122,25.18125,109.76683450838415,0.33957792390164,37.27439377561198,0.1908891429648246,20.953296965267185,0.060211164885819846,6.609188971578818,0.03141924764129149,3.4487913562195818,0.025403567008702808,2.7884691357669285,0.029716012763389872,3.2618326552480474,0.04620477594307572,5.071751994440562,0.45384176130956155,0.45384176130956155,0.702791048529042,0.702791048529042
1641759,BOS,F,second_round,0.0,1,4.35907012195122,25.18125,109.76683450838415,0.33957792390164,37.27439377561198,0.1908891429648246,20.953296965267185,0.060211164885819846,6.609188971578818,0.03141924764129149,3.4487913562195818,0.025403567008702808,2.7884691357669285,0.029716012763389872,3.2618326552480474,0.04620477594307572,5.071751994440562,0.45384176130956155,0.45384176130956155,0.702791048529042,0.702791048529042
1642364,WAS,F,second_round,0.0,1,4.35907012195122,25.18125,109.76683450838415,0.33957792390164,37.27439377561198,0.1908891429648246,20.953296965267185,0.060211164885819846,6.609188971578818,0.03141924764129149,3.4487913562195818,0.025403567008702808,2.7884691357669285,0.029716012763389872,3.2618326552480474,0.04620477594307572,5.071751994440562,0.45384176130956155,0.45384176130956155,0.702791048529042,0.702791048529042
1641780,LAC,F,second_round,0.0,1,4.35907012195122,25.18125,109.76683450838415,0.33957792390164,37.27439377561198,0.1908891429648246,20.953296965267185,0.060211164885819846,6.609188971578818,0.03141924764129149,3.4487913562195818,0.025403567008702808,2.7884691357669285,0.029716012763389872,3.2618326552480474,0.04620477594307572,5.071751994440562,0.45384176130956155,0.45384176130956155,0.702791048529042,0.702791048529042
1642394,LAC,F,second_round,0.0,1,4.35907012195122,25.18125,109.76683450838415,0.33957792390164,37.27439377561198,0.1908891429648246,20.953296965267185,0.060211164885819846,6.609188971578818,0.03141924764129149,3.4487913562195818,0.025403567008702808,2.7884691357669285,0.029716012763389872,3.2618326552480474,0.04620477594307572,5.071751994440562,0.45384176130956155,0.45384176130956155,0.702791048529042,0.702791048529042
1643568,LAC,F,second_round,0.0,1,4.35907012195122,25.18125,109.76683450838415,0.33957792390164,37.27439377561198,0.1908891429648246,20.953296965267185,0.060211164885819846,6.609188971578818,0.03141924764129149,3.4487913562195818,0.025403567008702808,2.7884691357669285,0.029716012763389872,3.2618326552480474,0.04620477594307572,5.071751994440562,0.45384176130956155,0.45384176130956155,0.702791048529042,0.702791048529042
1643548,BKN,F,second_round,0.0,1,4.35907012195122,25.18125,109.76683450838415,0.33957792390164,37.27439377561198,0.1908891429648246,20.953296965267185,0.060211164885819846,6.609188971578818,0.03141924764129149,3.4487913562195818,0.025403567008702808,2.7884691357669285,0.029716012763389872,3.2618326552480474,0.04620477594307572,5.071751994440562,0.45384176130956155,0.45384176130956155,0.702791048529042,0.702791048529042
1642912,MIN,F,second_round,0.0,1,4.35907012195122,25.18125,109.76683450838415,0.33957792390164,37.27439377561198,0.1908891429648246,20.953296965267185,0.060211164885819846,6.609188971578818,0.03141924764129149,3.4487913562195818,0.025403567008702808,2.7884691357669285,0.029716012763389872,3.2618326552480474,0.04620477594307572,5.071751994440562,0.45384176130956155,0.45384176130956155,0.702791048529042,0.702791048529042
1643589,NYK,F,second_round,0.0,1,4.35907012195122,25.18125,109.76683450838415,0.33957792390164,37.27439377561198,0.1908891429648246,20.953296965267185,0.060211164885819846,6.609188971578818,0.03141924764129149,3.4487913562195818,0.025403567008702808,2.7884691357669285,0.029716012763389872,3.2618326552480474,0.04620477594307572,5.071751994440562,0.45384176130956155,0.45384176130956155,0.702791048529042,0.702791048529042
1643626,MIN,F,second_round,0.0,1,4.35907012195122,25.18125,109.76683450838415,0.33957792390164,37.27439377561198,0.1908891429648246,20.953296965267185,0.060211164885819846,6.609188971578818,0.03141924764129149,3.4487913562195818,0.025403567008702808,2.7884691357669285,0.029716012763389872,3.2618326552480474,0.04620477594307572,5.071751994440562,0.45384176130956155,0.45384176130956155,0.702791048529042,0.702791048529042
1642350,DEN,F,second_round,0.0,1,4.35907012195122,25.18125,109.76683450838415,0.33957792390164,37.27439377561198,0.1908891429648246,20.953296965267185,0.060211164885819846,6.609188971578818,0.03141924764129149,3.4487913562195818,0.025403567008702808,2.7884691357669285,0.029716012763389872,3.2618326552480474,0.04620477594307572,5.071751994440562,0.45384176130956155,0.45384176130956155,0.702791048529042,0.702791048529042
1642384,HOU,F,undrafted,45.6,0,4.115006736588592,21.689902327374014,89.25409419309266,0.3384736824271002,30.21016193323133,0.18448649406357068,16.466174918503366,0.05528973019666068,4.934834786883432,0.029343686359325136,2.6190441462877736,0.0202623948572202,1.808501699163968,0.03525234490218763,3.1464161124272443,0.04446368756338888,3.9685661579549536,0.44816139004491296,0.44816139004491296,0.6986574839693895,0.6986574839693895
1642443,MIA,G,undrafted,29.64,0,4.054676126342274,20.961230853003393,84.99100231842196,0.34116964236011604,28.996349864803815,0.12281032507369437,10.437772623064513,0.11997325879934123,10.196647516763448,0.035247383783013446,2.9957104768204044,0.009356766065700779,0.7952409263829069,0.04231762104509075,3.59661702835341,0.05651044927822299,4.802879725620517,0.4076265414676421,0.4076265414676421,0.753281371597143,0.753281371597143
1642449,DET,F,undrafted,22.35,0,4.01698370613752,21.53929384558785,86.52299241943454,0.34344578828133815,29.715957335952943,0.18806824860030566,16.27222764798058,0.056052463920091486,4.849826910848704,0.030248895773022807,2.617224979665518,0.019745055752010854,1.7084013091525476,0.034843115456236126,3.014730614489401,0.045821693122275776,3.964630006664323,0.4535646809471882,0.4535646809471882,0.7036749708235712,0.7036749708235712
1642450,DET,G,undrafted,22.75,0,3.9469956805783593,20.960535644374282,82.73114365095402,0.3388258338035042,28.031448729051977,0.12316653315822065,10.189708147702746,0.11697122803146354,9.67716346929951,0.035748777086829844,2.9575372125164536,0.009301108198070025,0.7694913184475973,0.04203758969991746,3.4778178722037363,0.057329959959360376,4.7429731529012855,0.4045662010454137,0.4045662010454137,0.7506663039659639,0.7506663039659639
1642502,GSW,F,undrafted,20.94,0,3.848789215576655,21.449415107055206,82.55427754446106,0.34081013577675556,28.135334538879736,0.1821210819022662,15.034874342057208,0.05727474383448946,4.728275098800353,0.030281577087366646,2.4998737193544587,0.019585460596504383,1.6168635499199286,0.03546249658311062,2.927580785341616,0.045895131894905475,3.7888394563916736,0.44842624219013505,0.44842624219013505,0.7004813692606848,0.7004813692606848
1641745,SAC,G,undrafted,14.02,0,3.830177060661581,20.981631893531027,80.36336517384795,0.34114030163488934,27.41518263580125,0.12315413587925696,9.897080794334418,0.11763192867003128,9.453297639813758,0.03549542510042573,2.8525318093464813,0.009305510742537847,0.747822157931734,0.04255026395584406,3.4194824005271163,0.056812231787671516,4.5656221294939385,0.4063408243730321,0.4063408243730321,0.7576189150703307,0.7576189150703307
1643640,CLE,C,undrafted,0.0,1,3.693513133208255,25.307692307692307,93.47429390965506,0.34413889896898414,32.16814058797191,0.26916077870514654,25.159613737636494,0.042892287659828804,4.009326303172308,0.026349072512647554,2.4629609482940307,0.051430721284180414,4.807450357303032,0.014341900228403098,1.3405989971727001,0.05409898179179029,5.056864124218883,0.5041782729805014,0.5041782729805014,0.6396276595744681,0.6396276595744681
1630621,NOP,C,undrafted,0.0,1,3.693513133208255,25.307692307692307,93.47429390965506,0.34413889896898414,32.16814058797191,0.26916077870514654,25.159613737636494,0.042892287659828804,4.009326303172308,0.026349072512647554,2.4629609482940307,0.051430721284180414,4.807450357303032,0.014341900228403098,1.3405989971727001,0.05409898179179029,5.056864124218883,0.5041782729805014,0.5041782729805014,0.6396276595744681,0.6396276595744681
1630619,DAL,C,undrafted,0.0,1,3.693513133208255,25.307692307692307,93.47429390965506,0.34413889896898414,32.16814058797191,0.26916077870514654,25.159613737636494,0.042892287659828804,4.009326303172308,0.026349072512647554,2.4629609482940307,0.051430721284180414,4.807450357303032,0.014341900228403098,1.3405989971727001,0.05409898179179029,5.056864124218883,0.5041782729805014,0.5041782729805014,0.6396276595744681,0.6396276595744681
1642928,SAC,C,undrafted,0.0,1,3.693513133208255,25.307692307692307,93.47429390965506,0.34413889896898414,32.16814058797191,0.26916077870514654,25.159613737636494,0.042892287659828804,4.009326303172308,0.026349072512647554,2.4629609482940307,0.051430721284180414,4.807450357303032,0.014341900228403098,1.3405989971727001,0.05409898179179029,5.056864124218883,0.5041782729805014,0.5041782729805014,0.6396276595744681,0.6396276595744681
1642927,TOR,C,undrafted,0.0,1,3.693513133208255,25.307692307692307,93.47429390965506,0.34413889896898414,32.16814058797191,0.26916077870514654,25.159613737636494,0.042892287659828804,4.009326303172308,0.026349072512647554,2.4629609482940307,0.051430721284180414,4.807450357303032,0.014341900228403098,1.3405989971727001,0.05409898179179029,5.056864124218883,0.5041782729805014,0.5041782729805014,0.6396276595744681,0.6396276595744681
1642884,MIA,C,undrafted,0.0,1,3.693513133208255,25.307692307692307,93.47429390965506,0.34413889896898414,32.16814058797191,0.26916077870514654,25.159613737636494,0.042892287659828804,4.009326303172308,0.026349072512647554,2.4629609482940307,0.051430721284180414,4.807450357303032,0.014341900228403098,1.3405989971727001,0.05409898179179029,5.056864124218883,0.5041782729805014,0.5041782729805014,0.6396276595744681,0.6396276595744681
1642481,LAC,C,undrafted,0.0,1,3.693513133208255,25.307692307692307,93.47429390965506,0.34413889896898414,32.16814058797191,0.26916077870514654,25.159613737636494,0.042892287659828804,4.009326303172308,0.026349072512647554,2.4629609482940307,0.051430721284180414,4.807450357303032,0.014341900228403098,1.3405989971727001,0.05409898179179029,5.056864124218883,0.5041782729805014,0.5041782729805014,0.6396276595744681,0.6396276595744681
1642434,CLE,F,undrafted,6.75,0,3.6770095509348644,21.46330269709607,78.92076901182828,0.34171023188150607,26.96803427929862,0.18418625511280232,14.536120894911148,0.05653531075528748,4.461810201129974,0.029867433662689437,2.3571608330692175,0.01989431706697688,1.5700748018909556,0.035642332735186466,2.812920308836377,0.04480569759613501,3.536100110398401,0.4490654319934335,0.4490654319934335,0.7059569538618711,0.7059569538618711
1642389,MIN,G,undrafted,2.61,0,3.6696851485933397,20.870412386084336,76.58784237823217,0.34065554148367233,26.090072916422827,0.12385340540698778,9.485665091317667,0.11790190123419995,9.029852227818802,0.03542594642785225,2.7131968011160454,0.009496091346161264,0.7272851472290934,0.04177367626962627,3.199355733697434,0.0572369761758169,4.383656509560095,0.4098779311988536,0.4098779311988536,0.7575826857797292,0.7575826857797292
1643024,LAL,G,undrafted,0.0,1,3.631531221536282,20.87551867219917,75.81009782385492,0.34047846625483685,25.811705833695267,0.12339606432119081,9.354667707268169,0.1180009778777935,8.945665676226065,0.03553112788471744,2.6936182807323283,0.009393624624879787,0.7121316017327091,0.04176414328526365,3.1661437879853307,0.0572731792465284,4.341885321362495,0.4104023931294027,0.4104023931294027,0.7568062228323038,0.7568062228323038
1642369,CHA,G,undrafted,0.0,1,3.631531221536282,20.87551867219917,75.81009782385492,0.34047846625483685,25.811705833695267,0.12339606432119081,9.354667707268169,0.1180009778777935,8.945665676226065,0.03553112788471744,2.6936182807323283,0.009393624624879787,0.7121316017327091,0.04176414328526365,3.1661437879853307,0.0572731792465284,4.341885321362495,0.4104023931294027,0.4104023931294027,0.7568062228323038,0.7568062228323038
1642948,ATL,G,undrafted,0.0,1,3.631531221536282,20.87551867219917,75.81009782385492,0.34047846625483685,25.811705833695267,0.12339606432119081,9.354667707268169,0.1180009778777935,8.945665676226065,0.03553112788471744,2.6936182807323283,0.009393624624879787,0.7121316017327091,0.04176414328526365,3.1661437879853307,0.0572731792465284,4.341885321362495,0.4104023931294027,0.4104023931294027,0.7568062228323038,0.7568062228323038
1643573,CHA,G,undrafted,0.0,1,3.631531221536282,20.87551867219917,75.81009782385492,0.34047846625483685,25.811705833695267,0.12339606432119081,9.354667707268169,0.1180009778777935,8.945665676226065,0.03553112788471744,2.6936182807323283,0.009393624624879787,0.7121316017327091,0.04176414328526365,3.1661437879853307,0.0572731792465284,4.341885321362495,0.4104023931294027,0.4104023931294027,0.7568062228323038,0.7568062228323038
1631126,PHI,G,undrafted,0.0,1,3.631531221536282,20.87551867219917,75.81009782385492,0.34047846625483685,25.811705833695267,0.12339606432119081,9.354667707268169,0.1180009778777935,8.945665676226065,0.03553112788471744,2.6936182807323283,0.009393624624879787,0.7121316017327091,0.04176414328526365,3.1661437879853307,0.0572731792465284,4.341885321362495,0.4104023931294027,0.4104023931294027,0.7568062228323038,0.7568062228323038
1643575,PHI,G,undrafted,0.0,1,3.631531221536282,20.87551867219917,75.81009782385492,0.34047846625483685,25.811705833695267,0.12339606432119081,9.354667707268169,0.1180009778777935,8.945665676226065,0.03553112788471744,2.6936182807323283,0.009393624624879787,0.7121316017327091,0.04176414328526365,3.1661437879853307,0.0572731792465284,4.341885321362495,0.4104023931294027,0.4104023931294027,0.7568062228323038,0.7568062228323038
1642870,BOS,G,undrafted,0.0,1,3.631531221536282,20.87551867219917,75.81009782385492,0.34047846625483685,25.811705833695267,0.12339606432119081,9.354667707268169,0.1180009778777935,8.945665676226065,0.03553112788471744,2.6936182807323283,0.009393624624879787,0.7121316017327091,0.04176414328526365,3.1661437879853307,0.0572731792465284,4.341885321362495,0.4104023931294027,0.4104023931294027,0.7568062228323038,0.7568062228323038
1642933,ATL,G,undrafted,0.0,1,3.631531221536282,20.87551867219917,75.81009782385492,0.34047846625483685,25.811705833695267,0.12339606432119081,9.354667707268169,0.1180009778777935,8.945665676226065,0.03553112788471744,2.6936182807323283,0.009393624624879787,0.7121316017327091,0.04176414328526365,3.1661437879853307,0.0572731792465284,4.341885321362495,0.4104023931294027,0.4104023931294027,0.7568062228323038,0.7568062228323038
1642959,POR,G,undrafted,0.0,1,3.631531221536282,20.87551867219917,75.81009782385492,0.34047846625483685,25.811705833695267,0.12339606432119081,9.354667707268169,0.1180009778777935,8.945665676226065,0.03553112788471744,2.6936182807323283,0.009393624624879787,0.7121316017327091,0.04176414328526365,3.1661437879853307,0.0572731792465284,4.341885321362495,0.4104023931294027,0.4104023931294027,0.7568062228323038,0.7568062228323038
1643621,MIA,G,undrafted,0.0,1,3.631531221536282,20.87551867219917,75.81009782385492,0.34047846625483685,25.811705833695267,0.12339606432119081,9.354667707268169,0.1180009778777935,8.945665676226065,0.03553112788471744,2.6936182807323283,0.009393624624879787,0.7121316017327091,0.04176414328526365,3.1661437879853307,0.0572731792465284,4.341885321362495,0.4104023931294027,0.4104023931294027,0.7568062228323038,0.7568062228323038
1643018,GSW,G,undrafted,0.0,1,3.631531221536282,20.87551867219917,75.81009782385492,0.34047846625483685,25.811705833695267,0.12339606432119081,9.354667707268169,0.1180009778777935,8.945665676226065,0.03553112788471744,2.6936182807323283,0.009393624624879787,0.7121316017327091,0.04176414328526365,3.1661437879853307,0.0572731792465284,4.341885321362495,0.4104023931294027,0.4104023931294027,0.7568062228323038,0.7568062228323038
1631457,ORL,G,undrafted,0.0,1,3.631531221536282,20.87551867219917,75.81009782385492,0.34047846625483685,25.811705833695267,0.12339606432119081,9.354667707268169,0.1180009778777935,8.945665676226065,0.03553112788471744,2.6936182807323283,0.009393624624879787,0.7121316017327091,0.04176414328526365,3.1661437879853307,0.0572731792465284,4.341885321362495,0.4104023931294027,0.4104023931294027,0.7568062228323038,0.7568062228323038
1643595,HOU,G,undrafted,0.0,1,3.631531221536282,20.87551867219917,75.81009782385492,0.34047846625483685,25.811705833695267,0.12339606432119081,9.354667707268169,0.1180009778777935,8.945665676226065,0.03553112788471744,2.6936182807323283,0.009393624624879787,0.7121316017327091,0.04176414328526365,3.1661437879853307,0.0572731792465284,4.341885321362495,0.4104023931294027,0.4104023931294027,0.7568062228323038,0.7568062228323038
1642935,TOR,G,undrafted,0.0,1,3.631531221536282,20.87551867219917,75.81009782385492,0.34047846625483685,25.811705833695267,0.12339606432119081,9.354667707268169,0.1180009778777935,8.945665676226065,0.03553112788471744,2.6936182807323283,0.009393624624879787,0.7121316017327091,0.04176414328526365,3.1661437879853307,0.0572731792465284,4.341885321362495,0.4104023931294027,0.4104023931294027,0.7568062228323038,0.7568062228323038
1643052,BKN,G,undrafted,0.0,1,3.631531221536282,20.87551867219917,75.81009782385492,0.34047846625483685,25.811705833695267,0.12339606432119081,9.354667707268169,0.1180009778777935,8.945665676226065,0.03553112788471744,2.6936182807323283,0.009393624624879787,0.7121316017327091,0.04176414328526365,3.1661437879853307,0.0572731792465284,4.341885321362495,0.4104023931294027,0.4104023931294027,0.7568062228323038,0.7568062228323038
1642967,DAL,G,undrafted,0.0,1,3.631531221536282,20.87551867219917,75.81009782385492,0.34047846625483685,25.811705833695267,0.12339606432119081,9.354667707268169,0.1180009778777935,8.945665676226065,0.03553112788471744,2.6936182807323283,0.009393624624879787,0.7121316017327091,0.04176414328526365,3.1661437879853307,0.0572731792465284,4.341885321362495,0.4104023931294027,0.4104023931294027,0.7568062228323038,0.7568062228323038
1642938,DEN,G,undrafted,0.0,1,3.631531221536282,20.87551867219917,75.81009782385492,0.34047846625483685,25.811705833695267,0.12339606432119081,9.354667707268169,0.1180009778777935,8.945665676226065,0.03553112788471744,2.6936182807323283,0.009393624624879787,0.7121316017327091,0.04176414328526365,3.1661437879853307,0.0572731792465284,4.341885321362495,0.4104023931294027,0.4104023931294027,0.7568062228323038,0.7568062228323038
1642504,MIL,G,undrafted,0.0,1,3.631531221536282,20.87551867219917,75.81009782385492,0.34047846625483685,25.811705833695267,0.12339606432119081,9.354667707268169,0.1180009778777935,8.945665676226065,0.03553112788471744,2.6936182807323283,0.009393624624879787,0.7121316017327091,0.04176414328526365,3.1661437879853307,0.0572731792465284,4.341885321362495,0.4104023931294027,0.4104023931294027,0.7568062228323038,0.7568062228323038
1643060,UTA,G,undrafted,0.0,1,3.631531221536282,20.87551867219917,75.81009782385492,0.34047846625483685,25.811705833695267,0.12339606432119081,9.354667707268169,0.1180009778777935,8.945665676226065,0.03553112788471744,2.6936182807323283,0.009393624624879787,0.7121316017327091,0.04176414328526365,3.1661437879853307,0.0572731792465284,4.341885321362495,0.4104023931294027,0.4104023931294027,0.7568062228323038,0.7568062228323038
1642926,UTA,G,undrafted,0.0,1,3.631531221536282,20.87551867219917,75.81009782385492,0.34047846625483685,25.811705833695267,0.12339606432119081,9.354667707268169,0.1180009778777935,8.945665676226065,0.03553112788471744,2.6936182807323283,0.009393624624879787,0.7121316017327091,0.04176414328526365,3.1661437879853307,0.0572731792465284,4.341885321362495,0.4104023931294027,0.4104023931294027,0.7568062228323038,0.7568062228323038
1642357,SAS,G,undrafted,0.0,1,3.631531221536282,20.87551867219917,75.81009782385492,0.34047846625483685,25.811705833695267,0.12339606432119081,9.354667707268169,0.1180009778777935,8.945665676226065,0.03553112788471744,2.6936182807323283,0.009393624624879787,0.7121316017327091,0.04176414328526365,3.1661437879853307,0.0572731792465284,4.341885321362495,0.4104023931294027,0.4104023931294027,0.7568062228323038,0.7568062228323038
1643016,UTA,G,undrafted,0.0,1,3.631531221536282,20.87551867219917,75.81009782385492,0.34047846625483685,25.811705833695267,0.12339606432119081,9.354667707268169,0.1180009778777935,8.945665676226065,0.03553112788471744,2.6936182807323283,0.009393624624879787,0.7121316017327091,0.04176414328526365,3.1661437879853307,0.0572731792465284,4.341885321362495,0.4104023931294027,0.4104023931294027,0.7568062228323038,0.7568062228323038
1643813,DEN,UNK,undrafted,0.0,1,3.6167294432437993,21.565400843881857,77.99622018742218,0.3411263820500298,26.606568406112828,0.1623704798509467,12.664283698391834,0.08629340710805466,6.730559581522694,0.032390448249186764,2.526332533612874,0.017983283768126527,1.402628160471692,0.036479319112627896,2.845249005795764,0.052142220649744137,4.066896122858595,0.4361704901885478,0.4361704901885478,0.7243938258246887,0.7243938258246887
1643717,OKC,UNK,undrafted,0.0,1,3.6167294432437993,21.565400843881857,77.99622018742218,0.3411263820500298,26.606568406112828,0.1623704798509467,12.664283698391834,0.08629340710805466,6.730559581522694,0.032390448249186764,2.526332533612874,0.017983283768126527,1.402628160471692,0.036479319112627896,2.845249005795764,0.052142220649744137,4.066896122858595,0.4361704901885478,0.4361704901885478,0.7243938258246887,0.7243938258246887
1643637,CHI,UNK,undrafted,0.0,1,3.6167294432437993,21.565400843881857,77.99622018742218,0.3411263820500298,26.606568406112828,0.1623704798509467,12.664283698391834,0.08629340710805466,6.730559581522694,0.032390448249186764,2.526332533612874,0.017983283768126527,1.402628160471692,0.036479319112627896,2.845249005795764,0.052142220649744137,4.066896122858595,0.4361704901885478,0.4361704901885478,0.7243938258246887,0.7243938258246887
1643620,BOS,UNK,undrafted,0.0,1,3.6167294432437993,21.565400843881857,77.99622018742218,0.3411263820500298,26.606568406112828,0.1623704798509467,12.664283698391834,0.08629340710805466,6.730559581522694,0.032390448249186764,2.526332533612874,0.017983283768126527,1.402628160471692,0.036479319112627896,2.845249005795764,0.052142220649744137,4.066896122858595,0.4361704901885478,0.4361704901885478,0.7243938258246887,0.7243938258246887
1643047,PHX,F,undrafted,0.0,1,3.574961595472308,21.408839779005525,76.5357800135646,0.34112360208790754,26.108160966834838,0.18358450527775763,14.050783309837549,0.056543869294798786,4.32762914146247,0.02994430320022071,2.2918106023915708,0.019811135164190963,1.5162606827455136,0.03580254097105041,2.740175399686948,0.04474822837785791,3.4248405631244823,0.4509423503325942,0.4509423503325942,0.7055896985659935,0.7055896985659935
1643591,CHI,F,undrafted,0.0,1,3.574961595472308,21.408839779005525,76.5357800135646,0.34112360208790754,26.108160966834838,0.18358450527775763,14.050783309837549,0.056543869294798786,4.32762914146247,0.02994430320022071,2.2918106023915708,0.019811135164190963,1.5162606827455136,0.03580254097105041,2.740175399686948,0.04474822837785791,3.4248405631244823,0.4509423503325942,0.4509423503325942,0.7055896985659935,0.7055896985659935
1642066,MIA,F,undrafted,0.0,1,3.574961595472308,21.408839779005525,76.5357800135646,0.34112360208790754,26.108160966834838,0.18358450527775763,14.050783309837549,0.056543869294798786,4.32762914146247,0.02994430320022071,2.2918106023915708,0.019811135164190963,1.5162606827455136,0.03580254097105041,2.740175399686948,0.04474822837785791,3.4248405631244823,0.4509423503325942,0.4509423503325942,0.7055896985659935,0.7055896985659935
1641751,LAL,F,undrafted,0.0,1,3.574961595472308,21.408839779005525,76.5357800135646,0.34112360208790754,26.108160966834838,0.18358450527775763,14.050783309837549,0.056543869294798786,4.32762914146247,0.02994430320022071,2.2918106023915708,0.019811135164190963,1.5162606827455136,0.03580254097105041,2.740175399686948,0.04474822837785791,3.4248405631244823,0.4509423503325942,0.4509423503325942,0.7055896985659935,0.7055896985659935
1643257,POR,F,undrafted,0.0,1,3.574961595472308,21.408839779005525,76.5357800135646,0.34112360208790754,26.108160966834838,0.18358450527775763,14.050783309837549,0.056543869294798786,4.32762914146247,0.02994430320022071,2.2918106023915708,0.019811135164190963,1.5162606827455136,0.03580254097105041,2.740175399686948,0.04474822837785791,3.4248405631244823,0.4509423503325942,0.4509423503325942,0.7055896985659935,0.7055896985659935
1642396,UTA,F,undrafted,0.0,1,3.574961595472308,21.408839779005525,76.5357800135646,0.34112360208790754,26.108160966834838,0.18358450527775763,14.050783309837549,0.056543869294798786,4.32762914146247,0.02994430320022071,2.2918106023915708,0.019811135164190963,1.5162606827455136,0.03580254097105041,2.740175399686948,0.04474822837785791,3.4248405631244823,0.4509423503325942,0.4509423503325942,0.7055896985659935,0.7055896985659935
1641807,LAC,F,undrafted,0.0,1,3.574961595472308,21.408839779005525,76.5357800135646,0.34112360208790754,26.108160966834838,0.18358450527775763,14.050783309837549,0.056543869294798786,4.32762914146247,0.02994430320022071,2.2918106023915708,0.019811135164190963,1.5162606827455136,0.03580254097105041,2.740175399686948,0.04474822837785791,3.4248405631244823,0.4509423503325942,0.4509423503325942,0.7055896985659935,0.7055896985659935
1630828,MIL,F,undrafted,0.0,1,3.574961595472308,21.408839779005525,76.5357800135646,0.34112360208790754,26.108160966834838,0.18358450527775763,14.050783309837549,0.056543869294798786,4.32762914146247,0.02994430320022071,2.2918106023915708,0.019811135164190963,1.5162606827455136,0.03580254097105041,2.740175399686948,0.04474822837785791,3.4248405631244823,0.4509423503325942,0.4509423503325942,0.7055896985659935,0.7055896985659935
1642400,CLE,F,undrafted,0.0,1,3.574961595472308,21.408839779005525,76.5357800135646,0.34112360208790754,26.108160966834838,0.18358450527775763,14.050783309837549,0.056543869294798786,4.32762914146247,0.02994430320022071,2.2918106023915708,0.019811135164190963,1.5162606827455136,0.03580254097105041,2.740175399686948,0.04474822837785791,3.4248405631244823,0.4509423503325942,0.4509423503325942,0.7055896985659935,0.7055896985659935
1643758,LAL,F,undrafted,0.0,1,3.574961595472308,21.408839779005525,76.5357800135646,0.34112360208790754,26.108160966834838,0.18358450527775763,14.050783309837549,0.056543869294798786,4.32762914146247,0.02994430320022071,2.2918106023915708,0.019811135164190963,1.5162606827455136,0.03580254097105041,2.740175399686948,0.04474822837785791,3.4248405631244823,0.4509423503325942,0.4509423503325942,0.7055896985659935,0.7055896985659935
1642882,WAS,F,undrafted,0.0,1,3.574961595472308,21.408839779005525,76.5357800135646,0.34112360208790754,26.108160966834838,0.18358450527775763,14.050783309837549,0.056543869294798786,4.32762914146247,0.02994430320022071,2.2918106023915708,0.019811135164190963,1.5162606827455136,0.03580254097105041,2.740175399686948,0.04474822837785791,3.4248405631244823,0.4509423503325942,0.4509423503325942,0.7055896985659935,0.7055896985659935
1641750,CHA,C,second_round,0.0,1,3.460593017694883,21.725490196078432,75.18307967854766,0.36508408018953364,27.44814549025899,0.27017236257725163,20.312390262586977,0.05028147482665933,3.7803161282476165,0.023981510327988814,1.8030038018010965,0.05078863667649595,3.8184461180138025,0.014562790259594416,1.0948754204290647,0.04470269447845649,3.3608862408195668,0.546875,0.546875,0.6526845637583892,0.6526845637583892
1642875,SAC,C,second_round,0.0,1,3.460593017694883,21.725490196078432,75.18307967854766,0.36508408018953364,27.44814549025899,0.27017236257725163,20.312390262586977,0.05028147482665933,3.7803161282476165,0.023981510327988814,1.8030038018010965,0.05078863667649595,3.8184461180138025,0.014562790259594416,1.0948754204290647,0.04470269447845649,3.3608862408195668,0.546875,0.546875,0.6526845637583892,0.6526845637583892
1642911,MIN,C,second_round,0.0,1,3.460593017694883,21.725490196078432,75.18307967854766,0.36508408018953364,27.44814549025899,0.27017236257725163,20.312390262586977,0.05028147482665933,3.7803161282476165,0.023981510327988814,1.8030038018010965,0.05078863667649595,3.8184461180138025,0.014562790259594416,1.0948754204290647,0.04470269447845649,3.3608862408195668,0.546875,0.546875,0.6526845637583892,0.6526845637583892
1643712,LAC,C,second_round,0.0,1,3.460593017694883,21.725490196078432,75.18307967854766,0.36508408018953364,27.44814549025899,0.27017236257725163,20.312390262586977,0.05028147482665933,3.7803161282476165,0.023981510327988814,1.8030038018010965,0.05078863667649595,3.8184461180138025,0.014562790259594416,1.0948754204290647,0.04470269447845649,3.3608862408195668,0.546875,0.546875,0.6526845637583892,0.6526845637583892
1643590,WAS,C,second_round,0.0,1,3.460593017694883,21.725490196078432,75.18307967854766,0.36508408018953364,27.44814549025899,0.27017236257725163,20.312390262586977,0.05028147482665933,3.7803161282476165,0.023981510327988814,1.8030038018010965,0.05078863667649595,3.8184461180138025,0.014562790259594416,1.0948754204290647,0.04470269447845649,3.3608862408195668,0.546875,0.546875,0.6526845637583892,0.6526845637583892
1642391,DET,C,second_round,0.0,1,3.460593017694883,21.725490196078432,75.18307967854766,0.36508408018953364,27.44814549025899,0.27017236257725163,20.312390262586977,0.05028147482665933,3.7803161282476165,0.023981510327988814,1.8030038018010965,0.05078863667649595,3.8184461180138025,0.014562790259594416,1.0948754204290647,0.04470269447845649,3.3608862408195668,0.546875,0.546875,0.6526845637583892,0.6526845637583892
1643539,ATL,C,second_round,0.0,1,3.460593017694883,21.725490196078432,75.18307967854766,0.36508408018953364,27.44814549025899,0.27017236257725163,20.312390262586977,0.05028147482665933,3.7803161282476165,0.023981510327988814,1.8030038018010965,0.05078863667649595,3.8184461180138025,0.014562790259594416,1.0948754204290647,0.04470269447845649,3.3608862408195668,0.546875,0.546875,0.6526845637583892,0.6526845637583892
